2026-09-24 17:54:58,107 - RH56DFTP - INFO - 正在初始化连接到设备: 192.168.123.211:6000
2026-09-24 17:55:01,111 - pymodbus.logging - ERROR - Connection to (192.168.123.211, 6000) failed: timed out
2026-09-24 17:55:01,111 - RH56DFTP - WARNING - 连接失败：无法连接到 192.168.123.211:6000，将以离线模式初始化
2026-09-24 17:55:01,112 - RH56DFTP - INFO - 已加载 71 个寄存器，动态注入了 71 个方法
2026-09-24 17:55:01,112 - RH56DFTP - INFO - 正在初始化连接到设备: 192.168.123.210:6000
2026-09-24 17:55:01,113 - RH56DFTP - INFO - 成功连接到 192.168.123.210:6000
2026-09-24 17:55:01,113 - RH56DFTP - INFO - 已加载 71 个寄存器，动态注入了 71 个方法
2026-09-24 17:55:03,625 - RH56DFTP - INFO - 开始设置寄存器: POS_SET(0), 值: 1
2026-09-24 17:55:03,628 - RH56DFTP - INFO - 成功设置寄存器 POS_SET(0): 值=1, 起始地址=1474
2026-09-24 17:55:03,628 - RH56DFTP - INFO - 开始设置寄存器: POS_SET(1), 值: 0
2026-09-24 17:55:03,630 - RH56DFTP - INFO - 成功设置寄存器 POS_SET(1): 值=0, 起始地址=1476
2026-09-24 17:55:03,630 - RH56DFTP - INFO - 开始设置寄存器: POS_SET(2), 值: 0
2026-09-24 17:55:03,636 - RH56DFTP - INFO - 成功设置寄存器 POS_SET(2): 值=0, 起始地址=1478
2026-09-24 17:55:03,636 - RH56DFTP - INFO - 开始设置寄存器: POS_SET(3), 值: 0
2026-09-24 17:55:03,638 - RH56DFTP - INFO - 成功设置寄存器 POS_SET(3): 值=0, 起始地址=1480
2026-09-24 17:55:03,638 - RH56DFTP - INFO - 开始设置寄存器: POS_SET(4), 值: 0
2026-09-24 17:55:03,640 - RH56DFTP - INFO - 成功设置寄存器 POS_SET(4): 值=0, 起始地址=1482
2026-09-24 17:55:03,640 - RH56DFTP - INFO - 开始设置寄存器: POS_SET(5), 值: 0
2026-09-24 17:55:03,642 - RH56DFTP - INFO - 成功设置寄存器 POS_SET(5): 值=0, 起始地址=1484
2026-09-24 17:55:03,642 - RH56DFTP - INFO - 开始设置寄存器: POS_SET(0), 值: 1
2026-09-24 17:55:06,643 - pymodbus.logging - ERROR - Repeating....
2026-09-24 17:56:39,264 - RH56DFTP - INFO - 正在初始化连接到设备: 192.168.123.210:6000
2026-09-24 17:56:39,264 - RH56DFTP - INFO - 成功连接到 192.168.123.210:6000
2026-09-24 17:56:39,265 - RH56DFTP - INFO - 已加载 71 个寄存器，动态注入了 71 个方法
2026-09-24 17:56:41,482 - RH56DFTP - INFO - 开始设置寄存器: POS_SET(0), 值: 1
2026-09-24 17:56:41,651 - RH56DFTP - INFO - 成功设置寄存器 POS_SET(0): 值=1, 起始地址=1474
2026-09-24 17:56:41,651 - RH56DFTP - INFO - 开始设置寄存器: POS_SET(1), 值: 0
2026-09-24 17:56:41,657 - RH56DFTP - INFO - 成功设置寄存器 POS_SET(1): 值=0, 起始地址=1476
2026-09-24 17:56:41,657 - RH56DFTP - INFO - 开始设置寄存器: POS_SET(2), 值: 0
2026-09-24 17:56:41,659 - RH56DFTP - INFO - 成功设置寄存器 POS_SET(2): 值=0, 起始地址=1478
2026-09-24 17:56:41,659 - RH56DFTP - INFO - 开始设置寄存器: POS_SET(3), 值: 0
2026-09-24 17:56:41,661 - RH56DFTP - INFO - 成功设置寄存器 POS_SET(3): 值=0, 起始地址=1480
2026-09-24 17:56:41,661 - RH56DFTP - INFO - 开始设置寄存器: POS_SET(4), 值: 0
2026-09-24 17:56:41,663 - RH56DFTP - INFO - 成功设置寄存器 POS_SET(4): 值=0, 起始地址=1482
2026-09-24 17:56:41,663 - RH56DFTP - INFO - 开始设置寄存器: POS_SET(5), 值: 0
2026-09-24 17:56:41,664 - RH56DFTP - INFO - 成功设置寄存器 POS_SET(5): 值=0, 起始地址=1484
2026-09-24 17:56:41,719 - RH56DFTP - INFO - 开始设置寄存器: POS_SET(0), 值: 1
2026-09-24 17:56:41,721 - RH56DFTP - INFO - 成功设置寄存器 POS_SET(0): 值=1, 起始地址=1474
2026-09-24 17:56:41,721 - RH56DFTP - INFO - 开始设置寄存器: POS_SET(1), 值: 0
2026-09-24 17:56:41,722 - RH56DFTP - INFO - 成功设置寄存器 POS_SET(1): 值=0, 起始地址=1476
2026-09-24 17:56:41,723 - RH56DFTP - INFO - 开始设置寄存器: POS_SET(2), 值: 0
2026-09-24 17:56:41,724 - RH56DFTP - INFO - 成功设置寄存器 POS_SET(2): 值=0, 起始地址=1478
2026-09-24 17:56:41,724 - RH56DFTP - INFO - 开始设置寄存器: POS_SET(3), 值: 0
2026-09-24 17:56:41,725 - RH56DFTP - INFO - 成功设置寄存器 POS_SET(3): 值=0, 起始地址=1480
2026-09-24 17:56:41,725 - RH56DFTP - INFO - 开始设置寄存器: POS_SET(4), 值: 0
2026-09-24 17:56:41,727 - RH56DFTP - INFO - 成功设置寄存器 POS_SET(4): 值=0, 起始地址=1482
2026-09-24 17:56:41,727 - RH56DFTP - INFO - 开始设置寄存器: POS_SET(5), 值: 0
2026-09-24 17:56:41,729 - RH56DFTP - INFO - 成功设置寄存器 POS_SET(5): 值=0, 起始地址=1484
2026-09-24 17:56:41,965 - RH56DFTP - INFO - 开始设置寄存器: POS_SET(0), 值: 1
2026-09-24 17:56:41,968 - RH56DFTP - INFO - 成功设置寄存器 POS_SET(0): 值=1, 起始地址=1474
2026-09-24 17:56:41,968 - RH56DFTP - INFO - 开始设置寄存器: POS_SET(1), 值: 0
2026-09-24 17:56:41,970 - RH56DFTP - INFO - 成功设置寄存器 POS_SET(1): 值=0, 起始地址=1476
2026-09-24 17:56:41,970 - RH56DFTP - INFO - 开始设置寄存器: POS_SET(2), 值: 0
2026-09-24 17:56:41,971 - RH56DFTP - INFO - 成功设置寄存器 POS_SET(2): 值=0, 起始地址=1478
2026-09-24 17:56:41,971 - RH56DFTP - INFO - 开始设置寄存器: POS_SET(3), 值: 0
2026-09-24 17:56:41,972 - RH56DFTP - INFO - 成功设置寄存器 POS_SET(3): 值=0, 起始地址=1480
2026-09-24 17:56:41,973 - RH56DFTP - INFO - 开始设置寄存器: POS_SET(4), 值: 0
2026-09-24 17:56:41,974 - RH56DFTP - INFO - 成功设置寄存器 POS_SET(4): 值=0, 起始地址=1482
2026-09-24 17:56:41,974 - RH56DFTP - INFO - 开始设置寄存器: POS_SET(5), 值: 0
2026-09-24 17:56:41,975 - RH56DFTP - INFO - 成功设置寄存器 POS_SET(5): 值=0, 起始地址=1484
2026-09-24 17:57:35,205 - RH56DFTP - INFO - 开始设置寄存器: POS_SET(0), 值: 1
2026-09-24 17:57:35,214 - RH56DFTP - INFO - 成功设置寄存器 POS_SET(0): 值=1, 起始地址=1474
2026-09-24 17:57:35,214 - RH56DFTP - INFO - 开始设置寄存器: POS_SET(1), 值: 0
2026-09-24 17:57:35,217 - RH56DFTP - INFO - 成功设置寄存器 POS_SET(1): 值=0, 起始地址=1476
2026-09-24 17:57:35,217 - RH56DFTP - INFO - 开始设置寄存器: POS_SET(2), 值: 0
2026-09-24 17:57:35,219 - RH56DFTP - INFO - 成功设置寄存器 POS_SET(2): 值=0, 起始地址=1478
2026-09-24 17:57:35,219 - RH56DFTP - INFO - 开始设置寄存器: POS_SET(3), 值: 0
2026-09-24 17:57:35,226 - RH56DFTP - INFO - 成功设置寄存器 POS_SET(3): 值=0, 起始地址=1480
2026-09-24 17:57:35,227 - RH56DFTP - INFO - 开始设置寄存器: POS_SET(4), 值: 0
2026-09-24 17:57:35,228 - RH56DFTP - INFO - 成功设置寄存器 POS_SET(4): 值=0, 起始地址=1482
2026-09-24 17:57:35,229 - RH56DFTP - INFO - 开始设置寄存器: POS_SET(5), 值: 0
2026-09-24 17:57:35,230 - RH56DFTP - INFO - 成功设置寄存器 POS_SET(5): 值=0, 起始地址=1484
2026-09-24 17:57:35,951 - RH56DFTP - INFO - 开始设置寄存器: POS_SET(0), 值: 1
2026-09-24 17:57:35,958 - RH56DFTP - INFO - 成功设置寄存器 POS_SET(0): 值=1, 起始地址=1474
2026-09-24 17:57:35,958 - RH56DFTP - INFO - 开始设置寄存器: POS_SET(1), 值: 0
2026-09-24 17:57:35,960 - RH56DFTP - INFO - 成功设置寄存器 POS_SET(1): 值=0, 起始地址=1476
2026-09-24 17:57:35,960 - RH56DFTP - INFO - 开始设置寄存器: POS_SET(2), 值: 0
2026-09-24 17:57:35,962 - RH56DFTP - INFO - 成功设置寄存器 POS_SET(2): 值=0, 起始地址=1478
2026-09-24 17:57:35,962 - RH56DFTP - INFO - 开始设置寄存器: POS_SET(3), 值: 0
2026-09-24 17:57:35,969 - RH56DFTP - INFO - 成功设置寄存器 POS_SET(3): 值=0, 起始地址=1480
2026-09-24 17:57:35,969 - RH56DFTP - INFO - 开始设置寄存器: POS_SET(4), 值: 0
2026-09-24 17:57:35,971 - RH56DFTP - INFO - 成功设置寄存器 POS_SET(4): 值=0, 起始地址=1482
2026-09-24 17:57:35,972 - RH56DFTP - INFO - 开始设置寄存器: POS_SET(5), 值: 0
2026-09-24 17:57:35,973 - RH56DFTP - INFO - 成功设置寄存器 POS_SET(5): 值=0, 起始地址=1484
2026-09-24 17:57:36,373 - RH56DFTP - INFO - 开始设置寄存器: POS_SET(0), 值: 1
2026-09-24 17:57:36,375 - RH56DFTP - INFO - 成功设置寄存器 POS_SET(0): 值=1, 起始地址=1474
2026-09-24 17:57:36,376 - RH56DFTP - INFO - 开始设置寄存器: POS_SET(1), 值: 0
2026-09-24 17:57:36,378 - RH56DFTP - INFO - 成功设置寄存器 POS_SET(1): 值=0, 起始地址=1476
2026-09-24 17:57:36,378 - RH56DFTP - INFO - 开始设置寄存器: POS_SET(2), 值: 0
2026-09-24 17:57:36,380 - RH56DFTP - INFO - 成功设置寄存器 POS_SET(2): 值=0, 起始地址=1478
2026-09-24 17:57:36,380 - RH56DFTP - INFO - 开始设置寄存器: POS_SET(3), 值: 0
2026-09-24 17:57:36,382 - RH56DFTP - INFO - 成功设置寄存器 POS_SET(3): 值=0, 起始地址=1480
2026-09-24 17:57:36,382 - RH56DFTP - INFO - 开始设置寄存器: POS_SET(4), 值: 0
2026-09-24 17:57:36,392 - RH56DFTP - INFO - 成功设置寄存器 POS_SET(4): 值=0, 起始地址=1482
2026-09-24 17:57:36,392 - RH56DFTP - INFO - 开始设置寄存器: POS_SET(5), 值: 0
2026-09-24 17:57:36,394 - RH56DFTP - INFO - 成功设置寄存器 POS_SET(5): 值=0, 起始地址=1484
2026-09-24 17:57:36,699 - RH56DFTP - INFO - 开始设置寄存器: POS_SET(0), 值: 1
2026-09-24 17:57:36,702 - RH56DFTP - INFO - 成功设置寄存器 POS_SET(0): 值=1, 起始地址=1474
2026-09-24 17:57:36,702 - RH56DFTP - INFO - 开始设置寄存器: POS_SET(1), 值: 0
2026-09-24 17:57:36,704 - RH56DFTP - INFO - 成功设置寄存器 POS_SET(1): 值=0, 起始地址=1476
2026-09-24 17:57:36,704 - RH56DFTP - INFO - 开始设置寄存器: POS_SET(2), 值: 0
2026-09-24 17:57:36,706 - RH56DFTP - INFO - 成功设置寄存器 POS_SET(2): 值=0, 起始地址=1478
2026-09-24 17:57:36,706 - RH56DFTP - INFO - 开始设置寄存器: POS_SET(3), 值: 0
2026-09-24 17:57:36,713 - RH56DFTP - INFO - 成功设置寄存器 POS_SET(3): 值=0, 起始地址=1480
2026-09-24 17:57:36,713 - RH56DFTP - INFO - 开始设置寄存器: POS_SET(4), 值: 0
2026-09-24 17:57:36,716 - RH56DFTP - INFO - 成功设置寄存器 POS_SET(4): 值=0, 起始地址=1482
2026-09-24 17:57:36,716 - RH56DFTP - INFO - 开始设置寄存器: POS_SET(5), 值: 0
2026-09-24 17:57:36,717 - RH56DFTP - INFO - 成功设置寄存器 POS_SET(5): 值=0, 起始地址=1484
2026-09-24 17:57:37,071 - RH56DFTP - INFO - 开始设置寄存器: POS_SET(0), 值: 1
2026-09-24 17:57:37,074 - RH56DFTP - INFO - 成功设置寄存器 POS_SET(0): 值=1, 起始地址=1474
2026-09-24 17:57:37,075 - RH56DFTP - INFO - 开始设置寄存器: POS_SET(1), 值: 0
2026-09-24 17:57:37,076 - RH56DFTP - INFO - 成功设置寄存器 POS_SET(1): 值=0, 起始地址=1476
2026-09-24 17:57:37,076 - RH56DFTP - INFO - 开始设置寄存器: POS_SET(2), 值: 0
2026-09-24 17:57:37,078 - RH56DFTP - INFO - 成功设置寄存器 POS_SET(2): 值=0, 起始地址=1478
2026-09-24 17:57:37,078 - RH56DFTP - INFO - 开始设置寄存器: POS_SET(3), 值: 0
2026-09-24 17:57:37,085 - RH56DFTP - INFO - 成功设置寄存器 POS_SET(3): 值=0, 起始地址=1480
2026-09-24 17:57:37,085 - RH56DFTP - INFO - 开始设置寄存器: POS_SET(4), 值: 0
2026-09-24 17:57:37,088 - RH56DFTP - INFO - 成功设置寄存器 POS_SET(4): 值=0, 起始地址=1482
2026-09-24 17:57:37,088 - RH56DFTP - INFO - 开始设置寄存器: POS_SET(5), 值: 0
2026-09-24 17:57:37,090 - RH56DFTP - INFO - 成功设置寄存器 POS_SET(5): 值=0, 起始地址=1484
2026-09-24 17:57:37,379 - RH56DFTP - INFO - 开始设置寄存器: POS_SET(0), 值: 1
2026-09-24 17:57:37,389 - RH56DFTP - INFO - 成功设置寄存器 POS_SET(0): 值=1, 起始地址=1474
2026-09-24 17:57:37,389 - RH56DFTP - INFO - 开始设置寄存器: POS_SET(1), 值: 0
2026-09-24 17:57:37,396 - RH56DFTP - INFO - 成功设置寄存器 POS_SET(1): 值=0, 起始地址=1476
2026-09-24 17:57:37,396 - RH56DFTP - INFO - 开始设置寄存器: POS_SET(2), 值: 0
2026-09-24 17:57:37,397 - RH56DFTP - INFO - 成功设置寄存器 POS_SET(2): 值=0, 起始地址=1478
2026-09-24 17:57:37,397 - RH56DFTP - INFO - 开始设置寄存器: POS_SET(3), 值: 0
2026-09-24 17:57:37,399 - RH56DFTP - INFO - 成功设置寄存器 POS_SET(3): 值=0, 起始地址=1480
2026-09-24 17:57:37,399 - RH56DFTP - INFO - 开始设置寄存器: POS_SET(4), 值: 0
2026-09-24 17:57:37,401 - RH56DFTP - INFO - 成功设置寄存器 POS_SET(4): 值=0, 起始地址=1482
2026-09-24 17:57:37,401 - RH56DFTP - INFO - 开始设置寄存器: POS_SET(5), 值: 0
2026-09-24 17:57:37,403 - RH56DFTP - INFO - 成功设置寄存器 POS_SET(5): 值=0, 起始地址=1484
2026-09-24 17:57:37,687 - RH56DFTP - INFO - 开始设置寄存器: POS_SET(0), 值: 0
2026-09-24 17:57:37,695 - RH56DFTP - INFO - 成功设置寄存器 POS_SET(0): 值=0, 起始地址=1474
2026-09-24 17:57:37,695 - RH56DFTP - INFO - 开始设置寄存器: POS_SET(1), 值: 0
2026-09-24 17:57:37,697 - RH56DFTP - INFO - 成功设置寄存器 POS_SET(1): 值=0, 起始地址=1476
2026-09-24 17:57:37,697 - RH56DFTP - INFO - 开始设置寄存器: POS_SET(2), 值: 0
2026-09-24 17:57:37,698 - RH56DFTP - INFO - 成功设置寄存器 POS_SET(2): 值=0, 起始地址=1478
2026-09-24 17:57:37,699 - RH56DFTP - INFO - 开始设置寄存器: POS_SET(3), 值: 0
2026-09-24 17:57:37,705 - RH56DFTP - INFO - 成功设置寄存器 POS_SET(3): 值=0, 起始地址=1480
2026-09-24 17:57:37,705 - RH56DFTP - INFO - 开始设置寄存器: POS_SET(4), 值: 0
2026-09-24 17:57:37,707 - RH56DFTP - INFO - 成功设置寄存器 POS_SET(4): 值=0, 起始地址=1482
2026-09-24 17:57:37,708 - RH56DFTP - INFO - 开始设置寄存器: POS_SET(5), 值: 0
2026-09-24 17:57:37,709 - RH56DFTP - INFO - 成功设置寄存器 POS_SET(5): 值=0, 起始地址=1484
2026-09-24 17:57:37,994 - RH56DFTP - INFO - 开始设置寄存器: POS_SET(0), 值: 0
2026-09-24 17:57:38,004 - RH56DFTP - INFO - 成功设置寄存器 POS_SET(0): 值=0, 起始地址=1474
2026-09-24 17:57:38,004 - RH56DFTP - INFO - 开始设置寄存器: POS_SET(1), 值: 0
2026-09-24 17:57:38,006 - RH56DFTP - INFO - 成功设置寄存器 POS_SET(1): 值=0, 起始地址=1476
2026-09-24 17:57:38,008 - RH56DFTP - INFO - 开始设置寄存器: POS_SET(2), 值: 0
2026-09-24 17:57:38,015 - RH56DFTP - INFO - 成功设置寄存器 POS_SET(2): 值=0, 起始地址=1478
2026-09-24 17:57:38,015 - RH56DFTP - INFO - 开始设置寄存器: POS_SET(3), 值: 0
2026-09-24 17:57:38,017 - RH56DFTP - INFO - 成功设置寄存器 POS_SET(3): 值=0, 起始地址=1480
2026-09-24 17:57:38,017 - RH56DFTP - INFO - 开始设置寄存器: POS_SET(4), 值: 0
2026-09-24 17:57:38,019 - RH56DFTP - INFO - 成功设置寄存器 POS_SET(4): 值=0, 起始地址=1482
2026-09-24 17:57:38,019 - RH56DFTP - INFO - 开始设置寄存器: POS_SET(5), 值: 0
2026-09-24 17:57:38,021 - RH56DFTP - INFO - 成功设置寄存器 POS_SET(5): 值=0, 起始地址=1484
2026-09-24 17:57:38,154 - RH56DFTP - INFO - 开始设置寄存器: POS_SET(0), 值: 0
2026-09-24 17:57:38,159 - RH56DFTP - INFO - 成功设置寄存器 POS_SET(0): 值=0, 起始地址=1474
2026-09-24 17:57:38,159 - RH56DFTP - INFO - 开始设置寄存器: POS_SET(1), 值: 0
2026-09-24 17:57:38,161 - RH56DFTP - INFO - 成功设置寄存器 POS_SET(1): 值=0, 起始地址=1476
2026-09-24 17:57:38,161 - RH56DFTP - INFO - 开始设置寄存器: POS_SET(2), 值: 0
2026-09-24 17:57:38,163 - RH56DFTP - INFO - 成功设置寄存器 POS_SET(2): 值=0, 起始地址=1478
2026-09-24 17:57:38,163 - RH56DFTP - INFO - 开始设置寄存器: POS_SET(3), 值: 0
2026-09-24 17:57:38,170 - RH56DFTP - INFO - 成功设置寄存器 POS_SET(3): 值=0, 起始地址=1480
2026-09-24 17:57:38,170 - RH56DFTP - INFO - 开始设置寄存器: POS_SET(4), 值: 0
2026-09-24 17:57:38,173 - RH56DFTP - INFO - 成功设置寄存器 POS_SET(4): 值=0, 起始地址=1482
2026-09-24 17:57:38,173 - RH56DFTP - INFO - 开始设置寄存器: POS_SET(5), 值: 0
2026-09-24 17:57:38,174 - RH56DFTP - INFO - 成功设置寄存器 POS_SET(5): 值=0, 起始地址=1484
2026-09-24 17:57:38,314 - RH56DFTP - INFO - 开始设置寄存器: POS_SET(0), 值: 0
2026-09-24 17:57:38,317 - RH56DFTP - INFO - 成功设置寄存器 POS_SET(0): 值=0, 起始地址=1474
2026-09-24 17:57:38,317 - RH56DFTP - INFO - 开始设置寄存器: POS_SET(1), 值: 0
2026-09-24 17:57:38,319 - RH56DFTP - INFO - 成功设置寄存器 POS_SET(1): 值=0, 起始地址=1476
2026-09-24 17:57:38,319 - RH56DFTP - INFO - 开始设置寄存器: POS_SET(2), 值: 0
2026-09-24 17:57:38,326 - RH56DFTP - INFO - 成功设置寄存器 POS_SET(2): 值=0, 起始地址=1478
2026-09-24 17:57:38,327 - RH56DFTP - INFO - 开始设置寄存器: POS_SET(3), 值: 0
2026-09-24 17:57:38,329 - RH56DFTP - INFO - 成功设置寄存器 POS_SET(3): 值=0, 起始地址=1480
2026-09-24 17:57:38,329 - RH56DFTP - INFO - 开始设置寄存器: POS_SET(4), 值: 0
2026-09-24 17:57:38,331 - RH56DFTP - INFO - 成功设置寄存器 POS_SET(4): 值=0, 起始地址=1482
2026-09-24 17:57:38,332 - RH56DFTP - INFO - 开始设置寄存器: POS_SET(5), 值: 0
2026-09-24 17:57:38,334 - RH56DFTP - INFO - 成功设置寄存器 POS_SET(5): 值=0, 起始地址=1484
2026-09-24 17:57:38,500 - RH56DFTP - INFO - 开始设置寄存器: POS_SET(0), 值: 0
2026-09-24 17:57:38,502 - RH56DFTP - INFO - 成功设置寄存器 POS_SET(0): 值=0, 起始地址=1474
2026-09-24 17:57:38,502 - RH56DFTP - INFO - 开始设置寄存器: POS_SET(1), 值: 0
2026-09-24 17:57:38,504 - RH56DFTP - INFO - 成功设置寄存器 POS_SET(1): 值=0, 起始地址=1476
2026-09-24 17:57:38,504 - RH56DFTP - INFO - 开始设置寄存器: POS_SET(2), 值: 0
2026-09-24 17:57:38,512 - RH56DFTP - INFO - 成功设置寄存器 POS_SET(2): 值=0, 起始地址=1478
2026-09-24 17:57:38,512 - RH56DFTP - INFO - 开始设置寄存器: POS_SET(3), 值: 0
2026-09-24 17:57:38,514 - RH56DFTP - INFO - 成功设置寄存器 POS_SET(3): 值=0, 起始地址=1480
2026-09-24 17:57:38,514 - RH56DFTP - INFO - 开始设置寄存器: POS_SET(4), 值: 0
2026-09-24 17:57:38,516 - RH56DFTP - INFO - 成功设置寄存器 POS_SET(4): 值=0, 起始地址=1482
2026-09-24 17:57:38,516 - RH56DFTP - INFO - 开始设置寄存器: POS_SET(5), 值: 0
2026-09-24 17:57:38,518 - RH56DFTP - INFO - 成功设置寄存器 POS_SET(5): 值=0, 起始地址=1484
2026-09-24 17:57:41,180 - RH56DFTP - INFO - 开始设置寄存器: POS_SET(0), 值: 0
2026-09-24 17:57:41,182 - RH56DFTP - INFO - 成功设置寄存器 POS_SET(0): 值=0, 起始地址=1474
2026-09-24 17:57:41,182 - RH56DFTP - INFO - 开始设置寄存器: POS_SET(1), 值: 0
2026-09-24 17:57:41,184 - RH56DFTP - INFO - 成功设置寄存器 POS_SET(1): 值=0, 起始地址=1476
2026-09-24 17:57:41,184 - RH56DFTP - INFO - 开始设置寄存器: POS_SET(2), 值: 0
2026-09-24 17:57:41,186 - RH56DFTP - INFO - 成功设置寄存器 POS_SET(2): 值=0, 起始地址=1478
2026-09-24 17:57:41,187 - RH56DFTP - INFO - 开始设置寄存器: POS_SET(3), 值: 0
2026-09-24 17:57:41,197 - RH56DFTP - INFO - 成功设置寄存器 POS_SET(3): 值=0, 起始地址=1480
2026-09-24 17:57:41,198 - RH56DFTP - INFO - 开始设置寄存器: POS_SET(4), 值: 0
2026-09-24 17:57:41,200 - RH56DFTP - INFO - 成功设置寄存器 POS_SET(4): 值=0, 起始地址=1482
2026-09-24 17:57:41,200 - RH56DFTP - INFO - 开始设置寄存器: POS_SET(5), 值: 0
2026-09-24 17:57:41,202 - RH56DFTP - INFO - 成功设置寄存器 POS_SET(5): 值=0, 起始地址=1484
2026-09-24 17:57:41,339 - RH56DFTP - INFO - 开始设置寄存器: POS_SET(0), 值: 0
2026-09-24 17:57:41,341 - RH56DFTP - INFO - 成功设置寄存器 POS_SET(0): 值=0, 起始地址=1474
2026-09-24 17:57:41,341 - RH56DFTP - INFO - 开始设置寄存器: POS_SET(1), 值: 0
2026-09-24 17:57:41,352 - RH56DFTP - INFO - 成功设置寄存器 POS_SET(1): 值=0, 起始地址=1476
2026-09-24 17:57:41,352 - RH56DFTP - INFO - 开始设置寄存器: POS_SET(2), 值: 0
2026-09-24 17:57:41,354 - RH56DFTP - INFO - 成功设置寄存器 POS_SET(2): 值=0, 起始地址=1478
2026-09-24 17:57:41,354 - RH56DFTP - INFO - 开始设置寄存器: POS_SET(3), 值: 0
2026-09-24 17:57:41,356 - RH56DFTP - INFO - 成功设置寄存器 POS_SET(3): 值=0, 起始地址=1480
2026-09-24 17:57:41,356 - RH56DFTP - INFO - 开始设置寄存器: POS_SET(4), 值: 0
2026-09-24 17:57:41,363 - RH56DFTP - INFO - 成功设置寄存器 POS_SET(4): 值=0, 起始地址=1482
2026-09-24 17:57:41,363 - RH56DFTP - INFO - 开始设置寄存器: POS_SET(5), 值: 0
2026-09-24 17:57:41,364 - RH56DFTP - INFO - 成功设置寄存器 POS_SET(5): 值=0, 起始地址=1484
2026-09-24 17:57:41,458 - RH56DFTP - INFO - 开始设置寄存器: POS_SET(0), 值: 0
2026-09-24 17:57:41,461 - RH56DFTP - INFO - 成功设置寄存器 POS_SET(0): 值=0, 起始地址=1474
2026-09-24 17:57:41,461 - RH56DFTP - INFO - 开始设置寄存器: POS_SET(1), 值: 0
2026-09-24 17:57:41,462 - RH56DFTP - INFO - 成功设置寄存器 POS_SET(1): 值=0, 起始地址=1476
2026-09-24 17:57:41,462 - RH56DFTP - INFO - 开始设置寄存器: POS_SET(2), 值: 0
2026-09-24 17:57:41,464 - RH56DFTP - INFO - 成功设置寄存器 POS_SET(2): 值=0, 起始地址=1478
2026-09-24 17:57:41,464 - RH56DFTP - INFO - 开始设置寄存器: POS_SET(3), 值: 0
2026-09-24 17:57:41,466 - RH56DFTP - INFO - 成功设置寄存器 POS_SET(3): 值=0, 起始地址=1480
2026-09-24 17:57:41,467 - RH56DFTP - INFO - 开始设置寄存器: POS_SET(4), 值: 0
2026-09-24 17:57:41,477 - RH56DFTP - INFO - 成功设置寄存器 POS_SET(4): 值=0, 起始地址=1482
2026-09-24 17:57:41,477 - RH56DFTP - INFO - 开始设置寄存器: POS_SET(5), 值: 0
2026-09-24 17:57:41,480 - RH56DFTP - INFO - 成功设置寄存器 POS_SET(5): 值=0, 起始地址=1484
2026-09-24 17:57:41,577 - RH56DFTP - INFO - 开始设置寄存器: POS_SET(0), 值: 0
2026-09-24 17:57:41,580 - RH56DFTP - INFO - 成功设置寄存器 POS_SET(0): 值=0, 起始地址=1474
2026-09-24 17:57:41,581 - RH56DFTP - INFO - 开始设置寄存器: POS_SET(1), 值: 0
2026-09-24 17:57:41,583 - RH56DFTP - INFO - 成功设置寄存器 POS_SET(1): 值=0, 起始地址=1476
2026-09-24 17:57:41,583 - RH56DFTP - INFO - 开始设置寄存器: POS_SET(2), 值: 0
2026-09-24 17:57:41,585 - RH56DFTP - INFO - 成功设置寄存器 POS_SET(2): 值=0, 起始地址=1478
2026-09-24 17:57:41,585 - RH56DFTP - INFO - 开始设置寄存器: POS_SET(3), 值: 0
2026-09-24 17:57:41,588 - RH56DFTP - INFO - 成功设置寄存器 POS_SET(3): 值=0, 起始地址=1480
2026-09-24 17:57:41,588 - RH56DFTP - INFO - 开始设置寄存器: POS_SET(4), 值: 0
2026-09-24 17:57:41,590 - RH56DFTP - INFO - 成功设置寄存器 POS_SET(4): 值=0, 起始地址=1482
2026-09-24 17:57:41,590 - RH56DFTP - INFO - 开始设置寄存器: POS_SET(5), 值: 0
2026-09-24 17:57:41,600 - RH56DFTP - INFO - 成功设置寄存器 POS_SET(5): 值=0, 起始地址=1484
2026-09-24 17:57:41,700 - RH56DFTP - INFO - 开始设置寄存器: POS_SET(0), 值: 0
2026-09-24 17:57:41,705 - RH56DFTP - INFO - 成功设置寄存器 POS_SET(0): 值=0, 起始地址=1474
2026-09-24 17:57:41,705 - RH56DFTP - INFO - 开始设置寄存器: POS_SET(1), 值: 0
2026-09-24 17:57:41,707 - RH56DFTP - INFO - 成功设置寄存器 POS_SET(1): 值=0, 起始地址=1476
2026-09-24 17:57:41,708 - RH56DFTP - INFO - 开始设置寄存器: POS_SET(2), 值: 0
2026-09-24 17:57:41,710 - RH56DFTP - INFO - 成功设置寄存器 POS_SET(2): 值=0, 起始地址=1478
2026-09-24 17:57:41,710 - RH56DFTP - INFO - 开始设置寄存器: POS_SET(3), 值: 0
2026-09-24 17:57:41,712 - RH56DFTP - INFO - 成功设置寄存器 POS_SET(3): 值=0, 起始地址=1480
2026-09-24 17:57:41,712 - RH56DFTP - INFO - 开始设置寄存器: POS_SET(4), 值: 0
2026-09-24 17:57:41,724 - RH56DFTP - INFO - 成功设置寄存器 POS_SET(4): 值=0, 起始地址=1482
2026-09-24 17:57:41,724 - RH56DFTP - INFO - 开始设置寄存器: POS_SET(5), 值: 0
2026-09-24 17:57:41,726 - RH56DFTP - INFO - 成功设置寄存器 POS_SET(5): 值=0, 起始地址=1484
2026-09-24 17:57:41,833 - RH56DFTP - INFO - 开始设置寄存器: POS_SET(0), 值: 0
2026-09-24 17:57:41,836 - RH56DFTP - INFO - 成功设置寄存器 POS_SET(0): 值=0, 起始地址=1474
2026-09-24 17:57:41,836 - RH56DFTP - INFO - 开始设置寄存器: POS_SET(1), 值: 0
2026-09-24 17:57:41,848 - RH56DFTP - INFO - 成功设置寄存器 POS_SET(1): 值=0, 起始地址=1476
2026-09-24 17:57:41,849 - RH56DFTP - INFO - 开始设置寄存器: POS_SET(2), 值: 0
2026-09-24 17:57:41,851 - RH56DFTP - INFO - 成功设置寄存器 POS_SET(2): 值=0, 起始地址=1478
2026-09-24 17:57:41,851 - RH56DFTP - INFO - 开始设置寄存器: POS_SET(3), 值: 0
2026-09-24 17:57:41,853 - RH56DFTP - INFO - 成功设置寄存器 POS_SET(3): 值=0, 起始地址=1480
2026-09-24 17:57:41,853 - RH56DFTP - INFO - 开始设置寄存器: POS_SET(4), 值: 0
2026-09-24 17:57:41,860 - RH56DFTP - INFO - 成功设置寄存器 POS_SET(4): 值=0, 起始地址=1482
2026-09-24 17:57:41,860 - RH56DFTP - INFO - 开始设置寄存器: POS_SET(5), 值: 0
2026-09-24 17:57:41,861 - RH56DFTP - INFO - 成功设置寄存器 POS_SET(5): 值=0, 起始地址=1484
2026-09-24 17:57:41,956 - RH56DFTP - INFO - 开始设置寄存器: POS_SET(0), 值: 0
2026-09-24 17:57:41,958 - RH56DFTP - INFO - 成功设置寄存器 POS_SET(0): 值=0, 起始地址=1474
2026-09-24 17:57:41,958 - RH56DFTP - INFO - 开始设置寄存器: POS_SET(1), 值: 0
2026-09-24 17:57:41,960 - RH56DFTP - INFO - 成功设置寄存器 POS_SET(1): 值=0, 起始地址=1476
2026-09-24 17:57:41,960 - RH56DFTP - INFO - 开始设置寄存器: POS_SET(2), 值: 0
2026-09-24 17:57:41,962 - RH56DFTP - INFO - 成功设置寄存器 POS_SET(2): 值=0, 起始地址=1478
2026-09-24 17:57:41,962 - RH56DFTP - INFO - 开始设置寄存器: POS_SET(3), 值: 0
2026-09-24 17:57:41,973 - RH56DFTP - INFO - 成功设置寄存器 POS_SET(3): 值=0, 起始地址=1480
2026-09-24 17:57:41,973 - RH56DFTP - INFO - 开始设置寄存器: POS_SET(4), 值: 0
2026-09-24 17:57:41,975 - RH56DFTP - INFO - 成功设置寄存器 POS_SET(4): 值=0, 起始地址=1482
2026-09-24 17:57:41,975 - RH56DFTP - INFO - 开始设置寄存器: POS_SET(5), 值: 0
2026-09-24 17:57:41,976 - RH56DFTP - INFO - 成功设置寄存器 POS_SET(5): 值=0, 起始地址=1484
2026-09-24 17:57:42,065 - RH56DFTP - INFO - 开始设置寄存器: POS_SET(0), 值: 0
2026-09-24 17:57:42,069 - RH56DFTP - INFO - 成功设置寄存器 POS_SET(0): 值=0, 起始地址=1474
2026-09-24 17:57:42,069 - RH56DFTP - INFO - 开始设置寄存器: POS_SET(1), 值: 0
2026-09-24 17:57:42,075 - RH56DFTP - INFO - 成功设置寄存器 POS_SET(1): 值=0, 起始地址=1476
2026-09-24 17:57:42,075 - RH56DFTP - INFO - 开始设置寄存器: POS_SET(2), 值: 0
2026-09-24 17:57:42,077 - RH56DFTP - INFO - 成功设置寄存器 POS_SET(2): 值=0, 起始地址=1478
2026-09-24 17:57:42,077 - RH56DFTP - INFO - 开始设置寄存器: POS_SET(3), 值: 0
2026-09-24 17:57:42,079 - RH56DFTP - INFO - 成功设置寄存器 POS_SET(3): 值=0, 起始地址=1480
2026-09-24 17:57:42,079 - RH56DFTP - INFO - 开始设置寄存器: POS_SET(4), 值: 0
2026-09-24 17:57:42,081 - RH56DFTP - INFO - 成功设置寄存器 POS_SET(4): 值=0, 起始地址=1482
2026-09-24 17:57:42,081 - RH56DFTP - INFO - 开始设置寄存器: POS_SET(5), 值: 0
2026-09-24 17:57:42,083 - RH56DFTP - INFO - 成功设置寄存器 POS_SET(5): 值=0, 起始地址=1484
2026-09-24 17:57:42,173 - RH56DFTP - INFO - 开始设置寄存器: POS_SET(0), 值: 0
2026-09-24 17:57:42,176 - RH56DFTP - INFO - 成功设置寄存器 POS_SET(0): 值=0, 起始地址=1474
2026-09-24 17:57:42,176 - RH56DFTP - INFO - 开始设置寄存器: POS_SET(1), 值: 0
2026-09-24 17:57:42,178 - RH56DFTP - INFO - 成功设置寄存器 POS_SET(1): 值=0, 起始地址=1476
2026-09-24 17:57:42,178 - RH56DFTP - INFO - 开始设置寄存器: POS_SET(2), 值: 0
2026-09-24 17:57:42,188 - RH56DFTP - INFO - 成功设置寄存器 POS_SET(2): 值=0, 起始地址=1478
2026-09-24 17:57:42,189 - RH56DFTP - INFO - 开始设置寄存器: POS_SET(3), 值: 0
2026-09-24 17:57:42,191 - RH56DFTP - INFO - 成功设置寄存器 POS_SET(3): 值=0, 起始地址=1480
2026-09-24 17:57:42,191 - RH56DFTP - INFO - 开始设置寄存器: POS_SET(4), 值: 0
2026-09-24 17:57:42,193 - RH56DFTP - INFO - 成功设置寄存器 POS_SET(4): 值=0, 起始地址=1482
2026-09-24 17:57:42,387 - RH56DFTP - INFO - 开始设置寄存器: POS_SET(5), 值: 0
2026-09-24 17:57:42,388 - RH56DFTP - INFO - 成功设置寄存器 POS_SET(5): 值=0, 起始地址=1484
2026-09-24 17:57:42,577 - RH56DFTP - INFO - 开始设置寄存器: POS_SET(0), 值: 0
2026-09-24 17:57:42,580 - RH56DFTP - INFO - 成功设置寄存器 POS_SET(0): 值=0, 起始地址=1474
2026-09-24 17:57:42,580 - RH56DFTP - INFO - 开始设置寄存器: POS_SET(1), 值: 0
2026-09-24 17:57:42,582 - RH56DFTP - INFO - 成功设置寄存器 POS_SET(1): 值=0, 起始地址=1476
2026-09-24 17:57:42,582 - RH56DFTP - INFO - 开始设置寄存器: POS_SET(2), 值: 0
2026-09-24 17:57:42,592 - RH56DFTP - INFO - 成功设置寄存器 POS_SET(2): 值=0, 起始地址=1478
2026-09-24 17:57:42,592 - RH56DFTP - INFO - 开始设置寄存器: POS_SET(3), 值: 0
2026-09-24 17:57:42,594 - RH56DFTP - INFO - 成功设置寄存器 POS_SET(3): 值=0, 起始地址=1480
2026-09-24 17:57:42,594 - RH56DFTP - INFO - 开始设置寄存器: POS_SET(4), 值: 0
2026-09-24 17:57:42,596 - RH56DFTP - INFO - 成功设置寄存器 POS_SET(4): 值=0, 起始地址=1482
2026-09-24 17:57:42,596 - RH56DFTP - INFO - 开始设置寄存器: POS_SET(5), 值: 0
2026-09-24 17:57:42,602 - RH56DFTP - INFO - 成功设置寄存器 POS_SET(5): 值=0, 起始地址=1484
2026-09-24 17:57:42,684 - RH56DFTP - INFO - 开始设置寄存器: POS_SET(0), 值: 0
2026-09-24 17:57:42,688 - RH56DFTP - INFO - 成功设置寄存器 POS_SET(0): 值=0, 起始地址=1474
2026-09-24 17:57:42,688 - RH56DFTP - INFO - 开始设置寄存器: POS_SET(1), 值: 0
2026-09-24 17:57:42,690 - RH56DFTP - INFO - 成功设置寄存器 POS_SET(1): 值=0, 起始地址=1476
2026-09-24 17:57:42,690 - RH56DFTP - INFO - 开始设置寄存器: POS_SET(2), 值: 0
2026-09-24 17:57:42,696 - RH56DFTP - INFO - 成功设置寄存器 POS_SET(2): 值=0, 起始地址=1478
2026-09-24 17:57:42,697 - RH56DFTP - INFO - 开始设置寄存器: POS_SET(3), 值: 0
2026-09-24 17:57:42,698 - RH56DFTP - INFO - 成功设置寄存器 POS_SET(3): 值=0, 起始地址=1480
2026-09-24 17:57:42,699 - RH56DFTP - INFO - 开始设置寄存器: POS_SET(4), 值: 0
2026-09-24 17:57:42,701 - RH56DFTP - INFO - 成功设置寄存器 POS_SET(4): 值=0, 起始地址=1482
2026-09-24 17:57:42,701 - RH56DFTP - INFO - 开始设置寄存器: POS_SET(5), 值: 0
2026-09-24 17:57:42,703 - RH56DFTP - INFO - 成功设置寄存器 POS_SET(5): 值=0, 起始地址=1484
2026-09-24 17:57:42,804 - RH56DFTP - INFO - 开始设置寄存器: POS_SET(0), 值: 0
2026-09-24 17:57:42,810 - RH56DFTP - INFO - 成功设置寄存器 POS_SET(0): 值=0, 起始地址=1474
2026-09-24 17:57:42,810 - RH56DFTP - INFO - 开始设置寄存器: POS_SET(1), 值: 0
2026-09-24 17:57:42,811 - RH56DFTP - INFO - 成功设置寄存器 POS_SET(1): 值=0, 起始地址=1476
2026-09-24 17:57:42,812 - RH56DFTP - INFO - 开始设置寄存器: POS_SET(2), 值: 0
2026-09-24 17:57:42,813 - RH56DFTP - INFO - 成功设置寄存器 POS_SET(2): 值=0, 起始地址=1478
2026-09-24 17:57:42,813 - RH56DFTP - INFO - 开始设置寄存器: POS_SET(3), 值: 0
2026-09-24 17:57:42,820 - RH56DFTP - INFO - 成功设置寄存器 POS_SET(3): 值=0, 起始地址=1480
2026-09-24 17:57:42,821 - RH56DFTP - INFO - 开始设置寄存器: POS_SET(4), 值: 0
2026-09-24 17:57:42,823 - RH56DFTP - INFO - 成功设置寄存器 POS_SET(4): 值=0, 起始地址=1482
2026-09-24 17:57:42,823 - RH56DFTP - INFO - 开始设置寄存器: POS_SET(5), 值: 0
2026-09-24 17:57:42,825 - RH56DFTP - INFO - 成功设置寄存器 POS_SET(5): 值=0, 起始地址=1484
2026-09-24 17:57:42,933 - RH56DFTP - INFO - 开始设置寄存器: POS_SET(0), 值: 0
2026-09-24 17:57:42,935 - RH56DFTP - INFO - 成功设置寄存器 POS_SET(0): 值=0, 起始地址=1474
2026-09-24 17:57:42,935 - RH56DFTP - INFO - 开始设置寄存器: POS_SET(1), 值: 0
2026-09-24 17:57:42,937 - RH56DFTP - INFO - 成功设置寄存器 POS_SET(1): 值=0, 起始地址=1476
2026-09-24 17:57:42,937 - RH56DFTP - INFO - 开始设置寄存器: POS_SET(2), 值: 0
2026-09-24 17:57:42,944 - RH56DFTP - INFO - 成功设置寄存器 POS_SET(2): 值=0, 起始地址=1478
2026-09-24 17:57:42,945 - RH56DFTP - INFO - 开始设置寄存器: POS_SET(3), 值: 0
2026-09-24 17:57:42,946 - RH56DFTP - INFO - 成功设置寄存器 POS_SET(3): 值=0, 起始地址=1480
2026-09-24 17:57:42,947 - RH56DFTP - INFO - 开始设置寄存器: POS_SET(4), 值: 0
2026-09-24 17:57:42,950 - RH56DFTP - INFO - 成功设置寄存器 POS_SET(4): 值=0, 起始地址=1482
2026-09-24 17:57:42,950 - RH56DFTP - INFO - 开始设置寄存器: POS_SET(5), 值: 0
2026-09-24 17:57:42,952 - RH56DFTP - INFO - 成功设置寄存器 POS_SET(5): 值=0, 起始地址=1484
2026-09-24 17:57:43,060 - RH56DFTP - INFO - 开始设置寄存器: POS_SET(0), 值: 0
2026-09-24 17:57:43,068 - RH56DFTP - INFO - 成功设置寄存器 POS_SET(0): 值=0, 起始地址=1474
2026-09-24 17:57:43,068 - RH56DFTP - INFO - 开始设置寄存器: POS_SET(1), 值: 0
2026-09-24 17:57:43,070 - RH56DFTP - INFO - 成功设置寄存器 POS_SET(1): 值=0, 起始地址=1476
2026-09-24 17:57:43,070 - RH56DFTP - INFO - 开始设置寄存器: POS_SET(2), 值: 0
2026-09-24 17:57:43,072 - RH56DFTP - INFO - 成功设置寄存器 POS_SET(2): 值=0, 起始地址=1478
2026-09-24 17:57:43,072 - RH56DFTP - INFO - 开始设置寄存器: POS_SET(3), 值: 0
2026-09-24 17:57:43,074 - RH56DFTP - INFO - 成功设置寄存器 POS_SET(3): 值=0, 起始地址=1480
2026-09-24 17:57:43,074 - RH56DFTP - INFO - 开始设置寄存器: POS_SET(4), 值: 0
2026-09-24 17:57:43,076 - RH56DFTP - INFO - 成功设置寄存器 POS_SET(4): 值=0, 起始地址=1482
2026-09-24 17:57:43,076 - RH56DFTP - INFO - 开始设置寄存器: POS_SET(5), 值: 0
2026-09-24 17:57:43,077 - RH56DFTP - INFO - 成功设置寄存器 POS_SET(5): 值=0, 起始地址=1484
2026-09-24 17:57:43,170 - RH56DFTP - INFO - 开始设置寄存器: POS_SET(0), 值: 0
2026-09-24 17:57:43,181 - RH56DFTP - INFO - 成功设置寄存器 POS_SET(0): 值=0, 起始地址=1474
2026-09-24 17:57:43,181 - RH56DFTP - INFO - 开始设置寄存器: POS_SET(1), 值: 0
2026-09-24 17:57:43,183 - RH56DFTP - INFO - 成功设置寄存器 POS_SET(1): 值=0, 起始地址=1476
2026-09-24 17:57:43,183 - RH56DFTP - INFO - 开始设置寄存器: POS_SET(2), 值: 0
2026-09-24 17:57:43,185 - RH56DFTP - INFO - 成功设置寄存器 POS_SET(2): 值=0, 起始地址=1478
2026-09-24 17:57:43,185 - RH56DFTP - INFO - 开始设置寄存器: POS_SET(3), 值: 0
2026-09-24 17:57:43,191 - RH56DFTP - INFO - 成功设置寄存器 POS_SET(3): 值=0, 起始地址=1480
2026-09-24 17:57:43,191 - RH56DFTP - INFO - 开始设置寄存器: POS_SET(4), 值: 0
2026-09-24 17:57:43,193 - RH56DFTP - INFO - 成功设置寄存器 POS_SET(4): 值=0, 起始地址=1482
2026-09-24 17:57:43,193 - RH56DFTP - INFO - 开始设置寄存器: POS_SET(5), 值: 0
2026-09-24 17:57:43,195 - RH56DFTP - INFO - 成功设置寄存器 POS_SET(5): 值=0, 起始地址=1484
2026-09-24 17:57:43,285 - RH56DFTP - INFO - 开始设置寄存器: POS_SET(0), 值: 0
2026-09-24 17:57:43,288 - RH56DFTP - INFO - 成功设置寄存器 POS_SET(0): 值=0, 起始地址=1474
2026-09-24 17:57:43,288 - RH56DFTP - INFO - 开始设置寄存器: POS_SET(1), 值: 0
2026-09-24 17:57:43,290 - RH56DFTP - INFO - 成功设置寄存器 POS_SET(1): 值=0, 起始地址=1476
2026-09-24 17:57:43,290 - RH56DFTP - INFO - 开始设置寄存器: POS_SET(2), 值: 0
2026-09-24 17:57:43,293 - RH56DFTP - INFO - 成功设置寄存器 POS_SET(2): 值=0, 起始地址=1478
2026-09-24 17:57:43,293 - RH56DFTP - INFO - 开始设置寄存器: POS_SET(3), 值: 0
2026-09-24 17:57:43,295 - RH56DFTP - INFO - 成功设置寄存器 POS_SET(3): 值=0, 起始地址=1480
2026-09-24 17:57:43,295 - RH56DFTP - INFO - 开始设置寄存器: POS_SET(4), 值: 0
2026-09-24 17:57:43,305 - RH56DFTP - INFO - 成功设置寄存器 POS_SET(4): 值=0, 起始地址=1482
2026-09-24 17:57:43,306 - RH56DFTP - INFO - 开始设置寄存器: POS_SET(5), 值: 0
2026-09-24 17:57:43,309 - RH56DFTP - INFO - 成功设置寄存器 POS_SET(5): 值=0, 起始地址=1484
2026-09-24 17:57:43,411 - RH56DFTP - INFO - 开始设置寄存器: POS_SET(0), 值: 0
2026-09-24 17:57:43,414 - RH56DFTP - INFO - 成功设置寄存器 POS_SET(0): 值=0, 起始地址=1474
2026-09-24 17:57:43,414 - RH56DFTP - INFO - 开始设置寄存器: POS_SET(1), 值: 0
2026-09-24 17:57:43,416 - RH56DFTP - INFO - 成功设置寄存器 POS_SET(1): 值=0, 起始地址=1476
2026-09-24 17:57:43,416 - RH56DFTP - INFO - 开始设置寄存器: POS_SET(2), 值: 0
2026-09-24 17:57:43,418 - RH56DFTP - INFO - 成功设置寄存器 POS_SET(2): 值=0, 起始地址=1478
2026-09-24 17:57:43,419 - RH56DFTP - INFO - 开始设置寄存器: POS_SET(3), 值: 0
2026-09-24 17:57:43,429 - RH56DFTP - INFO - 成功设置寄存器 POS_SET(3): 值=0, 起始地址=1480
2026-09-24 17:57:43,429 - RH56DFTP - INFO - 开始设置寄存器: POS_SET(4), 值: 0
2026-09-24 17:57:43,431 - RH56DFTP - INFO - 成功设置寄存器 POS_SET(4): 值=0, 起始地址=1482
2026-09-24 17:57:43,431 - RH56DFTP - INFO - 开始设置寄存器: POS_SET(5), 值: 0
2026-09-24 17:57:43,434 - RH56DFTP - INFO - 成功设置寄存器 POS_SET(5): 值=0, 起始地址=1484
2026-09-24 17:57:43,521 - RH56DFTP - INFO - 开始设置寄存器: POS_SET(0), 值: 0
2026-09-24 17:57:43,523 - RH56DFTP - INFO - 成功设置寄存器 POS_SET(0): 值=0, 起始地址=1474
2026-09-24 17:57:43,524 - RH56DFTP - INFO - 开始设置寄存器: POS_SET(1), 值: 0
2026-09-24 17:57:43,526 - RH56DFTP - INFO - 成功设置寄存器 POS_SET(1): 值=0, 起始地址=1476
2026-09-24 17:57:43,528 - RH56DFTP - INFO - 开始设置寄存器: POS_SET(2), 值: 0
2026-09-24 17:57:43,534 - RH56DFTP - INFO - 成功设置寄存器 POS_SET(2): 值=0, 起始地址=1478
2026-09-24 17:57:43,535 - RH56DFTP - INFO - 开始设置寄存器: POS_SET(3), 值: 0
2026-09-24 17:57:43,536 - RH56DFTP - INFO - 成功设置寄存器 POS_SET(3): 值=0, 起始地址=1480
2026-09-24 17:57:43,536 - RH56DFTP - INFO - 开始设置寄存器: POS_SET(4), 值: 0
2026-09-24 17:57:43,538 - RH56DFTP - INFO - 成功设置寄存器 POS_SET(4): 值=0, 起始地址=1482
2026-09-24 17:57:43,538 - RH56DFTP - INFO - 开始设置寄存器: POS_SET(5), 值: 0
2026-09-24 17:57:43,540 - RH56DFTP - INFO - 成功设置寄存器 POS_SET(5): 值=0, 起始地址=1484
2026-09-24 17:57:43,650 - RH56DFTP - INFO - 开始设置寄存器: POS_SET(0), 值: 0
2026-09-24 17:57:43,658 - RH56DFTP - INFO - 成功设置寄存器 POS_SET(0): 值=0, 起始地址=1474
2026-09-24 17:57:43,658 - RH56DFTP - INFO - 开始设置寄存器: POS_SET(1), 值: 0
2026-09-24 17:57:43,661 - RH56DFTP - INFO - 成功设置寄存器 POS_SET(1): 值=0, 起始地址=1476
2026-09-24 17:57:43,661 - RH56DFTP - INFO - 开始设置寄存器: POS_SET(2), 值: 0
2026-09-24 17:57:43,662 - RH56DFTP - INFO - 成功设置寄存器 POS_SET(2): 值=0, 起始地址=1478
2026-09-24 17:57:43,663 - RH56DFTP - INFO - 开始设置寄存器: POS_SET(3), 值: 0
2026-09-24 17:57:43,664 - RH56DFTP - INFO - 成功设置寄存器 POS_SET(3): 值=0, 起始地址=1480
2026-09-24 17:57:43,665 - RH56DFTP - INFO - 开始设置寄存器: POS_SET(4), 值: 0
2026-09-24 17:57:43,667 - RH56DFTP - INFO - 成功设置寄存器 POS_SET(4): 值=0, 起始地址=1482
2026-09-24 17:57:43,667 - RH56DFTP - INFO - 开始设置寄存器: POS_SET(5), 值: 0
2026-09-24 17:57:43,677 - RH56DFTP - INFO - 成功设置寄存器 POS_SET(5): 值=0, 起始地址=1484
2026-09-24 17:57:43,774 - RH56DFTP - INFO - 开始设置寄存器: POS_SET(0), 值: 0
2026-09-24 17:57:43,781 - RH56DFTP - INFO - 成功设置寄存器 POS_SET(0): 值=0, 起始地址=1474
2026-09-24 17:57:43,781 - RH56DFTP - INFO - 开始设置寄存器: POS_SET(1), 值: 0
2026-09-24 17:57:43,782 - RH56DFTP - INFO - 成功设置寄存器 POS_SET(1): 值=0, 起始地址=1476
2026-09-24 17:57:43,782 - RH56DFTP - INFO - 开始设置寄存器: POS_SET(2), 值: 0
2026-09-24 17:57:43,784 - RH56DFTP - INFO - 成功设置寄存器 POS_SET(2): 值=0, 起始地址=1478
2026-09-24 17:57:43,784 - RH56DFTP - INFO - 开始设置寄存器: POS_SET(3), 值: 0
2026-09-24 17:57:43,787 - RH56DFTP - INFO - 成功设置寄存器 POS_SET(3): 值=0, 起始地址=1480
2026-09-24 17:57:43,788 - RH56DFTP - INFO - 开始设置寄存器: POS_SET(4), 值: 0
2026-09-24 17:57:43,790 - RH56DFTP - INFO - 成功设置寄存器 POS_SET(4): 值=0, 起始地址=1482
2026-09-24 17:57:43,790 - RH56DFTP - INFO - 开始设置寄存器: POS_SET(5), 值: 0
2026-09-24 17:57:43,800 - RH56DFTP - INFO - 成功设置寄存器 POS_SET(5): 值=0, 起始地址=1484
2026-09-24 17:57:43,898 - RH56DFTP - INFO - 开始设置寄存器: POS_SET(0), 值: 0
2026-09-24 17:57:43,906 - RH56DFTP - INFO - 成功设置寄存器 POS_SET(0): 值=0, 起始地址=1474
2026-09-24 17:57:43,907 - RH56DFTP - INFO - 开始设置寄存器: POS_SET(1), 值: 0
2026-09-24 17:57:43,910 - RH56DFTP - INFO - 成功设置寄存器 POS_SET(1): 值=0, 起始地址=1476
2026-09-24 17:57:43,910 - RH56DFTP - INFO - 开始设置寄存器: POS_SET(2), 值: 0
2026-09-24 17:57:43,912 - RH56DFTP - INFO - 成功设置寄存器 POS_SET(2): 值=0, 起始地址=1478
2026-09-24 17:57:43,912 - RH56DFTP - INFO - 开始设置寄存器: POS_SET(3), 值: 0
2026-09-24 17:57:43,913 - RH56DFTP - INFO - 成功设置寄存器 POS_SET(3): 值=0, 起始地址=1480
2026-09-24 17:57:43,914 - RH56DFTP - INFO - 开始设置寄存器: POS_SET(4), 值: 0
2026-09-24 17:57:43,925 - RH56DFTP - INFO - 成功设置寄存器 POS_SET(4): 值=0, 起始地址=1482
2026-09-24 17:57:43,925 - RH56DFTP - INFO - 开始设置寄存器: POS_SET(5), 值: 0
2026-09-24 17:57:43,928 - RH56DFTP - INFO - 成功设置寄存器 POS_SET(5): 值=0, 起始地址=1484
2026-09-24 17:57:44,021 - RH56DFTP - INFO - 开始设置寄存器: POS_SET(0), 值: 0
2026-09-24 17:57:44,023 - RH56DFTP - INFO - 成功设置寄存器 POS_SET(0): 值=0, 起始地址=1474
2026-09-24 17:57:44,023 - RH56DFTP - INFO - 开始设置寄存器: POS_SET(1), 值: 0
2026-09-24 17:57:44,030 - RH56DFTP - INFO - 成功设置寄存器 POS_SET(1): 值=0, 起始地址=1476
2026-09-24 17:57:44,030 - RH56DFTP - INFO - 开始设置寄存器: POS_SET(2), 值: 0
2026-09-24 17:57:44,032 - RH56DFTP - INFO - 成功设置寄存器 POS_SET(2): 值=0, 起始地址=1478
2026-09-24 17:57:44,032 - RH56DFTP - INFO - 开始设置寄存器: POS_SET(3), 值: 0
2026-09-24 17:57:44,034 - RH56DFTP - INFO - 成功设置寄存器 POS_SET(3): 值=0, 起始地址=1480
2026-09-24 17:57:44,034 - RH56DFTP - INFO - 开始设置寄存器: POS_SET(4), 值: 0
2026-09-24 17:57:44,036 - RH56DFTP - INFO - 成功设置寄存器 POS_SET(4): 值=0, 起始地址=1482
2026-09-24 17:57:44,036 - RH56DFTP - INFO - 开始设置寄存器: POS_SET(5), 值: 0
2026-09-24 17:57:44,038 - RH56DFTP - INFO - 成功设置寄存器 POS_SET(5): 值=0, 起始地址=1484
2026-09-24 17:57:44,133 - RH56DFTP - INFO - 开始设置寄存器: POS_SET(0), 值: 0
2026-09-24 17:57:44,142 - RH56DFTP - INFO - 成功设置寄存器 POS_SET(0): 值=0, 起始地址=1474
2026-09-24 17:57:44,142 - RH56DFTP - INFO - 开始设置寄存器: POS_SET(1), 值: 0
2026-09-24 17:57:44,144 - RH56DFTP - INFO - 成功设置寄存器 POS_SET(1): 值=0, 起始地址=1476
2026-09-24 17:57:44,145 - RH56DFTP - INFO - 开始设置寄存器: POS_SET(2), 值: 0
2026-09-24 17:57:44,146 - RH56DFTP - INFO - 成功设置寄存器 POS_SET(2): 值=0, 起始地址=1478
2026-09-24 17:57:44,147 - RH56DFTP - INFO - 开始设置寄存器: POS_SET(3), 值: 0
2026-09-24 17:57:44,154 - RH56DFTP - INFO - 成功设置寄存器 POS_SET(3): 值=0, 起始地址=1480
2026-09-24 17:57:44,154 - RH56DFTP - INFO - 开始设置寄存器: POS_SET(4), 值: 0
2026-09-24 17:57:44,156 - RH56DFTP - INFO - 成功设置寄存器 POS_SET(4): 值=0, 起始地址=1482
2026-09-24 17:57:44,156 - RH56DFTP - INFO - 开始设置寄存器: POS_SET(5), 值: 0
2026-09-24 17:57:44,157 - RH56DFTP - INFO - 成功设置寄存器 POS_SET(5): 值=0, 起始地址=1484
2026-09-24 17:57:44,252 - RH56DFTP - INFO - 开始设置寄存器: POS_SET(0), 值: 0
2026-09-24 17:57:44,254 - RH56DFTP - INFO - 成功设置寄存器 POS_SET(0): 值=0, 起始地址=1474
2026-09-24 17:57:44,255 - RH56DFTP - INFO - 开始设置寄存器: POS_SET(1), 值: 0
2026-09-24 17:57:44,256 - RH56DFTP - INFO - 成功设置寄存器 POS_SET(1): 值=0, 起始地址=1476
2026-09-24 17:57:44,256 - RH56DFTP - INFO - 开始设置寄存器: POS_SET(2), 值: 0
2026-09-24 17:57:44,268 - RH56DFTP - INFO - 成功设置寄存器 POS_SET(2): 值=0, 起始地址=1478
2026-09-24 17:57:44,269 - RH56DFTP - INFO - 开始设置寄存器: POS_SET(3), 值: 0
2026-09-24 17:57:44,271 - RH56DFTP - INFO - 成功设置寄存器 POS_SET(3): 值=0, 起始地址=1480
2026-09-24 17:57:44,271 - RH56DFTP - INFO - 开始设置寄存器: POS_SET(4), 值: 0
2026-09-24 17:57:44,277 - RH56DFTP - INFO - 成功设置寄存器 POS_SET(4): 值=0, 起始地址=1482
2026-09-24 17:57:44,277 - RH56DFTP - INFO - 开始设置寄存器: POS_SET(5), 值: 0
2026-09-24 17:57:44,279 - RH56DFTP - INFO - 成功设置寄存器 POS_SET(5): 值=0, 起始地址=1484
2026-09-24 17:57:44,390 - RH56DFTP - INFO - 开始设置寄存器: POS_SET(0), 值: 0
2026-09-24 17:57:44,393 - RH56DFTP - INFO - 成功设置寄存器 POS_SET(0): 值=0, 起始地址=1474
2026-09-24 17:57:44,393 - RH56DFTP - INFO - 开始设置寄存器: POS_SET(1), 值: 0
2026-09-24 17:57:44,395 - RH56DFTP - INFO - 成功设置寄存器 POS_SET(1): 值=0, 起始地址=1476
2026-09-24 17:57:44,395 - RH56DFTP - INFO - 开始设置寄存器: POS_SET(2), 值: 0
2026-09-24 17:57:44,402 - RH56DFTP - INFO - 成功设置寄存器 POS_SET(2): 值=0, 起始地址=1478
2026-09-24 17:57:44,402 - RH56DFTP - INFO - 开始设置寄存器: POS_SET(3), 值: 0
2026-09-24 17:57:44,404 - RH56DFTP - INFO - 成功设置寄存器 POS_SET(3): 值=0, 起始地址=1480
2026-09-24 17:57:44,404 - RH56DFTP - INFO - 开始设置寄存器: POS_SET(4), 值: 0
2026-09-24 17:57:44,407 - RH56DFTP - INFO - 成功设置寄存器 POS_SET(4): 值=0, 起始地址=1482
2026-09-24 17:57:44,408 - RH56DFTP - INFO - 开始设置寄存器: POS_SET(5), 值: 0
2026-09-24 17:57:44,409 - RH56DFTP - INFO - 成功设置寄存器 POS_SET(5): 值=0, 起始地址=1484
2026-09-24 17:57:44,509 - RH56DFTP - INFO - 开始设置寄存器: POS_SET(0), 值: 0
2026-09-24 17:57:44,514 - RH56DFTP - INFO - 成功设置寄存器 POS_SET(0): 值=0, 起始地址=1474
2026-09-24 17:57:44,514 - RH56DFTP - INFO - 开始设置寄存器: POS_SET(1), 值: 0
2026-09-24 17:57:44,516 - RH56DFTP - INFO - 成功设置寄存器 POS_SET(1): 值=0, 起始地址=1476
2026-09-24 17:57:44,516 - RH56DFTP - INFO - 开始设置寄存器: POS_SET(2), 值: 0
2026-09-24 17:57:44,518 - RH56DFTP - INFO - 成功设置寄存器 POS_SET(2): 值=0, 起始地址=1478
2026-09-24 17:57:44,518 - RH56DFTP - INFO - 开始设置寄存器: POS_SET(3), 值: 0
2026-09-24 17:57:44,524 - RH56DFTP - INFO - 成功设置寄存器 POS_SET(3): 值=0, 起始地址=1480
2026-09-24 17:57:44,524 - RH56DFTP - INFO - 开始设置寄存器: POS_SET(4), 值: 0
2026-09-24 17:57:44,528 - RH56DFTP - INFO - 成功设置寄存器 POS_SET(4): 值=0, 起始地址=1482
2026-09-24 17:57:44,528 - RH56DFTP - INFO - 开始设置寄存器: POS_SET(5), 值: 0
2026-09-24 17:57:44,530 - RH56DFTP - INFO - 成功设置寄存器 POS_SET(5): 值=0, 起始地址=1484
2026-09-24 17:57:44,628 - RH56DFTP - INFO - 开始设置寄存器: POS_SET(0), 值: 0
2026-09-24 17:57:44,639 - RH56DFTP - INFO - 成功设置寄存器 POS_SET(0): 值=0, 起始地址=1474
2026-09-24 17:57:44,639 - RH56DFTP - INFO - 开始设置寄存器: POS_SET(1), 值: 0
2026-09-24 17:57:44,641 - RH56DFTP - INFO - 成功设置寄存器 POS_SET(1): 值=0, 起始地址=1476
2026-09-24 17:57:44,641 - RH56DFTP - INFO - 开始设置寄存器: POS_SET(2), 值: 0
2026-09-24 17:57:44,649 - RH56DFTP - INFO - 成功设置寄存器 POS_SET(2): 值=0, 起始地址=1478
2026-09-24 17:57:44,649 - RH56DFTP - INFO - 开始设置寄存器: POS_SET(3), 值: 0
2026-09-24 17:57:44,651 - RH56DFTP - INFO - 成功设置寄存器 POS_SET(3): 值=0, 起始地址=1480
2026-09-24 17:57:44,651 - RH56DFTP - INFO - 开始设置寄存器: POS_SET(4), 值: 0
2026-09-24 17:57:44,652 - RH56DFTP - INFO - 成功设置寄存器 POS_SET(4): 值=0, 起始地址=1482
2026-09-24 17:57:44,653 - RH56DFTP - INFO - 开始设置寄存器: POS_SET(5), 值: 0
2026-09-24 17:57:44,654 - RH56DFTP - INFO - 成功设置寄存器 POS_SET(5): 值=0, 起始地址=1484
2026-09-24 17:57:44,756 - RH56DFTP - INFO - 开始设置寄存器: POS_SET(0), 值: 0
2026-09-24 17:57:44,762 - RH56DFTP - INFO - 成功设置寄存器 POS_SET(0): 值=0, 起始地址=1474
2026-09-24 17:57:44,763 - RH56DFTP - INFO - 开始设置寄存器: POS_SET(1), 值: 0
2026-09-24 17:57:44,765 - RH56DFTP - INFO - 成功设置寄存器 POS_SET(1): 值=0, 起始地址=1476
2026-09-24 17:57:44,765 - RH56DFTP - INFO - 开始设置寄存器: POS_SET(2), 值: 0
2026-09-24 17:57:44,767 - RH56DFTP - INFO - 成功设置寄存器 POS_SET(2): 值=0, 起始地址=1478
2026-09-24 17:57:44,767 - RH56DFTP - INFO - 开始设置寄存器: POS_SET(3), 值: 0
2026-09-24 17:57:44,773 - RH56DFTP - INFO - 成功设置寄存器 POS_SET(3): 值=0, 起始地址=1480
2026-09-24 17:57:44,773 - RH56DFTP - INFO - 开始设置寄存器: POS_SET(4), 值: 0
2026-09-24 17:57:44,775 - RH56DFTP - INFO - 成功设置寄存器 POS_SET(4): 值=0, 起始地址=1482
2026-09-24 17:57:44,775 - RH56DFTP - INFO - 开始设置寄存器: POS_SET(5), 值: 0
2026-09-24 17:57:44,777 - RH56DFTP - INFO - 成功设置寄存器 POS_SET(5): 值=0, 起始地址=1484
2026-09-24 17:57:44,875 - RH56DFTP - INFO - 开始设置寄存器: POS_SET(0), 值: 0
2026-09-24 17:57:44,885 - RH56DFTP - INFO - 成功设置寄存器 POS_SET(0): 值=0, 起始地址=1474
2026-09-24 17:57:44,886 - RH56DFTP - INFO - 开始设置寄存器: POS_SET(1), 值: 0
2026-09-24 17:57:44,888 - RH56DFTP - INFO - 成功设置寄存器 POS_SET(1): 值=0, 起始地址=1476
2026-09-24 17:57:44,889 - RH56DFTP - INFO - 开始设置寄存器: POS_SET(2), 值: 0
2026-09-24 17:57:44,891 - RH56DFTP - INFO - 成功设置寄存器 POS_SET(2): 值=0, 起始地址=1478
2026-09-24 17:57:44,891 - RH56DFTP - INFO - 开始设置寄存器: POS_SET(3), 值: 0
2026-09-24 17:57:44,899 - RH56DFTP - INFO - 成功设置寄存器 POS_SET(3): 值=0, 起始地址=1480
2026-09-24 17:57:44,900 - RH56DFTP - INFO - 开始设置寄存器: POS_SET(4), 值: 0
2026-09-24 17:57:44,902 - RH56DFTP - INFO - 成功设置寄存器 POS_SET(4): 值=0, 起始地址=1482
2026-09-24 17:57:44,903 - RH56DFTP - INFO - 开始设置寄存器: POS_SET(5), 值: 0
2026-09-24 17:57:44,904 - RH56DFTP - INFO - 成功设置寄存器 POS_SET(5): 值=0, 起始地址=1484
2026-09-24 17:57:45,014 - RH56DFTP - INFO - 开始设置寄存器: POS_SET(0), 值: 0
2026-09-24 17:57:45,022 - RH56DFTP - INFO - 成功设置寄存器 POS_SET(0): 值=0, 起始地址=1474
2026-09-24 17:57:45,022 - RH56DFTP - INFO - 开始设置寄存器: POS_SET(1), 值: 0
2026-09-24 17:57:45,024 - RH56DFTP - INFO - 成功设置寄存器 POS_SET(1): 值=0, 起始地址=1476
2026-09-24 17:57:45,024 - RH56DFTP - INFO - 开始设置寄存器: POS_SET(2), 值: 0
2026-09-24 17:57:45,026 - RH56DFTP - INFO - 成功设置寄存器 POS_SET(2): 值=0, 起始地址=1478
2026-09-24 17:57:45,027 - RH56DFTP - INFO - 开始设置寄存器: POS_SET(3), 值: 0
2026-09-24 17:57:45,029 - RH56DFTP - INFO - 成功设置寄存器 POS_SET(3): 值=0, 起始地址=1480
2026-09-24 17:57:45,029 - RH56DFTP - INFO - 开始设置寄存器: POS_SET(4), 值: 0
2026-09-24 17:57:45,031 - RH56DFTP - INFO - 成功设置寄存器 POS_SET(4): 值=0, 起始地址=1482
2026-09-24 17:57:45,031 - RH56DFTP - INFO - 开始设置寄存器: POS_SET(5), 值: 0
2026-09-24 17:57:45,041 - RH56DFTP - INFO - 成功设置寄存器 POS_SET(5): 值=0, 起始地址=1484
2026-09-24 17:57:45,137 - RH56DFTP - INFO - 开始设置寄存器: POS_SET(0), 值: 0
2026-09-24 17:57:45,139 - RH56DFTP - INFO - 成功设置寄存器 POS_SET(0): 值=0, 起始地址=1474
2026-09-24 17:57:45,139 - RH56DFTP - INFO - 开始设置寄存器: POS_SET(1), 值: 0
2026-09-24 17:57:45,145 - RH56DFTP - INFO - 成功设置寄存器 POS_SET(1): 值=0, 起始地址=1476
2026-09-24 17:57:45,146 - RH56DFTP - INFO - 开始设置寄存器: POS_SET(2), 值: 0
2026-09-24 17:57:45,148 - RH56DFTP - INFO - 成功设置寄存器 POS_SET(2): 值=0, 起始地址=1478
2026-09-24 17:57:45,149 - RH56DFTP - INFO - 开始设置寄存器: POS_SET(3), 值: 0
2026-09-24 17:57:45,150 - RH56DFTP - INFO - 成功设置寄存器 POS_SET(3): 值=0, 起始地址=1480
2026-09-24 17:57:45,150 - RH56DFTP - INFO - 开始设置寄存器: POS_SET(4), 值: 0
2026-09-24 17:57:45,152 - RH56DFTP - INFO - 成功设置寄存器 POS_SET(4): 值=0, 起始地址=1482
2026-09-24 17:57:45,152 - RH56DFTP - INFO - 开始设置寄存器: POS_SET(5), 值: 0
2026-09-24 17:57:45,154 - RH56DFTP - INFO - 成功设置寄存器 POS_SET(5): 值=0, 起始地址=1484
2026-09-24 17:57:45,261 - RH56DFTP - INFO - 开始设置寄存器: POS_SET(0), 值: 0
2026-09-24 17:57:45,268 - RH56DFTP - INFO - 成功设置寄存器 POS_SET(0): 值=0, 起始地址=1474
2026-09-24 17:57:45,269 - RH56DFTP - INFO - 开始设置寄存器: POS_SET(1), 值: 0
2026-09-24 17:57:45,271 - RH56DFTP - INFO - 成功设置寄存器 POS_SET(1): 值=0, 起始地址=1476
2026-09-24 17:57:45,271 - RH56DFTP - INFO - 开始设置寄存器: POS_SET(2), 值: 0
2026-09-24 17:57:45,274 - RH56DFTP - INFO - 成功设置寄存器 POS_SET(2): 值=0, 起始地址=1478
2026-09-24 17:57:45,274 - RH56DFTP - INFO - 开始设置寄存器: POS_SET(3), 值: 0
2026-09-24 17:57:45,276 - RH56DFTP - INFO - 成功设置寄存器 POS_SET(3): 值=0, 起始地址=1480
2026-09-24 17:57:45,276 - RH56DFTP - INFO - 开始设置寄存器: POS_SET(4), 值: 0
2026-09-24 17:57:45,278 - RH56DFTP - INFO - 成功设置寄存器 POS_SET(4): 值=0, 起始地址=1482
2026-09-24 17:57:45,279 - RH56DFTP - INFO - 开始设置寄存器: POS_SET(5), 值: 0
2026-09-24 17:57:45,289 - RH56DFTP - INFO - 成功设置寄存器 POS_SET(5): 值=0, 起始地址=1484
2026-09-24 17:57:45,397 - RH56DFTP - INFO - 开始设置寄存器: POS_SET(0), 值: 0
2026-09-24 17:57:45,399 - RH56DFTP - INFO - 成功设置寄存器 POS_SET(0): 值=0, 起始地址=1474
2026-09-24 17:57:45,399 - RH56DFTP - INFO - 开始设置寄存器: POS_SET(1), 值: 0
2026-09-24 17:57:45,401 - RH56DFTP - INFO - 成功设置寄存器 POS_SET(1): 值=0, 起始地址=1476
2026-09-24 17:57:45,401 - RH56DFTP - INFO - 开始设置寄存器: POS_SET(2), 值: 0
2026-09-24 17:57:45,403 - RH56DFTP - INFO - 成功设置寄存器 POS_SET(2): 值=0, 起始地址=1478
2026-09-24 17:57:45,403 - RH56DFTP - INFO - 开始设置寄存器: POS_SET(3), 值: 0
2026-09-24 17:57:45,413 - RH56DFTP - INFO - 成功设置寄存器 POS_SET(3): 值=0, 起始地址=1480
2026-09-24 17:57:45,414 - RH56DFTP - INFO - 开始设置寄存器: POS_SET(4), 值: 0
2026-09-24 17:57:45,415 - RH56DFTP - INFO - 成功设置寄存器 POS_SET(4): 值=0, 起始地址=1482
2026-09-24 17:57:45,415 - RH56DFTP - INFO - 开始设置寄存器: POS_SET(5), 值: 0
2026-09-24 17:57:45,417 - RH56DFTP - INFO - 成功设置寄存器 POS_SET(5): 值=0, 起始地址=1484
2026-09-24 17:57:45,529 - RH56DFTP - INFO - 开始设置寄存器: POS_SET(0), 值: 0
2026-09-24 17:57:45,537 - RH56DFTP - INFO - 成功设置寄存器 POS_SET(0): 值=0, 起始地址=1474
2026-09-24 17:57:45,537 - RH56DFTP - INFO - 开始设置寄存器: POS_SET(1), 值: 0
2026-09-24 17:57:45,541 - RH56DFTP - INFO - 成功设置寄存器 POS_SET(1): 值=0, 起始地址=1476
2026-09-24 17:57:45,541 - RH56DFTP - INFO - 开始设置寄存器: POS_SET(2), 值: 0
2026-09-24 17:57:45,548 - RH56DFTP - INFO - 成功设置寄存器 POS_SET(2): 值=0, 起始地址=1478
2026-09-24 17:57:45,548 - RH56DFTP - INFO - 开始设置寄存器: POS_SET(3), 值: 0
2026-09-24 17:57:45,549 - RH56DFTP - INFO - 成功设置寄存器 POS_SET(3): 值=0, 起始地址=1480
2026-09-24 17:57:45,549 - RH56DFTP - INFO - 开始设置寄存器: POS_SET(4), 值: 0
2026-09-24 17:57:45,551 - RH56DFTP - INFO - 成功设置寄存器 POS_SET(4): 值=0, 起始地址=1482
2026-09-24 17:57:45,551 - RH56DFTP - INFO - 开始设置寄存器: POS_SET(5), 值: 0
2026-09-24 17:57:45,553 - RH56DFTP - INFO - 成功设置寄存器 POS_SET(5): 值=0, 起始地址=1484
2026-09-24 17:57:45,649 - RH56DFTP - INFO - 开始设置寄存器: POS_SET(0), 值: 0
2026-09-24 17:57:45,651 - RH56DFTP - INFO - 成功设置寄存器 POS_SET(0): 值=0, 起始地址=1474
2026-09-24 17:57:45,651 - RH56DFTP - INFO - 开始设置寄存器: POS_SET(1), 值: 0
2026-09-24 17:57:45,661 - RH56DFTP - INFO - 成功设置寄存器 POS_SET(1): 值=0, 起始地址=1476
2026-09-24 17:57:45,662 - RH56DFTP - INFO - 开始设置寄存器: POS_SET(2), 值: 0
2026-09-24 17:57:45,663 - RH56DFTP - INFO - 成功设置寄存器 POS_SET(2): 值=0, 起始地址=1478
2026-09-24 17:57:45,663 - RH56DFTP - INFO - 开始设置寄存器: POS_SET(3), 值: 0
2026-09-24 17:57:45,665 - RH56DFTP - INFO - 成功设置寄存器 POS_SET(3): 值=0, 起始地址=1480
2026-09-24 17:57:45,665 - RH56DFTP - INFO - 开始设置寄存器: POS_SET(4), 值: 0
2026-09-24 17:57:45,672 - RH56DFTP - INFO - 成功设置寄存器 POS_SET(4): 值=0, 起始地址=1482
2026-09-24 17:57:45,672 - RH56DFTP - INFO - 开始设置寄存器: POS_SET(5), 值: 0
2026-09-24 17:57:45,674 - RH56DFTP - INFO - 成功设置寄存器 POS_SET(5): 值=0, 起始地址=1484
2026-09-24 17:57:45,768 - RH56DFTP - INFO - 开始设置寄存器: POS_SET(0), 值: 0
2026-09-24 17:57:45,770 - RH56DFTP - INFO - 成功设置寄存器 POS_SET(0): 值=0, 起始地址=1474
2026-09-24 17:57:45,770 - RH56DFTP - INFO - 开始设置寄存器: POS_SET(1), 值: 0
2026-09-24 17:57:45,772 - RH56DFTP - INFO - 成功设置寄存器 POS_SET(1): 值=0, 起始地址=1476
2026-09-24 17:57:45,772 - RH56DFTP - INFO - 开始设置寄存器: POS_SET(2), 值: 0
2026-09-24 17:57:45,773 - RH56DFTP - INFO - 成功设置寄存器 POS_SET(2): 值=0, 起始地址=1478
2026-09-24 17:57:45,774 - RH56DFTP - INFO - 开始设置寄存器: POS_SET(3), 值: 0
2026-09-24 17:57:45,785 - RH56DFTP - INFO - 成功设置寄存器 POS_SET(3): 值=0, 起始地址=1480
2026-09-24 17:57:45,785 - RH56DFTP - INFO - 开始设置寄存器: POS_SET(4), 值: 0
2026-09-24 17:57:45,787 - RH56DFTP - INFO - 成功设置寄存器 POS_SET(4): 值=0, 起始地址=1482
2026-09-24 17:57:45,787 - RH56DFTP - INFO - 开始设置寄存器: POS_SET(5), 值: 0
2026-09-24 17:57:45,789 - RH56DFTP - INFO - 成功设置寄存器 POS_SET(5): 值=0, 起始地址=1484
2026-09-24 17:57:45,925 - RH56DFTP - INFO - 开始设置寄存器: POS_SET(0), 值: 1
2026-09-24 17:57:45,928 - RH56DFTP - INFO - 成功设置寄存器 POS_SET(0): 值=1, 起始地址=1474
2026-09-24 17:57:45,929 - RH56DFTP - INFO - 开始设置寄存器: POS_SET(1), 值: 0
2026-09-24 17:57:45,930 - RH56DFTP - INFO - 成功设置寄存器 POS_SET(1): 值=0, 起始地址=1476
2026-09-24 17:57:45,930 - RH56DFTP - INFO - 开始设置寄存器: POS_SET(2), 值: 0
2026-09-24 17:57:45,941 - RH56DFTP - INFO - 成功设置寄存器 POS_SET(2): 值=0, 起始地址=1478
2026-09-24 17:57:45,941 - RH56DFTP - INFO - 开始设置寄存器: POS_SET(3), 值: 0
2026-09-24 17:57:45,942 - RH56DFTP - INFO - 成功设置寄存器 POS_SET(3): 值=0, 起始地址=1480
2026-09-24 17:57:45,943 - RH56DFTP - INFO - 开始设置寄存器: POS_SET(4), 值: 0
2026-09-24 17:57:45,944 - RH56DFTP - INFO - 成功设置寄存器 POS_SET(4): 值=0, 起始地址=1482
2026-09-24 17:57:45,945 - RH56DFTP - INFO - 开始设置寄存器: POS_SET(5), 值: 0
2026-09-24 17:57:45,952 - RH56DFTP - INFO - 成功设置寄存器 POS_SET(5): 值=0, 起始地址=1484
2026-09-24 17:57:46,043 - RH56DFTP - INFO - 开始设置寄存器: POS_SET(0), 值: 1
2026-09-24 17:57:46,045 - RH56DFTP - INFO - 成功设置寄存器 POS_SET(0): 值=1, 起始地址=1474
2026-09-24 17:57:46,045 - RH56DFTP - INFO - 开始设置寄存器: POS_SET(1), 值: 0
2026-09-24 17:57:46,047 - RH56DFTP - INFO - 成功设置寄存器 POS_SET(1): 值=0, 起始地址=1476
2026-09-24 17:57:46,048 - RH56DFTP - INFO - 开始设置寄存器: POS_SET(2), 值: 0
2026-09-24 17:57:46,050 - RH56DFTP - INFO - 成功设置寄存器 POS_SET(2): 值=0, 起始地址=1478
2026-09-24 17:57:46,050 - RH56DFTP - INFO - 开始设置寄存器: POS_SET(3), 值: 0
2026-09-24 17:57:46,052 - RH56DFTP - INFO - 成功设置寄存器 POS_SET(3): 值=0, 起始地址=1480
2026-09-24 17:57:46,052 - RH56DFTP - INFO - 开始设置寄存器: POS_SET(4), 值: 0
2026-09-24 17:57:46,054 - RH56DFTP - INFO - 成功设置寄存器 POS_SET(4): 值=0, 起始地址=1482
2026-09-24 17:57:46,054 - RH56DFTP - INFO - 开始设置寄存器: POS_SET(5), 值: 0
2026-09-24 17:57:46,069 - RH56DFTP - INFO - 成功设置寄存器 POS_SET(5): 值=0, 起始地址=1484
2026-09-24 17:57:46,277 - RH56DFTP - INFO - 开始设置寄存器: POS_SET(0), 值: 1
2026-09-24 17:57:46,281 - RH56DFTP - INFO - 成功设置寄存器 POS_SET(0): 值=1, 起始地址=1474
2026-09-24 17:57:46,281 - RH56DFTP - INFO - 开始设置寄存器: POS_SET(1), 值: 0
2026-09-24 17:57:46,284 - RH56DFTP - INFO - 成功设置寄存器 POS_SET(1): 值=0, 起始地址=1476
2026-09-24 17:57:46,284 - RH56DFTP - INFO - 开始设置寄存器: POS_SET(2), 值: 0
2026-09-24 17:57:46,285 - RH56DFTP - INFO - 成功设置寄存器 POS_SET(2): 值=0, 起始地址=1478
2026-09-24 17:57:46,286 - RH56DFTP - INFO - 开始设置寄存器: POS_SET(3), 值: 0
2026-09-24 17:57:46,292 - RH56DFTP - INFO - 成功设置寄存器 POS_SET(3): 值=0, 起始地址=1480
2026-09-24 17:57:46,292 - RH56DFTP - INFO - 开始设置寄存器: POS_SET(4), 值: 0
2026-09-24 17:57:46,294 - RH56DFTP - INFO - 成功设置寄存器 POS_SET(4): 值=0, 起始地址=1482
2026-09-24 17:57:46,294 - RH56DFTP - INFO - 开始设置寄存器: POS_SET(5), 值: 0
2026-09-24 17:57:46,297 - RH56DFTP - INFO - 成功设置寄存器 POS_SET(5): 值=0, 起始地址=1484
2026-09-24 17:57:46,396 - RH56DFTP - INFO - 开始设置寄存器: POS_SET(0), 值: 1
2026-09-24 17:57:46,405 - RH56DFTP - INFO - 成功设置寄存器 POS_SET(0): 值=1, 起始地址=1474
2026-09-24 17:57:46,405 - RH56DFTP - INFO - 开始设置寄存器: POS_SET(1), 值: 0
2026-09-24 17:57:46,408 - RH56DFTP - INFO - 成功设置寄存器 POS_SET(1): 值=0, 起始地址=1476
2026-09-24 17:57:46,408 - RH56DFTP - INFO - 开始设置寄存器: POS_SET(2), 值: 0
2026-09-24 17:57:46,410 - RH56DFTP - INFO - 成功设置寄存器 POS_SET(2): 值=0, 起始地址=1478
2026-09-24 17:57:46,410 - RH56DFTP - INFO - 开始设置寄存器: POS_SET(3), 值: 0
2026-09-24 17:57:46,417 - RH56DFTP - INFO - 成功设置寄存器 POS_SET(3): 值=0, 起始地址=1480
2026-09-24 17:57:46,417 - RH56DFTP - INFO - 开始设置寄存器: POS_SET(4), 值: 0
2026-09-24 17:57:46,418 - RH56DFTP - INFO - 成功设置寄存器 POS_SET(4): 值=0, 起始地址=1482
2026-09-24 17:57:46,419 - RH56DFTP - INFO - 开始设置寄存器: POS_SET(5), 值: 0
2026-09-24 17:57:46,422 - RH56DFTP - INFO - 成功设置寄存器 POS_SET(5): 值=0, 起始地址=1484
2026-09-24 17:57:46,558 - RH56DFTP - INFO - 开始设置寄存器: POS_SET(0), 值: 1
2026-09-24 17:57:46,560 - RH56DFTP - INFO - 成功设置寄存器 POS_SET(0): 值=1, 起始地址=1474
2026-09-24 17:57:46,560 - RH56DFTP - INFO - 开始设置寄存器: POS_SET(1), 值: 0
2026-09-24 17:57:46,562 - RH56DFTP - INFO - 成功设置寄存器 POS_SET(1): 值=0, 起始地址=1476
2026-09-24 17:57:46,562 - RH56DFTP - INFO - 开始设置寄存器: POS_SET(2), 值: 0
2026-09-24 17:57:46,565 - RH56DFTP - INFO - 成功设置寄存器 POS_SET(2): 值=0, 起始地址=1478
2026-09-24 17:57:46,566 - RH56DFTP - INFO - 开始设置寄存器: POS_SET(3), 值: 0
2026-09-24 17:57:46,572 - RH56DFTP - INFO - 成功设置寄存器 POS_SET(3): 值=0, 起始地址=1480
2026-09-24 17:57:46,573 - RH56DFTP - INFO - 开始设置寄存器: POS_SET(4), 值: 0
2026-09-24 17:57:46,574 - RH56DFTP - INFO - 成功设置寄存器 POS_SET(4): 值=0, 起始地址=1482
2026-09-24 17:57:46,574 - RH56DFTP - INFO - 开始设置寄存器: POS_SET(5), 值: 0
2026-09-24 17:57:46,576 - RH56DFTP - INFO - 成功设置寄存器 POS_SET(5): 值=0, 起始地址=1484
2026-09-24 17:57:46,691 - RH56DFTP - INFO - 开始设置寄存器: POS_SET(0), 值: 1
2026-09-24 17:57:46,696 - RH56DFTP - INFO - 成功设置寄存器 POS_SET(0): 值=1, 起始地址=1474
2026-09-24 17:57:46,696 - RH56DFTP - INFO - 开始设置寄存器: POS_SET(1), 值: 0
2026-09-24 17:57:46,699 - RH56DFTP - INFO - 成功设置寄存器 POS_SET(1): 值=0, 起始地址=1476
2026-09-24 17:57:46,699 - RH56DFTP - INFO - 开始设置寄存器: POS_SET(2), 值: 0
2026-09-24 17:57:46,701 - RH56DFTP - INFO - 成功设置寄存器 POS_SET(2): 值=0, 起始地址=1478
2026-09-24 17:57:46,702 - RH56DFTP - INFO - 开始设置寄存器: POS_SET(3), 值: 0
2026-09-24 17:57:46,715 - RH56DFTP - INFO - 成功设置寄存器 POS_SET(3): 值=0, 起始地址=1480
2026-09-24 17:57:46,717 - RH56DFTP - INFO - 开始设置寄存器: POS_SET(4), 值: 0
2026-09-24 17:57:46,720 - RH56DFTP - INFO - 成功设置寄存器 POS_SET(4): 值=0, 起始地址=1482
2026-09-24 17:57:46,721 - RH56DFTP - INFO - 开始设置寄存器: POS_SET(5), 值: 0
2026-09-24 17:57:46,727 - RH56DFTP - INFO - 成功设置寄存器 POS_SET(5): 值=0, 起始地址=1484
2026-09-24 17:57:46,856 - RH56DFTP - INFO - 开始设置寄存器: POS_SET(0), 值: 1
2026-09-24 17:57:46,857 - RH56DFTP - INFO - 成功设置寄存器 POS_SET(0): 值=1, 起始地址=1474
2026-09-24 17:57:46,858 - RH56DFTP - INFO - 开始设置寄存器: POS_SET(1), 值: 0
2026-09-24 17:57:46,859 - RH56DFTP - INFO - 成功设置寄存器 POS_SET(1): 值=0, 起始地址=1476
2026-09-24 17:57:46,860 - RH56DFTP - INFO - 开始设置寄存器: POS_SET(2), 值: 0
2026-09-24 17:57:46,870 - RH56DFTP - INFO - 成功设置寄存器 POS_SET(2): 值=0, 起始地址=1478
2026-09-24 17:57:46,870 - RH56DFTP - INFO - 开始设置寄存器: POS_SET(3), 值: 0
2026-09-24 17:57:46,872 - RH56DFTP - INFO - 成功设置寄存器 POS_SET(3): 值=0, 起始地址=1480
2026-09-24 17:57:46,872 - RH56DFTP - INFO - 开始设置寄存器: POS_SET(4), 值: 0
2026-09-24 17:57:46,874 - RH56DFTP - INFO - 成功设置寄存器 POS_SET(4): 值=0, 起始地址=1482
2026-09-24 17:57:46,874 - RH56DFTP - INFO - 开始设置寄存器: POS_SET(5), 值: 0
2026-09-24 17:57:46,880 - RH56DFTP - INFO - 成功设置寄存器 POS_SET(5): 值=0, 起始地址=1484
2026-09-24 17:57:46,992 - RH56DFTP - INFO - 开始设置寄存器: POS_SET(0), 值: 1
2026-09-24 17:57:46,994 - RH56DFTP - INFO - 成功设置寄存器 POS_SET(0): 值=1, 起始地址=1474
2026-09-24 17:57:46,994 - RH56DFTP - INFO - 开始设置寄存器: POS_SET(1), 值: 0
2026-09-24 17:57:46,997 - RH56DFTP - INFO - 成功设置寄存器 POS_SET(1): 值=0, 起始地址=1476
2026-09-24 17:57:46,997 - RH56DFTP - INFO - 开始设置寄存器: POS_SET(2), 值: 0
2026-09-24 17:57:46,999 - RH56DFTP - INFO - 成功设置寄存器 POS_SET(2): 值=0, 起始地址=1478
2026-09-24 17:57:46,999 - RH56DFTP - INFO - 开始设置寄存器: POS_SET(3), 值: 0
2026-09-24 17:57:47,006 - RH56DFTP - INFO - 成功设置寄存器 POS_SET(3): 值=0, 起始地址=1480
2026-09-24 17:57:47,007 - RH56DFTP - INFO - 开始设置寄存器: POS_SET(4), 值: 0
2026-09-24 17:57:47,009 - RH56DFTP - INFO - 成功设置寄存器 POS_SET(4): 值=0, 起始地址=1482
2026-09-24 17:57:47,009 - RH56DFTP - INFO - 开始设置寄存器: POS_SET(5), 值: 0
2026-09-24 17:57:47,011 - RH56DFTP - INFO - 成功设置寄存器 POS_SET(5): 值=0, 起始地址=1484
2026-09-24 17:57:47,109 - RH56DFTP - INFO - 开始设置寄存器: POS_SET(0), 值: 1
2026-09-24 17:57:47,118 - RH56DFTP - INFO - 成功设置寄存器 POS_SET(0): 值=1, 起始地址=1474
2026-09-24 17:57:47,119 - RH56DFTP - INFO - 开始设置寄存器: POS_SET(1), 值: 0
2026-09-24 17:57:47,121 - RH56DFTP - INFO - 成功设置寄存器 POS_SET(1): 值=0, 起始地址=1476
2026-09-24 17:57:47,121 - RH56DFTP - INFO - 开始设置寄存器: POS_SET(2), 值: 0
2026-09-24 17:57:47,123 - RH56DFTP - INFO - 成功设置寄存器 POS_SET(2): 值=0, 起始地址=1478
2026-09-24 17:57:47,123 - RH56DFTP - INFO - 开始设置寄存器: POS_SET(3), 值: 0
2026-09-24 17:57:47,129 - RH56DFTP - INFO - 成功设置寄存器 POS_SET(3): 值=0, 起始地址=1480
2026-09-24 17:57:47,129 - RH56DFTP - INFO - 开始设置寄存器: POS_SET(4), 值: 0
2026-09-24 17:57:47,131 - RH56DFTP - INFO - 成功设置寄存器 POS_SET(4): 值=0, 起始地址=1482
2026-09-24 17:57:47,131 - RH56DFTP - INFO - 开始设置寄存器: POS_SET(5), 值: 0
2026-09-24 17:57:47,133 - RH56DFTP - INFO - 成功设置寄存器 POS_SET(5): 值=0, 起始地址=1484
2026-09-24 17:57:47,219 - RH56DFTP - INFO - 开始设置寄存器: POS_SET(0), 值: 1
2026-09-24 17:57:47,335 - RH56DFTP - INFO - 成功设置寄存器 POS_SET(0): 值=1, 起始地址=1474
2026-09-24 17:57:47,335 - RH56DFTP - INFO - 开始设置寄存器: POS_SET(1), 值: 0
2026-09-24 17:57:47,337 - RH56DFTP - INFO - 成功设置寄存器 POS_SET(1): 值=0, 起始地址=1476
2026-09-24 17:57:47,337 - RH56DFTP - INFO - 开始设置寄存器: POS_SET(2), 值: 0
2026-09-24 17:57:47,339 - RH56DFTP - INFO - 成功设置寄存器 POS_SET(2): 值=0, 起始地址=1478
2026-09-24 17:57:47,339 - RH56DFTP - INFO - 开始设置寄存器: POS_SET(3), 值: 0
2026-09-24 17:57:47,347 - RH56DFTP - INFO - 成功设置寄存器 POS_SET(3): 值=0, 起始地址=1480
2026-09-24 17:57:47,348 - RH56DFTP - INFO - 开始设置寄存器: POS_SET(4), 值: 0
2026-09-24 17:57:47,349 - RH56DFTP - INFO - 成功设置寄存器 POS_SET(4): 值=0, 起始地址=1482
2026-09-24 17:57:47,349 - RH56DFTP - INFO - 开始设置寄存器: POS_SET(5), 值: 0
2026-09-24 17:57:47,351 - RH56DFTP - INFO - 成功设置寄存器 POS_SET(5): 值=0, 起始地址=1484
2026-09-24 17:57:47,433 - RH56DFTP - INFO - 开始设置寄存器: POS_SET(0), 值: 1
2026-09-24 17:57:47,440 - RH56DFTP - INFO - 成功设置寄存器 POS_SET(0): 值=1, 起始地址=1474
2026-09-24 17:57:47,440 - RH56DFTP - INFO - 开始设置寄存器: POS_SET(1), 值: 0
2026-09-24 17:57:47,442 - RH56DFTP - INFO - 成功设置寄存器 POS_SET(1): 值=0, 起始地址=1476
2026-09-24 17:57:47,442 - RH56DFTP - INFO - 开始设置寄存器: POS_SET(2), 值: 0
2026-09-24 17:57:47,444 - RH56DFTP - INFO - 成功设置寄存器 POS_SET(2): 值=0, 起始地址=1478
2026-09-24 17:57:47,444 - RH56DFTP - INFO - 开始设置寄存器: POS_SET(3), 值: 0
2026-09-24 17:57:47,445 - RH56DFTP - INFO - 成功设置寄存器 POS_SET(3): 值=0, 起始地址=1480
2026-09-24 17:57:47,446 - RH56DFTP - INFO - 开始设置寄存器: POS_SET(4), 值: 0
2026-09-24 17:57:47,448 - RH56DFTP - INFO - 成功设置寄存器 POS_SET(4): 值=0, 起始地址=1482
2026-09-24 17:57:47,449 - RH56DFTP - INFO - 开始设置寄存器: POS_SET(5), 值: 0
2026-09-24 17:57:47,459 - RH56DFTP - INFO - 成功设置寄存器 POS_SET(5): 值=0, 起始地址=1484
2026-09-24 17:57:47,563 - RH56DFTP - INFO - 开始设置寄存器: POS_SET(0), 值: 1
2026-09-24 17:57:47,565 - RH56DFTP - INFO - 成功设置寄存器 POS_SET(0): 值=1, 起始地址=1474
2026-09-24 17:57:47,565 - RH56DFTP - INFO - 开始设置寄存器: POS_SET(1), 值: 0
2026-09-24 17:57:47,567 - RH56DFTP - INFO - 成功设置寄存器 POS_SET(1): 值=0, 起始地址=1476
2026-09-24 17:57:47,568 - RH56DFTP - INFO - 开始设置寄存器: POS_SET(2), 值: 0
2026-09-24 17:57:47,570 - RH56DFTP - INFO - 成功设置寄存器 POS_SET(2): 值=0, 起始地址=1478
2026-09-24 17:57:47,570 - RH56DFTP - INFO - 开始设置寄存器: POS_SET(3), 值: 0
2026-09-24 17:57:47,571 - RH56DFTP - INFO - 成功设置寄存器 POS_SET(3): 值=0, 起始地址=1480
2026-09-24 17:57:47,572 - RH56DFTP - INFO - 开始设置寄存器: POS_SET(4), 值: 0
2026-09-24 17:57:47,583 - RH56DFTP - INFO - 成功设置寄存器 POS_SET(4): 值=0, 起始地址=1482
2026-09-24 17:57:47,583 - RH56DFTP - INFO - 开始设置寄存器: POS_SET(5), 值: 0
2026-09-24 17:57:47,585 - RH56DFTP - INFO - 成功设置寄存器 POS_SET(5): 值=0, 起始地址=1484
2026-09-24 17:57:47,692 - RH56DFTP - INFO - 开始设置寄存器: POS_SET(0), 值: 1
2026-09-24 17:57:47,694 - RH56DFTP - INFO - 成功设置寄存器 POS_SET(0): 值=1, 起始地址=1474
2026-09-24 17:57:47,695 - RH56DFTP - INFO - 开始设置寄存器: POS_SET(1), 值: 0
2026-09-24 17:57:47,696 - RH56DFTP - INFO - 成功设置寄存器 POS_SET(1): 值=0, 起始地址=1476
2026-09-24 17:57:47,697 - RH56DFTP - INFO - 开始设置寄存器: POS_SET(2), 值: 0
2026-09-24 17:57:47,708 - RH56DFTP - INFO - 成功设置寄存器 POS_SET(2): 值=0, 起始地址=1478
2026-09-24 17:57:47,708 - RH56DFTP - INFO - 开始设置寄存器: POS_SET(3), 值: 0
2026-09-24 17:57:47,711 - RH56DFTP - INFO - 成功设置寄存器 POS_SET(3): 值=0, 起始地址=1480
2026-09-24 17:57:47,711 - RH56DFTP - INFO - 开始设置寄存器: POS_SET(4), 值: 0
2026-09-24 17:57:47,717 - RH56DFTP - INFO - 成功设置寄存器 POS_SET(4): 值=0, 起始地址=1482
2026-09-24 17:57:47,718 - RH56DFTP - INFO - 开始设置寄存器: POS_SET(5), 值: 0
2026-09-24 17:57:47,720 - RH56DFTP - INFO - 成功设置寄存器 POS_SET(5): 值=0, 起始地址=1484
2026-09-24 17:57:47,805 - RH56DFTP - INFO - 开始设置寄存器: POS_SET(0), 值: 1
2026-09-24 17:57:47,811 - RH56DFTP - INFO - 成功设置寄存器 POS_SET(0): 值=1, 起始地址=1474
2026-09-24 17:57:47,812 - RH56DFTP - INFO - 开始设置寄存器: POS_SET(1), 值: 0
2026-09-24 17:57:47,813 - RH56DFTP - INFO - 成功设置寄存器 POS_SET(1): 值=0, 起始地址=1476
2026-09-24 17:57:47,813 - RH56DFTP - INFO - 开始设置寄存器: POS_SET(2), 值: 0
2026-09-24 17:57:47,815 - RH56DFTP - INFO - 成功设置寄存器 POS_SET(2): 值=0, 起始地址=1478
2026-09-24 17:57:47,815 - RH56DFTP - INFO - 开始设置寄存器: POS_SET(3), 值: 0
2026-09-24 17:57:47,817 - RH56DFTP - INFO - 成功设置寄存器 POS_SET(3): 值=0, 起始地址=1480
2026-09-24 17:57:47,817 - RH56DFTP - INFO - 开始设置寄存器: POS_SET(4), 值: 0
2026-09-24 17:57:47,819 - RH56DFTP - INFO - 成功设置寄存器 POS_SET(4): 值=0, 起始地址=1482
2026-09-24 17:57:47,819 - RH56DFTP - INFO - 开始设置寄存器: POS_SET(5), 值: 0
2026-09-24 17:57:47,821 - RH56DFTP - INFO - 成功设置寄存器 POS_SET(5): 值=0, 起始地址=1484
2026-09-24 17:57:47,936 - RH56DFTP - INFO - 开始设置寄存器: POS_SET(0), 值: 1
2026-09-24 17:57:47,939 - RH56DFTP - INFO - 成功设置寄存器 POS_SET(0): 值=1, 起始地址=1474
2026-09-24 17:57:47,940 - RH56DFTP - INFO - 开始设置寄存器: POS_SET(1), 值: 0
2026-09-24 17:57:47,941 - RH56DFTP - INFO - 成功设置寄存器 POS_SET(1): 值=0, 起始地址=1476
2026-09-24 17:57:47,941 - RH56DFTP - INFO - 开始设置寄存器: POS_SET(2), 值: 0
2026-09-24 17:57:47,943 - RH56DFTP - INFO - 成功设置寄存器 POS_SET(2): 值=0, 起始地址=1478
2026-09-24 17:57:47,943 - RH56DFTP - INFO - 开始设置寄存器: POS_SET(3), 值: 0
2026-09-24 17:57:47,955 - RH56DFTP - INFO - 成功设置寄存器 POS_SET(3): 值=0, 起始地址=1480
2026-09-24 17:57:47,955 - RH56DFTP - INFO - 开始设置寄存器: POS_SET(4), 值: 0
2026-09-24 17:57:47,958 - RH56DFTP - INFO - 成功设置寄存器 POS_SET(4): 值=0, 起始地址=1482
2026-09-24 17:57:47,958 - RH56DFTP - INFO - 开始设置寄存器: POS_SET(5), 值: 0
2026-09-24 17:57:47,959 - RH56DFTP - INFO - 成功设置寄存器 POS_SET(5): 值=0, 起始地址=1484
2026-09-24 17:57:48,058 - RH56DFTP - INFO - 开始设置寄存器: POS_SET(0), 值: 1
2026-09-24 17:57:48,060 - RH56DFTP - INFO - 成功设置寄存器 POS_SET(0): 值=1, 起始地址=1474
2026-09-24 17:57:48,060 - RH56DFTP - INFO - 开始设置寄存器: POS_SET(1), 值: 0
2026-09-24 17:57:48,062 - RH56DFTP - INFO - 成功设置寄存器 POS_SET(1): 值=0, 起始地址=1476
2026-09-24 17:57:48,062 - RH56DFTP - INFO - 开始设置寄存器: POS_SET(2), 值: 0
2026-09-24 17:57:48,064 - RH56DFTP - INFO - 成功设置寄存器 POS_SET(2): 值=0, 起始地址=1478
2026-09-24 17:57:48,064 - RH56DFTP - INFO - 开始设置寄存器: POS_SET(3), 值: 0
2026-09-24 17:57:48,066 - RH56DFTP - INFO - 成功设置寄存器 POS_SET(3): 值=0, 起始地址=1480
2026-09-24 17:57:48,067 - RH56DFTP - INFO - 开始设置寄存器: POS_SET(4), 值: 0
2026-09-24 17:57:48,069 - RH56DFTP - INFO - 成功设置寄存器 POS_SET(4): 值=0, 起始地址=1482
2026-09-24 17:57:48,069 - RH56DFTP - INFO - 开始设置寄存器: POS_SET(5), 值: 0
2026-09-24 17:57:48,079 - RH56DFTP - INFO - 成功设置寄存器 POS_SET(5): 值=0, 起始地址=1484
2026-09-24 17:57:48,183 - RH56DFTP - INFO - 开始设置寄存器: POS_SET(0), 值: 1
2026-09-24 17:57:48,185 - RH56DFTP - INFO - 成功设置寄存器 POS_SET(0): 值=1, 起始地址=1474
2026-09-24 17:57:48,185 - RH56DFTP - INFO - 开始设置寄存器: POS_SET(1), 值: 0
2026-09-24 17:57:48,187 - RH56DFTP - INFO - 成功设置寄存器 POS_SET(1): 值=0, 起始地址=1476
2026-09-24 17:57:48,188 - RH56DFTP - INFO - 开始设置寄存器: POS_SET(2), 值: 0
2026-09-24 17:57:48,190 - RH56DFTP - INFO - 成功设置寄存器 POS_SET(2): 值=0, 起始地址=1478
2026-09-24 17:57:48,190 - RH56DFTP - INFO - 开始设置寄存器: POS_SET(3), 值: 0
2026-09-24 17:57:48,191 - RH56DFTP - INFO - 成功设置寄存器 POS_SET(3): 值=0, 起始地址=1480
2026-09-24 17:57:48,191 - RH56DFTP - INFO - 开始设置寄存器: POS_SET(4), 值: 0
2026-09-24 17:57:48,203 - RH56DFTP - INFO - 成功设置寄存器 POS_SET(4): 值=0, 起始地址=1482
2026-09-24 17:57:48,203 - RH56DFTP - INFO - 开始设置寄存器: POS_SET(5), 值: 0
2026-09-24 17:57:48,204 - RH56DFTP - INFO - 成功设置寄存器 POS_SET(5): 值=0, 起始地址=1484
2026-09-24 17:57:48,300 - RH56DFTP - INFO - 开始设置寄存器: POS_SET(0), 值: 1
2026-09-24 17:57:48,306 - RH56DFTP - INFO - 成功设置寄存器 POS_SET(0): 值=1, 起始地址=1474
2026-09-24 17:57:48,308 - RH56DFTP - INFO - 开始设置寄存器: POS_SET(1), 值: 0
2026-09-24 17:57:48,310 - RH56DFTP - INFO - 成功设置寄存器 POS_SET(1): 值=0, 起始地址=1476
2026-09-24 17:57:48,310 - RH56DFTP - INFO - 开始设置寄存器: POS_SET(2), 值: 0
2026-09-24 17:57:48,312 - RH56DFTP - INFO - 成功设置寄存器 POS_SET(2): 值=0, 起始地址=1478
2026-09-24 17:57:48,312 - RH56DFTP - INFO - 开始设置寄存器: POS_SET(3), 值: 0
2026-09-24 17:57:48,314 - RH56DFTP - INFO - 成功设置寄存器 POS_SET(3): 值=0, 起始地址=1480
2026-09-24 17:57:48,314 - RH56DFTP - INFO - 开始设置寄存器: POS_SET(4), 值: 0
2026-09-24 17:57:48,316 - RH56DFTP - INFO - 成功设置寄存器 POS_SET(4): 值=0, 起始地址=1482
2026-09-24 17:57:48,316 - RH56DFTP - INFO - 开始设置寄存器: POS_SET(5), 值: 0
2026-09-24 17:57:48,326 - RH56DFTP - INFO - 成功设置寄存器 POS_SET(5): 值=0, 起始地址=1484
2026-09-24 17:57:48,437 - RH56DFTP - INFO - 开始设置寄存器: POS_SET(0), 值: 1
2026-09-24 17:57:48,439 - RH56DFTP - INFO - 成功设置寄存器 POS_SET(0): 值=1, 起始地址=1474
2026-09-24 17:57:48,439 - RH56DFTP - INFO - 开始设置寄存器: POS_SET(1), 值: 0
2026-09-24 17:57:48,441 - RH56DFTP - INFO - 成功设置寄存器 POS_SET(1): 值=0, 起始地址=1476
2026-09-24 17:57:48,441 - RH56DFTP - INFO - 开始设置寄存器: POS_SET(2), 值: 0
2026-09-24 17:57:48,452 - RH56DFTP - INFO - 成功设置寄存器 POS_SET(2): 值=0, 起始地址=1478
2026-09-24 17:57:48,452 - RH56DFTP - INFO - 开始设置寄存器: POS_SET(3), 值: 0
2026-09-24 17:57:48,455 - RH56DFTP - INFO - 成功设置寄存器 POS_SET(3): 值=0, 起始地址=1480
2026-09-24 17:57:48,455 - RH56DFTP - INFO - 开始设置寄存器: POS_SET(4), 值: 0
2026-09-24 17:57:48,462 - RH56DFTP - INFO - 成功设置寄存器 POS_SET(4): 值=0, 起始地址=1482
2026-09-24 17:57:48,462 - RH56DFTP - INFO - 开始设置寄存器: POS_SET(5), 值: 0
2026-09-24 17:57:48,465 - RH56DFTP - INFO - 成功设置寄存器 POS_SET(5): 值=0, 起始地址=1484
2026-09-24 17:57:48,563 - RH56DFTP - INFO - 开始设置寄存器: POS_SET(0), 值: 1
2026-09-24 17:57:48,574 - RH56DFTP - INFO - 成功设置寄存器 POS_SET(0): 值=1, 起始地址=1474
2026-09-24 17:57:48,575 - RH56DFTP - INFO - 开始设置寄存器: POS_SET(1), 值: 0
2026-09-24 17:57:48,577 - RH56DFTP - INFO - 成功设置寄存器 POS_SET(1): 值=0, 起始地址=1476
2026-09-24 17:57:48,577 - RH56DFTP - INFO - 开始设置寄存器: POS_SET(2), 值: 0
2026-09-24 17:57:48,579 - RH56DFTP - INFO - 成功设置寄存器 POS_SET(2): 值=0, 起始地址=1478
2026-09-24 17:57:48,579 - RH56DFTP - INFO - 开始设置寄存器: POS_SET(3), 值: 0
2026-09-24 17:57:48,585 - RH56DFTP - INFO - 成功设置寄存器 POS_SET(3): 值=0, 起始地址=1480
2026-09-24 17:57:48,586 - RH56DFTP - INFO - 开始设置寄存器: POS_SET(4), 值: 0
2026-09-24 17:57:48,589 - RH56DFTP - INFO - 成功设置寄存器 POS_SET(4): 值=0, 起始地址=1482
2026-09-24 17:57:48,589 - RH56DFTP - INFO - 开始设置寄存器: POS_SET(5), 值: 0
2026-09-24 17:57:48,591 - RH56DFTP - INFO - 成功设置寄存器 POS_SET(5): 值=0, 起始地址=1484
2026-09-24 17:57:48,682 - RH56DFTP - INFO - 开始设置寄存器: POS_SET(0), 值: 1
2026-09-24 17:57:48,684 - RH56DFTP - INFO - 成功设置寄存器 POS_SET(0): 值=1, 起始地址=1474
2026-09-24 17:57:48,684 - RH56DFTP - INFO - 开始设置寄存器: POS_SET(1), 值: 0
2026-09-24 17:57:48,687 - RH56DFTP - INFO - 成功设置寄存器 POS_SET(1): 值=0, 起始地址=1476
2026-09-24 17:57:48,687 - RH56DFTP - INFO - 开始设置寄存器: POS_SET(2), 值: 0
2026-09-24 17:57:48,699 - RH56DFTP - INFO - 成功设置寄存器 POS_SET(2): 值=0, 起始地址=1478
2026-09-24 17:57:48,699 - RH56DFTP - INFO - 开始设置寄存器: POS_SET(3), 值: 0
2026-09-24 17:57:48,701 - RH56DFTP - INFO - 成功设置寄存器 POS_SET(3): 值=0, 起始地址=1480
2026-09-24 17:57:48,701 - RH56DFTP - INFO - 开始设置寄存器: POS_SET(4), 值: 0
2026-09-24 17:57:48,703 - RH56DFTP - INFO - 成功设置寄存器 POS_SET(4): 值=0, 起始地址=1482
2026-09-24 17:57:48,703 - RH56DFTP - INFO - 开始设置寄存器: POS_SET(5), 值: 0
2026-09-24 17:57:48,710 - RH56DFTP - INFO - 成功设置寄存器 POS_SET(5): 值=0, 起始地址=1484
2026-09-24 17:57:48,809 - RH56DFTP - INFO - 开始设置寄存器: POS_SET(0), 值: 1
2026-09-24 17:57:48,812 - RH56DFTP - INFO - 成功设置寄存器 POS_SET(0): 值=1, 起始地址=1474
2026-09-24 17:57:48,812 - RH56DFTP - INFO - 开始设置寄存器: POS_SET(1), 值: 0
2026-09-24 17:57:48,823 - RH56DFTP - INFO - 成功设置寄存器 POS_SET(1): 值=0, 起始地址=1476
2026-09-24 17:57:48,823 - RH56DFTP - INFO - 开始设置寄存器: POS_SET(2), 值: 0
2026-09-24 17:57:48,825 - RH56DFTP - INFO - 成功设置寄存器 POS_SET(2): 值=0, 起始地址=1478
2026-09-24 17:57:48,825 - RH56DFTP - INFO - 开始设置寄存器: POS_SET(3), 值: 0
2026-09-24 17:57:48,827 - RH56DFTP - INFO - 成功设置寄存器 POS_SET(3): 值=0, 起始地址=1480
2026-09-24 17:57:48,828 - RH56DFTP - INFO - 开始设置寄存器: POS_SET(4), 值: 0
2026-09-24 17:57:48,836 - RH56DFTP - INFO - 成功设置寄存器 POS_SET(4): 值=0, 起始地址=1482
2026-09-24 17:57:48,837 - RH56DFTP - INFO - 开始设置寄存器: POS_SET(5), 值: 0
2026-09-24 17:57:48,841 - RH56DFTP - INFO - 成功设置寄存器 POS_SET(5): 值=0, 起始地址=1484
2026-09-24 17:57:48,930 - RH56DFTP - INFO - 开始设置寄存器: POS_SET(0), 值: 1
2026-09-24 17:57:48,931 - RH56DFTP - INFO - 成功设置寄存器 POS_SET(0): 值=1, 起始地址=1474
2026-09-24 17:57:48,931 - RH56DFTP - INFO - 开始设置寄存器: POS_SET(1), 值: 0
2026-09-24 17:57:48,933 - RH56DFTP - INFO - 成功设置寄存器 POS_SET(1): 值=0, 起始地址=1476
2026-09-24 17:57:48,933 - RH56DFTP - INFO - 开始设置寄存器: POS_SET(2), 值: 0
2026-09-24 17:57:48,935 - RH56DFTP - INFO - 成功设置寄存器 POS_SET(2): 值=0, 起始地址=1478
2026-09-24 17:57:48,935 - RH56DFTP - INFO - 开始设置寄存器: POS_SET(3), 值: 0
2026-09-24 17:57:48,947 - RH56DFTP - INFO - 成功设置寄存器 POS_SET(3): 值=0, 起始地址=1480
2026-09-24 17:57:48,949 - RH56DFTP - INFO - 开始设置寄存器: POS_SET(4), 值: 0
2026-09-24 17:57:48,950 - RH56DFTP - INFO - 成功设置寄存器 POS_SET(4): 值=0, 起始地址=1482
2026-09-24 17:57:48,950 - RH56DFTP - INFO - 开始设置寄存器: POS_SET(5), 值: 0
2026-09-24 17:57:48,957 - RH56DFTP - INFO - 成功设置寄存器 POS_SET(5): 值=0, 起始地址=1484
2026-09-24 17:57:49,083 - RH56DFTP - INFO - 开始设置寄存器: POS_SET(0), 值: 1
2026-09-24 17:57:49,084 - RH56DFTP - INFO - 成功设置寄存器 POS_SET(0): 值=1, 起始地址=1474
2026-09-24 17:57:49,084 - RH56DFTP - INFO - 开始设置寄存器: POS_SET(1), 值: 0
2026-09-24 17:57:49,086 - RH56DFTP - INFO - 成功设置寄存器 POS_SET(1): 值=0, 起始地址=1476
2026-09-24 17:57:49,087 - RH56DFTP - INFO - 开始设置寄存器: POS_SET(2), 值: 0
2026-09-24 17:57:49,090 - RH56DFTP - INFO - 成功设置寄存器 POS_SET(2): 值=0, 起始地址=1478
2026-09-24 17:57:49,090 - RH56DFTP - INFO - 开始设置寄存器: POS_SET(3), 值: 0
2026-09-24 17:57:49,091 - RH56DFTP - INFO - 成功设置寄存器 POS_SET(3): 值=0, 起始地址=1480
2026-09-24 17:57:49,092 - RH56DFTP - INFO - 开始设置寄存器: POS_SET(4), 值: 0
2026-09-24 17:57:49,102 - RH56DFTP - INFO - 成功设置寄存器 POS_SET(4): 值=0, 起始地址=1482
2026-09-24 17:57:49,103 - RH56DFTP - INFO - 开始设置寄存器: POS_SET(5), 值: 0
2026-09-24 17:57:49,105 - RH56DFTP - INFO - 成功设置寄存器 POS_SET(5): 值=0, 起始地址=1484
2026-09-24 17:57:49,198 - RH56DFTP - INFO - 开始设置寄存器: POS_SET(0), 值: 1
2026-09-24 17:57:49,200 - RH56DFTP - INFO - 成功设置寄存器 POS_SET(0): 值=1, 起始地址=1474
2026-09-24 17:57:49,200 - RH56DFTP - INFO - 开始设置寄存器: POS_SET(1), 值: 0
2026-09-24 17:57:49,208 - RH56DFTP - INFO - 成功设置寄存器 POS_SET(1): 值=0, 起始地址=1476
2026-09-24 17:57:49,208 - RH56DFTP - INFO - 开始设置寄存器: POS_SET(2), 值: 0
2026-09-24 17:57:49,210 - RH56DFTP - INFO - 成功设置寄存器 POS_SET(2): 值=0, 起始地址=1478
2026-09-24 17:57:49,210 - RH56DFTP - INFO - 开始设置寄存器: POS_SET(3), 值: 0
2026-09-24 17:57:49,212 - RH56DFTP - INFO - 成功设置寄存器 POS_SET(3): 值=0, 起始地址=1480
2026-09-24 17:57:49,212 - RH56DFTP - INFO - 开始设置寄存器: POS_SET(4), 值: 0
2026-09-24 17:57:49,213 - RH56DFTP - INFO - 成功设置寄存器 POS_SET(4): 值=0, 起始地址=1482
2026-09-24 17:57:49,214 - RH56DFTP - INFO - 开始设置寄存器: POS_SET(5), 值: 0
2026-09-24 17:57:49,215 - RH56DFTP - INFO - 成功设置寄存器 POS_SET(5): 值=0, 起始地址=1484
2026-09-24 17:57:49,301 - RH56DFTP - INFO - 开始设置寄存器: POS_SET(0), 值: 1
2026-09-24 17:57:49,304 - RH56DFTP - INFO - 成功设置寄存器 POS_SET(0): 值=1, 起始地址=1474
2026-09-24 17:57:49,304 - RH56DFTP - INFO - 开始设置寄存器: POS_SET(1), 值: 0
2026-09-24 17:57:49,307 - RH56DFTP - INFO - 成功设置寄存器 POS_SET(1): 值=0, 起始地址=1476
2026-09-24 17:57:49,308 - RH56DFTP - INFO - 开始设置寄存器: POS_SET(2), 值: 0
2026-09-24 17:57:49,318 - RH56DFTP - INFO - 成功设置寄存器 POS_SET(2): 值=0, 起始地址=1478
2026-09-24 17:57:49,318 - RH56DFTP - INFO - 开始设置寄存器: POS_SET(3), 值: 0
2026-09-24 17:57:49,320 - RH56DFTP - INFO - 成功设置寄存器 POS_SET(3): 值=0, 起始地址=1480
2026-09-24 17:57:49,320 - RH56DFTP - INFO - 开始设置寄存器: POS_SET(4), 值: 0
2026-09-24 17:57:49,323 - RH56DFTP - INFO - 成功设置寄存器 POS_SET(4): 值=0, 起始地址=1482
2026-09-24 17:57:49,323 - RH56DFTP - INFO - 开始设置寄存器: POS_SET(5), 值: 0
2026-09-24 17:57:49,329 - RH56DFTP - INFO - 成功设置寄存器 POS_SET(5): 值=0, 起始地址=1484
2026-09-24 17:57:49,418 - RH56DFTP - INFO - 开始设置寄存器: POS_SET(0), 值: 1
2026-09-24 17:57:49,423 - RH56DFTP - INFO - 成功设置寄存器 POS_SET(0): 值=1, 起始地址=1474
2026-09-24 17:57:49,424 - RH56DFTP - INFO - 开始设置寄存器: POS_SET(1), 值: 1
2026-09-24 17:57:49,425 - RH56DFTP - INFO - 成功设置寄存器 POS_SET(1): 值=1, 起始地址=1476
2026-09-24 17:57:49,426 - RH56DFTP - INFO - 开始设置寄存器: POS_SET(2), 值: 0
2026-09-24 17:57:49,429 - RH56DFTP - INFO - 成功设置寄存器 POS_SET(2): 值=0, 起始地址=1478
2026-09-24 17:57:49,429 - RH56DFTP - INFO - 开始设置寄存器: POS_SET(3), 值: 0
2026-09-24 17:57:49,431 - RH56DFTP - INFO - 成功设置寄存器 POS_SET(3): 值=0, 起始地址=1480
2026-09-24 17:57:49,431 - RH56DFTP - INFO - 开始设置寄存器: POS_SET(4), 值: 0
2026-09-24 17:57:49,433 - RH56DFTP - INFO - 成功设置寄存器 POS_SET(4): 值=0, 起始地址=1482
2026-09-24 17:57:49,433 - RH56DFTP - INFO - 开始设置寄存器: POS_SET(5), 值: 0
2026-09-24 17:57:49,443 - RH56DFTP - INFO - 成功设置寄存器 POS_SET(5): 值=0, 起始地址=1484
2026-09-24 17:57:49,543 - RH56DFTP - INFO - 开始设置寄存器: POS_SET(0), 值: 1
2026-09-24 17:57:49,548 - RH56DFTP - INFO - 成功设置寄存器 POS_SET(0): 值=1, 起始地址=1474
2026-09-24 17:57:49,548 - RH56DFTP - INFO - 开始设置寄存器: POS_SET(1), 值: 1
2026-09-24 17:57:49,550 - RH56DFTP - INFO - 成功设置寄存器 POS_SET(1): 值=1, 起始地址=1476
2026-09-24 17:57:49,550 - RH56DFTP - INFO - 开始设置寄存器: POS_SET(2), 值: 0
2026-09-24 17:57:49,552 - RH56DFTP - INFO - 成功设置寄存器 POS_SET(2): 值=0, 起始地址=1478
2026-09-24 17:57:49,552 - RH56DFTP - INFO - 开始设置寄存器: POS_SET(3), 值: 0
2026-09-24 17:57:49,554 - RH56DFTP - INFO - 成功设置寄存器 POS_SET(3): 值=0, 起始地址=1480
2026-09-24 17:57:49,554 - RH56DFTP - INFO - 开始设置寄存器: POS_SET(4), 值: 0
2026-09-24 17:57:49,555 - RH56DFTP - INFO - 成功设置寄存器 POS_SET(4): 值=0, 起始地址=1482
2026-09-24 17:57:49,556 - RH56DFTP - INFO - 开始设置寄存器: POS_SET(5), 值: 0
2026-09-24 17:57:49,566 - RH56DFTP - INFO - 成功设置寄存器 POS_SET(5): 值=0, 起始地址=1484
2026-09-24 17:57:49,665 - RH56DFTP - INFO - 开始设置寄存器: POS_SET(0), 值: 1
2026-09-24 17:57:49,672 - RH56DFTP - INFO - 成功设置寄存器 POS_SET(0): 值=1, 起始地址=1474
2026-09-24 17:57:49,672 - RH56DFTP - INFO - 开始设置寄存器: POS_SET(1), 值: 1
2026-09-24 17:57:49,674 - RH56DFTP - INFO - 成功设置寄存器 POS_SET(1): 值=1, 起始地址=1476
2026-09-24 17:57:49,674 - RH56DFTP - INFO - 开始设置寄存器: POS_SET(2), 值: 0
2026-09-24 17:57:49,676 - RH56DFTP - INFO - 成功设置寄存器 POS_SET(2): 值=0, 起始地址=1478
2026-09-24 17:57:49,676 - RH56DFTP - INFO - 开始设置寄存器: POS_SET(3), 值: 0
2026-09-24 17:57:49,678 - RH56DFTP - INFO - 成功设置寄存器 POS_SET(3): 值=0, 起始地址=1480
2026-09-24 17:57:49,678 - RH56DFTP - INFO - 开始设置寄存器: POS_SET(4), 值: 0
2026-09-24 17:57:49,680 - RH56DFTP - INFO - 成功设置寄存器 POS_SET(4): 值=0, 起始地址=1482
2026-09-24 17:57:49,680 - RH56DFTP - INFO - 开始设置寄存器: POS_SET(5), 值: 0
2026-09-24 17:57:49,691 - RH56DFTP - INFO - 成功设置寄存器 POS_SET(5): 值=0, 起始地址=1484
2026-09-24 17:57:49,778 - RH56DFTP - INFO - 开始设置寄存器: POS_SET(0), 值: 1
2026-09-24 17:57:49,784 - RH56DFTP - INFO - 成功设置寄存器 POS_SET(0): 值=1, 起始地址=1474
2026-09-24 17:57:49,785 - RH56DFTP - INFO - 开始设置寄存器: POS_SET(1), 值: 1
2026-09-24 17:57:49,786 - RH56DFTP - INFO - 成功设置寄存器 POS_SET(1): 值=1, 起始地址=1476
2026-09-24 17:57:49,787 - RH56DFTP - INFO - 开始设置寄存器: POS_SET(2), 值: 0
2026-09-24 17:57:49,789 - RH56DFTP - INFO - 成功设置寄存器 POS_SET(2): 值=0, 起始地址=1478
2026-09-24 17:57:49,789 - RH56DFTP - INFO - 开始设置寄存器: POS_SET(3), 值: 0
2026-09-24 17:57:49,796 - RH56DFTP - INFO - 成功设置寄存器 POS_SET(3): 值=0, 起始地址=1480
2026-09-24 17:57:49,797 - RH56DFTP - INFO - 开始设置寄存器: POS_SET(4), 值: 0
2026-09-24 17:57:49,799 - RH56DFTP - INFO - 成功设置寄存器 POS_SET(4): 值=0, 起始地址=1482
2026-09-24 17:57:49,799 - RH56DFTP - INFO - 开始设置寄存器: POS_SET(5), 值: 0
2026-09-24 17:57:49,800 - RH56DFTP - INFO - 成功设置寄存器 POS_SET(5): 值=0, 起始地址=1484
2026-09-24 17:57:49,904 - RH56DFTP - INFO - 开始设置寄存器: POS_SET(0), 值: 1
2026-09-24 17:57:49,908 - RH56DFTP - INFO - 成功设置寄存器 POS_SET(0): 值=1, 起始地址=1474
2026-09-24 17:57:49,908 - RH56DFTP - INFO - 开始设置寄存器: POS_SET(1), 值: 1
2026-09-24 17:57:49,910 - RH56DFTP - INFO - 成功设置寄存器 POS_SET(1): 值=1, 起始地址=1476
2026-09-24 17:57:49,910 - RH56DFTP - INFO - 开始设置寄存器: POS_SET(2), 值: 0
2026-09-24 17:57:49,912 - RH56DFTP - INFO - 成功设置寄存器 POS_SET(2): 值=0, 起始地址=1478
2026-09-24 17:57:49,912 - RH56DFTP - INFO - 开始设置寄存器: POS_SET(3), 值: 0
2026-09-24 17:57:49,918 - RH56DFTP - INFO - 成功设置寄存器 POS_SET(3): 值=0, 起始地址=1480
2026-09-24 17:57:49,919 - RH56DFTP - INFO - 开始设置寄存器: POS_SET(4), 值: 0
2026-09-24 17:57:49,921 - RH56DFTP - INFO - 成功设置寄存器 POS_SET(4): 值=0, 起始地址=1482
2026-09-24 17:57:49,921 - RH56DFTP - INFO - 开始设置寄存器: POS_SET(5), 值: 0
2026-09-24 17:57:49,923 - RH56DFTP - INFO - 成功设置寄存器 POS_SET(5): 值=0, 起始地址=1484
2026-09-24 17:57:50,159 - RH56DFTP - INFO - 开始设置寄存器: POS_SET(0), 值: 1
2026-09-24 17:57:50,161 - RH56DFTP - INFO - 成功设置寄存器 POS_SET(0): 值=1, 起始地址=1474
2026-09-24 17:57:50,161 - RH56DFTP - INFO - 开始设置寄存器: POS_SET(1), 值: 1
2026-09-24 17:57:50,167 - RH56DFTP - INFO - 成功设置寄存器 POS_SET(1): 值=1, 起始地址=1476
2026-09-24 17:57:50,168 - RH56DFTP - INFO - 开始设置寄存器: POS_SET(2), 值: 0
2026-09-24 17:57:50,169 - RH56DFTP - INFO - 成功设置寄存器 POS_SET(2): 值=0, 起始地址=1478
2026-09-24 17:57:50,169 - RH56DFTP - INFO - 开始设置寄存器: POS_SET(3), 值: 0
2026-09-24 17:57:50,171 - RH56DFTP - INFO - 成功设置寄存器 POS_SET(3): 值=0, 起始地址=1480
2026-09-24 17:57:50,171 - RH56DFTP - INFO - 开始设置寄存器: POS_SET(4), 值: 0
2026-09-24 17:57:50,173 - RH56DFTP - INFO - 成功设置寄存器 POS_SET(4): 值=0, 起始地址=1482
2026-09-24 17:57:50,173 - RH56DFTP - INFO - 开始设置寄存器: POS_SET(5), 值: 0
2026-09-24 17:57:50,174 - RH56DFTP - INFO - 成功设置寄存器 POS_SET(5): 值=0, 起始地址=1484
2026-09-24 17:57:50,251 - RH56DFTP - INFO - 开始设置寄存器: POS_SET(0), 值: 1
2026-09-24 17:57:50,253 - RH56DFTP - INFO - 成功设置寄存器 POS_SET(0): 值=1, 起始地址=1474
2026-09-24 17:57:50,253 - RH56DFTP - INFO - 开始设置寄存器: POS_SET(1), 值: 1
2026-09-24 17:57:50,262 - RH56DFTP - INFO - 成功设置寄存器 POS_SET(1): 值=1, 起始地址=1476
2026-09-24 17:57:50,263 - RH56DFTP - INFO - 开始设置寄存器: POS_SET(2), 值: 0
2026-09-24 17:57:50,268 - RH56DFTP - INFO - 成功设置寄存器 POS_SET(2): 值=0, 起始地址=1478
2026-09-24 17:57:50,269 - RH56DFTP - INFO - 开始设置寄存器: POS_SET(3), 值: 0
2026-09-24 17:57:50,280 - RH56DFTP - INFO - 成功设置寄存器 POS_SET(3): 值=0, 起始地址=1480
2026-09-24 17:57:50,281 - RH56DFTP - INFO - 开始设置寄存器: POS_SET(4), 值: 0
2026-09-24 17:57:50,282 - RH56DFTP - INFO - 成功设置寄存器 POS_SET(4): 值=0, 起始地址=1482
2026-09-24 17:57:50,283 - RH56DFTP - INFO - 开始设置寄存器: POS_SET(5), 值: 0
2026-09-24 17:57:50,290 - RH56DFTP - INFO - 成功设置寄存器 POS_SET(5): 值=0, 起始地址=1484
2026-09-24 17:57:50,402 - RH56DFTP - INFO - 开始设置寄存器: POS_SET(0), 值: 1
2026-09-24 17:57:50,404 - RH56DFTP - INFO - 成功设置寄存器 POS_SET(0): 值=1, 起始地址=1474
2026-09-24 17:57:50,404 - RH56DFTP - INFO - 开始设置寄存器: POS_SET(1), 值: 1
2026-09-24 17:57:50,406 - RH56DFTP - INFO - 成功设置寄存器 POS_SET(1): 值=1, 起始地址=1476
2026-09-24 17:57:50,406 - RH56DFTP - INFO - 开始设置寄存器: POS_SET(2), 值: 0
2026-09-24 17:57:50,409 - RH56DFTP - INFO - 成功设置寄存器 POS_SET(2): 值=0, 起始地址=1478
2026-09-24 17:57:50,409 - RH56DFTP - INFO - 开始设置寄存器: POS_SET(3), 值: 0
2026-09-24 17:57:50,416 - RH56DFTP - INFO - 成功设置寄存器 POS_SET(3): 值=0, 起始地址=1480
2026-09-24 17:57:50,416 - RH56DFTP - INFO - 开始设置寄存器: POS_SET(4), 值: 0
2026-09-24 17:57:50,418 - RH56DFTP - INFO - 成功设置寄存器 POS_SET(4): 值=0, 起始地址=1482
2026-09-24 17:57:50,418 - RH56DFTP - INFO - 开始设置寄存器: POS_SET(5), 值: 0
2026-09-24 17:57:50,420 - RH56DFTP - INFO - 成功设置寄存器 POS_SET(5): 值=0, 起始地址=1484
2026-09-24 17:57:50,510 - RH56DFTP - INFO - 开始设置寄存器: POS_SET(0), 值: 1
2026-09-24 17:57:50,512 - RH56DFTP - INFO - 成功设置寄存器 POS_SET(0): 值=1, 起始地址=1474
2026-09-24 17:57:50,513 - RH56DFTP - INFO - 开始设置寄存器: POS_SET(1), 值: 1
2026-09-24 17:57:50,514 - RH56DFTP - INFO - 成功设置寄存器 POS_SET(1): 值=1, 起始地址=1476
2026-09-24 17:57:50,514 - RH56DFTP - INFO - 开始设置寄存器: POS_SET(2), 值: 0
2026-09-24 17:57:50,516 - RH56DFTP - INFO - 成功设置寄存器 POS_SET(2): 值=0, 起始地址=1478
2026-09-24 17:57:50,516 - RH56DFTP - INFO - 开始设置寄存器: POS_SET(3), 值: 0
2026-09-24 17:57:50,528 - RH56DFTP - INFO - 成功设置寄存器 POS_SET(3): 值=0, 起始地址=1480
2026-09-24 17:57:50,529 - RH56DFTP - INFO - 开始设置寄存器: POS_SET(4), 值: 0
2026-09-24 17:57:50,531 - RH56DFTP - INFO - 成功设置寄存器 POS_SET(4): 值=0, 起始地址=1482
2026-09-24 17:57:50,531 - RH56DFTP - INFO - 开始设置寄存器: POS_SET(5), 值: 0
2026-09-24 17:57:50,539 - RH56DFTP - INFO - 成功设置寄存器 POS_SET(5): 值=0, 起始地址=1484
2026-09-24 17:57:50,634 - RH56DFTP - INFO - 开始设置寄存器: POS_SET(0), 值: 1
2026-09-24 17:57:50,637 - RH56DFTP - INFO - 成功设置寄存器 POS_SET(0): 值=1, 起始地址=1474
2026-09-24 17:57:50,637 - RH56DFTP - INFO - 开始设置寄存器: POS_SET(1), 值: 1
2026-09-24 17:57:50,638 - RH56DFTP - INFO - 成功设置寄存器 POS_SET(1): 值=1, 起始地址=1476
2026-09-24 17:57:50,639 - RH56DFTP - INFO - 开始设置寄存器: POS_SET(2), 值: 0
2026-09-24 17:57:50,640 - RH56DFTP - INFO - 成功设置寄存器 POS_SET(2): 值=0, 起始地址=1478
2026-09-24 17:57:50,641 - RH56DFTP - INFO - 开始设置寄存器: POS_SET(3), 值: 0
2026-09-24 17:57:50,651 - RH56DFTP - INFO - 成功设置寄存器 POS_SET(3): 值=0, 起始地址=1480
2026-09-24 17:57:50,651 - RH56DFTP - INFO - 开始设置寄存器: POS_SET(4), 值: 0
2026-09-24 17:57:50,654 - RH56DFTP - INFO - 成功设置寄存器 POS_SET(4): 值=0, 起始地址=1482
2026-09-24 17:57:50,654 - RH56DFTP - INFO - 开始设置寄存器: POS_SET(5), 值: 0
2026-09-24 17:57:50,656 - RH56DFTP - INFO - 成功设置寄存器 POS_SET(5): 值=0, 起始地址=1484
2026-09-24 17:57:50,752 - RH56DFTP - INFO - 开始设置寄存器: POS_SET(0), 值: 1
2026-09-24 17:57:50,756 - RH56DFTP - INFO - 成功设置寄存器 POS_SET(0): 值=1, 起始地址=1474
2026-09-24 17:57:50,756 - RH56DFTP - INFO - 开始设置寄存器: POS_SET(1), 值: 1
2026-09-24 17:57:50,758 - RH56DFTP - INFO - 成功设置寄存器 POS_SET(1): 值=1, 起始地址=1476
2026-09-24 17:57:50,758 - RH56DFTP - INFO - 开始设置寄存器: POS_SET(2), 值: 0
2026-09-24 17:57:50,760 - RH56DFTP - INFO - 成功设置寄存器 POS_SET(2): 值=0, 起始地址=1478
2026-09-24 17:57:50,760 - RH56DFTP - INFO - 开始设置寄存器: POS_SET(3), 值: 0
2026-09-24 17:57:50,762 - RH56DFTP - INFO - 成功设置寄存器 POS_SET(3): 值=0, 起始地址=1480
2026-09-24 17:57:50,762 - RH56DFTP - INFO - 开始设置寄存器: POS_SET(4), 值: 0
2026-09-24 17:57:50,764 - RH56DFTP - INFO - 成功设置寄存器 POS_SET(4): 值=0, 起始地址=1482
2026-09-24 17:57:50,764 - RH56DFTP - INFO - 开始设置寄存器: POS_SET(5), 值: 0
2026-09-24 17:57:50,766 - RH56DFTP - INFO - 成功设置寄存器 POS_SET(5): 值=0, 起始地址=1484
2026-09-24 17:57:50,868 - RH56DFTP - INFO - 开始设置寄存器: POS_SET(0), 值: 1
2026-09-24 17:57:50,870 - RH56DFTP - INFO - 成功设置寄存器 POS_SET(0): 值=1, 起始地址=1474
2026-09-24 17:57:50,870 - RH56DFTP - INFO - 开始设置寄存器: POS_SET(1), 值: 1
2026-09-24 17:57:50,872 - RH56DFTP - INFO - 成功设置寄存器 POS_SET(1): 值=1, 起始地址=1476
2026-09-24 17:57:50,872 - RH56DFTP - INFO - 开始设置寄存器: POS_SET(2), 值: 0
2026-09-24 17:57:50,874 - RH56DFTP - INFO - 成功设置寄存器 POS_SET(2): 值=0, 起始地址=1478
2026-09-24 17:57:50,874 - RH56DFTP - INFO - 开始设置寄存器: POS_SET(3), 值: 0
2026-09-24 17:57:50,881 - RH56DFTP - INFO - 成功设置寄存器 POS_SET(3): 值=0, 起始地址=1480
2026-09-24 17:57:50,881 - RH56DFTP - INFO - 开始设置寄存器: POS_SET(4), 值: 0
2026-09-24 17:57:50,883 - RH56DFTP - INFO - 成功设置寄存器 POS_SET(4): 值=0, 起始地址=1482
2026-09-24 17:57:50,883 - RH56DFTP - INFO - 开始设置寄存器: POS_SET(5), 值: 0
2026-09-24 17:57:50,885 - RH56DFTP - INFO - 成功设置寄存器 POS_SET(5): 值=0, 起始地址=1484
2026-09-24 17:57:50,982 - RH56DFTP - INFO - 开始设置寄存器: POS_SET(0), 值: 1
2026-09-24 17:57:50,993 - RH56DFTP - INFO - 成功设置寄存器 POS_SET(0): 值=1, 起始地址=1474
2026-09-24 17:57:50,993 - RH56DFTP - INFO - 开始设置寄存器: POS_SET(1), 值: 1
2026-09-24 17:57:50,995 - RH56DFTP - INFO - 成功设置寄存器 POS_SET(1): 值=1, 起始地址=1476
2026-09-24 17:57:50,996 - RH56DFTP - INFO - 开始设置寄存器: POS_SET(2), 值: 0
2026-09-24 17:57:50,998 - RH56DFTP - INFO - 成功设置寄存器 POS_SET(2): 值=0, 起始地址=1478
2026-09-24 17:57:50,998 - RH56DFTP - INFO - 开始设置寄存器: POS_SET(3), 值: 0
2026-09-24 17:57:51,004 - RH56DFTP - INFO - 成功设置寄存器 POS_SET(3): 值=0, 起始地址=1480
2026-09-24 17:57:51,004 - RH56DFTP - INFO - 开始设置寄存器: POS_SET(4), 值: 0
2026-09-24 17:57:51,007 - RH56DFTP - INFO - 成功设置寄存器 POS_SET(4): 值=0, 起始地址=1482
2026-09-24 17:57:51,008 - RH56DFTP - INFO - 开始设置寄存器: POS_SET(5), 值: 0
2026-09-24 17:57:51,010 - RH56DFTP - INFO - 成功设置寄存器 POS_SET(5): 值=0, 起始地址=1484
2026-09-24 17:57:51,113 - RH56DFTP - INFO - 开始设置寄存器: POS_SET(0), 值: 1
2026-09-24 17:57:51,117 - RH56DFTP - INFO - 成功设置寄存器 POS_SET(0): 值=1, 起始地址=1474
2026-09-24 17:57:51,117 - RH56DFTP - INFO - 开始设置寄存器: POS_SET(1), 值: 1
2026-09-24 17:57:51,119 - RH56DFTP - INFO - 成功设置寄存器 POS_SET(1): 值=1, 起始地址=1476
2026-09-24 17:57:51,119 - RH56DFTP - INFO - 开始设置寄存器: POS_SET(2), 值: 0
2026-09-24 17:57:51,121 - RH56DFTP - INFO - 成功设置寄存器 POS_SET(2): 值=0, 起始地址=1478
2026-09-24 17:57:51,124 - RH56DFTP - INFO - 开始设置寄存器: POS_SET(3), 值: 0
2026-09-24 17:57:51,129 - RH56DFTP - INFO - 成功设置寄存器 POS_SET(3): 值=0, 起始地址=1480
2026-09-24 17:57:51,129 - RH56DFTP - INFO - 开始设置寄存器: POS_SET(4), 值: 0
2026-09-24 17:57:51,130 - RH56DFTP - INFO - 成功设置寄存器 POS_SET(4): 值=0, 起始地址=1482
2026-09-24 17:57:51,131 - RH56DFTP - INFO - 开始设置寄存器: POS_SET(5), 值: 0
2026-09-24 17:57:51,132 - RH56DFTP - INFO - 成功设置寄存器 POS_SET(5): 值=0, 起始地址=1484
2026-09-24 17:57:51,230 - RH56DFTP - INFO - 开始设置寄存器: POS_SET(0), 值: 1
2026-09-24 17:57:51,241 - RH56DFTP - INFO - 成功设置寄存器 POS_SET(0): 值=1, 起始地址=1474
2026-09-24 17:57:51,241 - RH56DFTP - INFO - 开始设置寄存器: POS_SET(1), 值: 1
2026-09-24 17:57:51,243 - RH56DFTP - INFO - 成功设置寄存器 POS_SET(1): 值=1, 起始地址=1476
2026-09-24 17:57:51,243 - RH56DFTP - INFO - 开始设置寄存器: POS_SET(2), 值: 0
2026-09-24 17:57:51,246 - RH56DFTP - INFO - 成功设置寄存器 POS_SET(2): 值=0, 起始地址=1478
2026-09-24 17:57:51,247 - RH56DFTP - INFO - 开始设置寄存器: POS_SET(3), 值: 0
2026-09-24 17:57:51,252 - RH56DFTP - INFO - 成功设置寄存器 POS_SET(3): 值=0, 起始地址=1480
2026-09-24 17:57:51,252 - RH56DFTP - INFO - 开始设置寄存器: POS_SET(4), 值: 0
2026-09-24 17:57:51,254 - RH56DFTP - INFO - 成功设置寄存器 POS_SET(4): 值=0, 起始地址=1482
2026-09-24 17:57:51,254 - RH56DFTP - INFO - 开始设置寄存器: POS_SET(5), 值: 0
2026-09-24 17:57:51,256 - RH56DFTP - INFO - 成功设置寄存器 POS_SET(5): 值=0, 起始地址=1484
2026-09-24 17:57:51,361 - RH56DFTP - INFO - 开始设置寄存器: POS_SET(0), 值: 1
2026-09-24 17:57:51,365 - RH56DFTP - INFO - 成功设置寄存器 POS_SET(0): 值=1, 起始地址=1474
2026-09-24 17:57:51,365 - RH56DFTP - INFO - 开始设置寄存器: POS_SET(1), 值: 1
2026-09-24 17:57:51,369 - RH56DFTP - INFO - 成功设置寄存器 POS_SET(1): 值=1, 起始地址=1476
2026-09-24 17:57:51,370 - RH56DFTP - INFO - 开始设置寄存器: POS_SET(2), 值: 0
2026-09-24 17:57:51,376 - RH56DFTP - INFO - 成功设置寄存器 POS_SET(2): 值=0, 起始地址=1478
2026-09-24 17:57:51,376 - RH56DFTP - INFO - 开始设置寄存器: POS_SET(3), 值: 0
2026-09-24 17:57:51,378 - RH56DFTP - INFO - 成功设置寄存器 POS_SET(3): 值=0, 起始地址=1480
2026-09-24 17:57:51,378 - RH56DFTP - INFO - 开始设置寄存器: POS_SET(4), 值: 0
2026-09-24 17:57:51,380 - RH56DFTP - INFO - 成功设置寄存器 POS_SET(4): 值=0, 起始地址=1482
2026-09-24 17:57:51,380 - RH56DFTP - INFO - 开始设置寄存器: POS_SET(5), 值: 0
2026-09-24 17:57:51,381 - RH56DFTP - INFO - 成功设置寄存器 POS_SET(5): 值=0, 起始地址=1484
2026-09-24 17:57:51,477 - RH56DFTP - INFO - 开始设置寄存器: POS_SET(0), 值: 1
2026-09-24 17:57:51,489 - RH56DFTP - INFO - 成功设置寄存器 POS_SET(0): 值=1, 起始地址=1474
2026-09-24 17:57:51,490 - RH56DFTP - INFO - 开始设置寄存器: POS_SET(1), 值: 1
2026-09-24 17:57:51,492 - RH56DFTP - INFO - 成功设置寄存器 POS_SET(1): 值=1, 起始地址=1476
2026-09-24 17:57:51,492 - RH56DFTP - INFO - 开始设置寄存器: POS_SET(2), 值: 0
2026-09-24 17:57:51,493 - RH56DFTP - INFO - 成功设置寄存器 POS_SET(2): 值=0, 起始地址=1478
2026-09-24 17:57:51,494 - RH56DFTP - INFO - 开始设置寄存器: POS_SET(3), 值: 0
2026-09-24 17:57:51,500 - RH56DFTP - INFO - 成功设置寄存器 POS_SET(3): 值=0, 起始地址=1480
2026-09-24 17:57:51,500 - RH56DFTP - INFO - 开始设置寄存器: POS_SET(4), 值: 0
2026-09-24 17:57:51,502 - RH56DFTP - INFO - 成功设置寄存器 POS_SET(4): 值=0, 起始地址=1482
2026-09-24 17:57:51,502 - RH56DFTP - INFO - 开始设置寄存器: POS_SET(5), 值: 0
2026-09-24 17:57:51,504 - RH56DFTP - INFO - 成功设置寄存器 POS_SET(5): 值=0, 起始地址=1484
2026-09-24 17:57:51,594 - RH56DFTP - INFO - 开始设置寄存器: POS_SET(0), 值: 1
2026-09-24 17:57:51,596 - RH56DFTP - INFO - 成功设置寄存器 POS_SET(0): 值=1, 起始地址=1474
2026-09-24 17:57:51,596 - RH56DFTP - INFO - 开始设置寄存器: POS_SET(1), 值: 1
2026-09-24 17:57:51,598 - RH56DFTP - INFO - 成功设置寄存器 POS_SET(1): 值=1, 起始地址=1476
2026-09-24 17:57:51,598 - RH56DFTP - INFO - 开始设置寄存器: POS_SET(2), 值: 0
2026-09-24 17:57:51,600 - RH56DFTP - INFO - 成功设置寄存器 POS_SET(2): 值=0, 起始地址=1478
2026-09-24 17:57:51,603 - RH56DFTP - INFO - 开始设置寄存器: POS_SET(3), 值: 0
2026-09-24 17:57:51,613 - RH56DFTP - INFO - 成功设置寄存器 POS_SET(3): 值=0, 起始地址=1480
2026-09-24 17:57:51,613 - RH56DFTP - INFO - 开始设置寄存器: POS_SET(4), 值: 0
2026-09-24 17:57:51,615 - RH56DFTP - INFO - 成功设置寄存器 POS_SET(4): 值=0, 起始地址=1482
2026-09-24 17:57:51,615 - RH56DFTP - INFO - 开始设置寄存器: POS_SET(5), 值: 0
2026-09-24 17:57:51,617 - RH56DFTP - INFO - 成功设置寄存器 POS_SET(5): 值=0, 起始地址=1484
2026-09-24 17:57:51,714 - RH56DFTP - INFO - 开始设置寄存器: POS_SET(0), 值: 1
2026-09-24 17:57:51,718 - RH56DFTP - INFO - 成功设置寄存器 POS_SET(0): 值=1, 起始地址=1474
2026-09-24 17:57:51,718 - RH56DFTP - INFO - 开始设置寄存器: POS_SET(1), 值: 1
2026-09-24 17:57:51,719 - RH56DFTP - INFO - 成功设置寄存器 POS_SET(1): 值=1, 起始地址=1476
2026-09-24 17:57:51,720 - RH56DFTP - INFO - 开始设置寄存器: POS_SET(2), 值: 0
2026-09-24 17:57:51,721 - RH56DFTP - INFO - 成功设置寄存器 POS_SET(2): 值=0, 起始地址=1478
2026-09-24 17:57:51,722 - RH56DFTP - INFO - 开始设置寄存器: POS_SET(3), 值: 0
2026-09-24 17:57:51,723 - RH56DFTP - INFO - 成功设置寄存器 POS_SET(3): 值=0, 起始地址=1480
2026-09-24 17:57:51,723 - RH56DFTP - INFO - 开始设置寄存器: POS_SET(4), 值: 0
2026-09-24 17:57:51,725 - RH56DFTP - INFO - 成功设置寄存器 POS_SET(4): 值=0, 起始地址=1482
2026-09-24 17:57:51,725 - RH56DFTP - INFO - 开始设置寄存器: POS_SET(5), 值: 0
2026-09-24 17:57:51,727 - RH56DFTP - INFO - 成功设置寄存器 POS_SET(5): 值=0, 起始地址=1484
2026-09-24 17:57:51,824 - RH56DFTP - INFO - 开始设置寄存器: POS_SET(0), 值: 1
2026-09-24 17:57:51,830 - RH56DFTP - INFO - 成功设置寄存器 POS_SET(0): 值=1, 起始地址=1474
2026-09-24 17:57:51,830 - RH56DFTP - INFO - 开始设置寄存器: POS_SET(1), 值: 1
2026-09-24 17:57:51,832 - RH56DFTP - INFO - 成功设置寄存器 POS_SET(1): 值=1, 起始地址=1476
2026-09-24 17:57:51,832 - RH56DFTP - INFO - 开始设置寄存器: POS_SET(2), 值: 0
2026-09-24 17:57:51,834 - RH56DFTP - INFO - 成功设置寄存器 POS_SET(2): 值=0, 起始地址=1478
2026-09-24 17:57:51,834 - RH56DFTP - INFO - 开始设置寄存器: POS_SET(3), 值: 0
2026-09-24 17:57:51,840 - RH56DFTP - INFO - 成功设置寄存器 POS_SET(3): 值=0, 起始地址=1480
2026-09-24 17:57:51,840 - RH56DFTP - INFO - 开始设置寄存器: POS_SET(4), 值: 0
2026-09-24 17:57:51,842 - RH56DFTP - INFO - 成功设置寄存器 POS_SET(4): 值=0, 起始地址=1482
2026-09-24 17:57:51,842 - RH56DFTP - INFO - 开始设置寄存器: POS_SET(5), 值: 0
2026-09-24 17:57:51,844 - RH56DFTP - INFO - 成功设置寄存器 POS_SET(5): 值=0, 起始地址=1484
2026-09-24 17:57:51,940 - RH56DFTP - INFO - 开始设置寄存器: POS_SET(0), 值: 1
2026-09-24 17:57:51,943 - RH56DFTP - INFO - 成功设置寄存器 POS_SET(0): 值=1, 起始地址=1474
2026-09-24 17:57:51,943 - RH56DFTP - INFO - 开始设置寄存器: POS_SET(1), 值: 1
2026-09-24 17:57:51,954 - RH56DFTP - INFO - 成功设置寄存器 POS_SET(1): 值=1, 起始地址=1476
2026-09-24 17:57:51,954 - RH56DFTP - INFO - 开始设置寄存器: POS_SET(2), 值: 0
2026-09-24 17:57:51,956 - RH56DFTP - INFO - 成功设置寄存器 POS_SET(2): 值=0, 起始地址=1478
2026-09-24 17:57:51,956 - RH56DFTP - INFO - 开始设置寄存器: POS_SET(3), 值: 0
2026-09-24 17:57:51,958 - RH56DFTP - INFO - 成功设置寄存器 POS_SET(3): 值=0, 起始地址=1480
2026-09-24 17:57:51,958 - RH56DFTP - INFO - 开始设置寄存器: POS_SET(4), 值: 0
2026-09-24 17:57:51,966 - RH56DFTP - INFO - 成功设置寄存器 POS_SET(4): 值=0, 起始地址=1482
2026-09-24 17:57:51,966 - RH56DFTP - INFO - 开始设置寄存器: POS_SET(5), 值: 0
2026-09-24 17:57:51,968 - RH56DFTP - INFO - 成功设置寄存器 POS_SET(5): 值=0, 起始地址=1484
2026-09-24 17:57:52,063 - RH56DFTP - INFO - 开始设置寄存器: POS_SET(0), 值: 1
2026-09-24 17:57:52,066 - RH56DFTP - INFO - 成功设置寄存器 POS_SET(0): 值=1, 起始地址=1474
2026-09-24 17:57:52,066 - RH56DFTP - INFO - 开始设置寄存器: POS_SET(1), 值: 1
2026-09-24 17:57:52,079 - RH56DFTP - INFO - 成功设置寄存器 POS_SET(1): 值=1, 起始地址=1476
2026-09-24 17:57:52,079 - RH56DFTP - INFO - 开始设置寄存器: POS_SET(2), 值: 0
2026-09-24 17:57:52,081 - RH56DFTP - INFO - 成功设置寄存器 POS_SET(2): 值=0, 起始地址=1478
2026-09-24 17:57:52,081 - RH56DFTP - INFO - 开始设置寄存器: POS_SET(3), 值: 0
2026-09-24 17:57:52,082 - RH56DFTP - INFO - 成功设置寄存器 POS_SET(3): 值=0, 起始地址=1480
2026-09-24 17:57:52,083 - RH56DFTP - INFO - 开始设置寄存器: POS_SET(4), 值: 0
2026-09-24 17:57:52,089 - RH56DFTP - INFO - 成功设置寄存器 POS_SET(4): 值=0, 起始地址=1482
2026-09-24 17:57:52,089 - RH56DFTP - INFO - 开始设置寄存器: POS_SET(5), 值: 0
2026-09-24 17:57:52,091 - RH56DFTP - INFO - 成功设置寄存器 POS_SET(5): 值=0, 起始地址=1484
2026-09-24 17:57:52,177 - RH56DFTP - INFO - 开始设置寄存器: POS_SET(0), 值: 1
2026-09-24 17:57:52,182 - RH56DFTP - INFO - 成功设置寄存器 POS_SET(0): 值=1, 起始地址=1474
2026-09-24 17:57:52,183 - RH56DFTP - INFO - 开始设置寄存器: POS_SET(1), 值: 1
2026-09-24 17:57:52,185 - RH56DFTP - INFO - 成功设置寄存器 POS_SET(1): 值=1, 起始地址=1476
2026-09-24 17:57:52,185 - RH56DFTP - INFO - 开始设置寄存器: POS_SET(2), 值: 0
2026-09-24 17:57:52,187 - RH56DFTP - INFO - 成功设置寄存器 POS_SET(2): 值=0, 起始地址=1478
2026-09-24 17:57:52,188 - RH56DFTP - INFO - 开始设置寄存器: POS_SET(3), 值: 0
2026-09-24 17:57:52,190 - RH56DFTP - INFO - 成功设置寄存器 POS_SET(3): 值=0, 起始地址=1480
2026-09-24 17:57:52,190 - RH56DFTP - INFO - 开始设置寄存器: POS_SET(4), 值: 0
2026-09-24 17:57:52,192 - RH56DFTP - INFO - 成功设置寄存器 POS_SET(4): 值=0, 起始地址=1482
2026-09-24 17:57:52,192 - RH56DFTP - INFO - 开始设置寄存器: POS_SET(5), 值: 0
2026-09-24 17:57:52,202 - RH56DFTP - INFO - 成功设置寄存器 POS_SET(5): 值=0, 起始地址=1484
2026-09-24 17:57:52,303 - RH56DFTP - INFO - 开始设置寄存器: POS_SET(0), 值: 1
2026-09-24 17:57:52,307 - RH56DFTP - INFO - 成功设置寄存器 POS_SET(0): 值=1, 起始地址=1474
2026-09-24 17:57:52,308 - RH56DFTP - INFO - 开始设置寄存器: POS_SET(1), 值: 1
2026-09-24 17:57:52,309 - RH56DFTP - INFO - 成功设置寄存器 POS_SET(1): 值=1, 起始地址=1476
2026-09-24 17:57:52,310 - RH56DFTP - INFO - 开始设置寄存器: POS_SET(2), 值: 0
2026-09-24 17:57:52,311 - RH56DFTP - INFO - 成功设置寄存器 POS_SET(2): 值=0, 起始地址=1478
2026-09-24 17:57:52,312 - RH56DFTP - INFO - 开始设置寄存器: POS_SET(3), 值: 0
2026-09-24 17:57:52,313 - RH56DFTP - INFO - 成功设置寄存器 POS_SET(3): 值=0, 起始地址=1480
2026-09-24 17:57:52,313 - RH56DFTP - INFO - 开始设置寄存器: POS_SET(4), 值: 0
2026-09-24 17:57:52,315 - RH56DFTP - INFO - 成功设置寄存器 POS_SET(4): 值=0, 起始地址=1482
2026-09-24 17:57:52,315 - RH56DFTP - INFO - 开始设置寄存器: POS_SET(5), 值: 0
2026-09-24 17:57:52,327 - RH56DFTP - INFO - 成功设置寄存器 POS_SET(5): 值=0, 起始地址=1484
2026-09-24 17:57:52,459 - RH56DFTP - INFO - 开始设置寄存器: POS_SET(0), 值: 1
2026-09-24 17:57:52,462 - RH56DFTP - INFO - 成功设置寄存器 POS_SET(0): 值=1, 起始地址=1474
2026-09-24 17:57:52,462 - RH56DFTP - INFO - 开始设置寄存器: POS_SET(1), 值: 1
2026-09-24 17:57:52,463 - RH56DFTP - INFO - 成功设置寄存器 POS_SET(1): 值=1, 起始地址=1476
2026-09-24 17:57:52,464 - RH56DFTP - INFO - 开始设置寄存器: POS_SET(2), 值: 0
2026-09-24 17:57:52,465 - RH56DFTP - INFO - 成功设置寄存器 POS_SET(2): 值=0, 起始地址=1478
2026-09-24 17:57:52,465 - RH56DFTP - INFO - 开始设置寄存器: POS_SET(3), 值: 0
2026-09-24 17:57:52,468 - RH56DFTP - INFO - 成功设置寄存器 POS_SET(3): 值=0, 起始地址=1480
2026-09-24 17:57:52,468 - RH56DFTP - INFO - 开始设置寄存器: POS_SET(4), 值: 0
2026-09-24 17:57:52,470 - RH56DFTP - INFO - 成功设置寄存器 POS_SET(4): 值=0, 起始地址=1482
2026-09-24 17:57:52,470 - RH56DFTP - INFO - 开始设置寄存器: POS_SET(5), 值: 0
2026-09-24 17:57:52,481 - RH56DFTP - INFO - 成功设置寄存器 POS_SET(5): 值=0, 起始地址=1484
2026-09-24 17:57:52,574 - RH56DFTP - INFO - 开始设置寄存器: POS_SET(0), 值: 1
2026-09-24 17:57:52,576 - RH56DFTP - INFO - 成功设置寄存器 POS_SET(0): 值=1, 起始地址=1474
2026-09-24 17:57:52,576 - RH56DFTP - INFO - 开始设置寄存器: POS_SET(1), 值: 1
2026-09-24 17:57:52,577 - RH56DFTP - INFO - 成功设置寄存器 POS_SET(1): 值=1, 起始地址=1476
2026-09-24 17:57:52,578 - RH56DFTP - INFO - 开始设置寄存器: POS_SET(2), 值: 0
2026-09-24 17:57:52,584 - RH56DFTP - INFO - 成功设置寄存器 POS_SET(2): 值=0, 起始地址=1478
2026-09-24 17:57:52,584 - RH56DFTP - INFO - 开始设置寄存器: POS_SET(3), 值: 0
2026-09-24 17:57:52,586 - RH56DFTP - INFO - 成功设置寄存器 POS_SET(3): 值=0, 起始地址=1480
2026-09-24 17:57:52,587 - RH56DFTP - INFO - 开始设置寄存器: POS_SET(4), 值: 0
2026-09-24 17:57:52,590 - RH56DFTP - INFO - 成功设置寄存器 POS_SET(4): 值=0, 起始地址=1482
2026-09-24 17:57:52,590 - RH56DFTP - INFO - 开始设置寄存器: POS_SET(5), 值: 0
2026-09-24 17:57:52,592 - RH56DFTP - INFO - 成功设置寄存器 POS_SET(5): 值=0, 起始地址=1484
2026-09-24 17:57:52,690 - RH56DFTP - INFO - 开始设置寄存器: POS_SET(0), 值: 1
2026-09-24 17:57:52,698 - RH56DFTP - INFO - 成功设置寄存器 POS_SET(0): 值=1, 起始地址=1474
2026-09-24 17:57:52,698 - RH56DFTP - INFO - 开始设置寄存器: POS_SET(1), 值: 1
2026-09-24 17:57:52,701 - RH56DFTP - INFO - 成功设置寄存器 POS_SET(1): 值=1, 起始地址=1476
2026-09-24 17:57:52,701 - RH56DFTP - INFO - 开始设置寄存器: POS_SET(2), 值: 0
2026-09-24 17:57:52,703 - RH56DFTP - INFO - 成功设置寄存器 POS_SET(2): 值=0, 起始地址=1478
2026-09-24 17:57:52,703 - RH56DFTP - INFO - 开始设置寄存器: POS_SET(3), 值: 0
2026-09-24 17:57:52,709 - RH56DFTP - INFO - 成功设置寄存器 POS_SET(3): 值=0, 起始地址=1480
2026-09-24 17:57:52,710 - RH56DFTP - INFO - 开始设置寄存器: POS_SET(4), 值: 0
2026-09-24 17:57:52,711 - RH56DFTP - INFO - 成功设置寄存器 POS_SET(4): 值=0, 起始地址=1482
2026-09-24 17:57:52,712 - RH56DFTP - INFO - 开始设置寄存器: POS_SET(5), 值: 0
2026-09-24 17:57:52,713 - RH56DFTP - INFO - 成功设置寄存器 POS_SET(5): 值=0, 起始地址=1484
2026-09-24 17:57:52,804 - RH56DFTP - INFO - 开始设置寄存器: POS_SET(0), 值: 1
2026-09-24 17:57:52,806 - RH56DFTP - INFO - 成功设置寄存器 POS_SET(0): 值=1, 起始地址=1474
2026-09-24 17:57:52,806 - RH56DFTP - INFO - 开始设置寄存器: POS_SET(1), 值: 0
2026-09-24 17:57:52,809 - RH56DFTP - INFO - 成功设置寄存器 POS_SET(1): 值=0, 起始地址=1476
2026-09-24 17:57:52,809 - RH56DFTP - INFO - 开始设置寄存器: POS_SET(2), 值: 0
2026-09-24 17:57:52,811 - RH56DFTP - INFO - 成功设置寄存器 POS_SET(2): 值=0, 起始地址=1478
2026-09-24 17:57:52,811 - RH56DFTP - INFO - 开始设置寄存器: POS_SET(3), 值: 0
2026-09-24 17:57:52,823 - RH56DFTP - INFO - 成功设置寄存器 POS_SET(3): 值=0, 起始地址=1480
2026-09-24 17:57:52,823 - RH56DFTP - INFO - 开始设置寄存器: POS_SET(4), 值: 0
2026-09-24 17:57:52,824 - RH56DFTP - INFO - 成功设置寄存器 POS_SET(4): 值=0, 起始地址=1482
2026-09-24 17:57:52,825 - RH56DFTP - INFO - 开始设置寄存器: POS_SET(5), 值: 0
2026-09-24 17:57:52,827 - RH56DFTP - INFO - 成功设置寄存器 POS_SET(5): 值=0, 起始地址=1484
2026-09-24 17:57:52,928 - RH56DFTP - INFO - 开始设置寄存器: POS_SET(0), 值: 1
2026-09-24 17:57:52,930 - RH56DFTP - INFO - 成功设置寄存器 POS_SET(0): 值=1, 起始地址=1474
2026-09-24 17:57:52,930 - RH56DFTP - INFO - 开始设置寄存器: POS_SET(1), 值: 0
2026-09-24 17:57:52,932 - RH56DFTP - INFO - 成功设置寄存器 POS_SET(1): 值=0, 起始地址=1476
2026-09-24 17:57:52,932 - RH56DFTP - INFO - 开始设置寄存器: POS_SET(2), 值: 0
2026-09-24 17:57:52,934 - RH56DFTP - INFO - 成功设置寄存器 POS_SET(2): 值=0, 起始地址=1478
2026-09-24 17:57:52,934 - RH56DFTP - INFO - 开始设置寄存器: POS_SET(3), 值: 0
2026-09-24 17:57:52,936 - RH56DFTP - INFO - 成功设置寄存器 POS_SET(3): 值=0, 起始地址=1480
2026-09-24 17:57:52,936 - RH56DFTP - INFO - 开始设置寄存器: POS_SET(4), 值: 0
2026-09-24 17:57:52,947 - RH56DFTP - INFO - 成功设置寄存器 POS_SET(4): 值=0, 起始地址=1482
2026-09-24 17:57:52,948 - RH56DFTP - INFO - 开始设置寄存器: POS_SET(5), 值: 0
2026-09-24 17:57:52,950 - RH56DFTP - INFO - 成功设置寄存器 POS_SET(5): 值=0, 起始地址=1484
2026-09-24 17:57:53,044 - RH56DFTP - INFO - 开始设置寄存器: POS_SET(0), 值: 1
2026-09-24 17:57:53,051 - RH56DFTP - INFO - 成功设置寄存器 POS_SET(0): 值=1, 起始地址=1474
2026-09-24 17:57:53,051 - RH56DFTP - INFO - 开始设置寄存器: POS_SET(1), 值: 0
2026-09-24 17:57:53,053 - RH56DFTP - INFO - 成功设置寄存器 POS_SET(1): 值=0, 起始地址=1476
2026-09-24 17:57:53,053 - RH56DFTP - INFO - 开始设置寄存器: POS_SET(2), 值: 0
2026-09-24 17:57:53,054 - RH56DFTP - INFO - 成功设置寄存器 POS_SET(2): 值=0, 起始地址=1478
2026-09-24 17:57:53,054 - RH56DFTP - INFO - 开始设置寄存器: POS_SET(3), 值: 0
2026-09-24 17:57:53,056 - RH56DFTP - INFO - 成功设置寄存器 POS_SET(3): 值=0, 起始地址=1480
2026-09-24 17:57:53,056 - RH56DFTP - INFO - 开始设置寄存器: POS_SET(4), 值: 0
2026-09-24 17:57:53,058 - RH56DFTP - INFO - 成功设置寄存器 POS_SET(4): 值=0, 起始地址=1482
2026-09-24 17:57:53,058 - RH56DFTP - INFO - 开始设置寄存器: POS_SET(5), 值: 0
2026-09-24 17:57:53,070 - RH56DFTP - INFO - 成功设置寄存器 POS_SET(5): 值=0, 起始地址=1484
2026-09-24 17:57:53,168 - RH56DFTP - INFO - 开始设置寄存器: POS_SET(0), 值: 1
2026-09-24 17:57:53,174 - RH56DFTP - INFO - 成功设置寄存器 POS_SET(0): 值=1, 起始地址=1474
2026-09-24 17:57:53,174 - RH56DFTP - INFO - 开始设置寄存器: POS_SET(1), 值: 0
2026-09-24 17:57:53,176 - RH56DFTP - INFO - 成功设置寄存器 POS_SET(1): 值=0, 起始地址=1476
2026-09-24 17:57:53,176 - RH56DFTP - INFO - 开始设置寄存器: POS_SET(2), 值: 0
2026-09-24 17:57:53,178 - RH56DFTP - INFO - 成功设置寄存器 POS_SET(2): 值=0, 起始地址=1478
2026-09-24 17:57:53,178 - RH56DFTP - INFO - 开始设置寄存器: POS_SET(3), 值: 0
2026-09-24 17:57:53,180 - RH56DFTP - INFO - 成功设置寄存器 POS_SET(3): 值=0, 起始地址=1480
2026-09-24 17:57:53,180 - RH56DFTP - INFO - 开始设置寄存器: POS_SET(4), 值: 0
2026-09-24 17:57:53,182 - RH56DFTP - INFO - 成功设置寄存器 POS_SET(4): 值=0, 起始地址=1482
2026-09-24 17:57:53,182 - RH56DFTP - INFO - 开始设置寄存器: POS_SET(5), 值: 0
2026-09-24 17:57:53,193 - RH56DFTP - INFO - 成功设置寄存器 POS_SET(5): 值=0, 起始地址=1484
2026-09-24 17:57:53,285 - RH56DFTP - INFO - 开始设置寄存器: POS_SET(0), 值: 1
2026-09-24 17:57:53,289 - RH56DFTP - INFO - 成功设置寄存器 POS_SET(0): 值=1, 起始地址=1474
2026-09-24 17:57:53,289 - RH56DFTP - INFO - 开始设置寄存器: POS_SET(1), 值: 0
2026-09-24 17:57:53,291 - RH56DFTP - INFO - 成功设置寄存器 POS_SET(1): 值=0, 起始地址=1476
2026-09-24 17:57:53,291 - RH56DFTP - INFO - 开始设置寄存器: POS_SET(2), 值: 0
2026-09-24 17:57:53,298 - RH56DFTP - INFO - 成功设置寄存器 POS_SET(2): 值=0, 起始地址=1478
2026-09-24 17:57:53,298 - RH56DFTP - INFO - 开始设置寄存器: POS_SET(3), 值: 0
2026-09-24 17:57:53,300 - RH56DFTP - INFO - 成功设置寄存器 POS_SET(3): 值=0, 起始地址=1480
2026-09-24 17:57:53,300 - RH56DFTP - INFO - 开始设置寄存器: POS_SET(4), 值: 0
2026-09-24 17:57:53,302 - RH56DFTP - INFO - 成功设置寄存器 POS_SET(4): 值=0, 起始地址=1482
2026-09-24 17:57:53,302 - RH56DFTP - INFO - 开始设置寄存器: POS_SET(5), 值: 0
2026-09-24 17:57:53,304 - RH56DFTP - INFO - 成功设置寄存器 POS_SET(5): 值=0, 起始地址=1484
2026-09-24 17:57:53,404 - RH56DFTP - INFO - 开始设置寄存器: POS_SET(0), 值: 1
2026-09-24 17:57:53,412 - RH56DFTP - INFO - 成功设置寄存器 POS_SET(0): 值=1, 起始地址=1474
2026-09-24 17:57:53,412 - RH56DFTP - INFO - 开始设置寄存器: POS_SET(1), 值: 0
2026-09-24 17:57:53,414 - RH56DFTP - INFO - 成功设置寄存器 POS_SET(1): 值=0, 起始地址=1476
2026-09-24 17:57:53,414 - RH56DFTP - INFO - 开始设置寄存器: POS_SET(2), 值: 0
2026-09-24 17:57:53,421 - RH56DFTP - INFO - 成功设置寄存器 POS_SET(2): 值=0, 起始地址=1478
2026-09-24 17:57:53,421 - RH56DFTP - INFO - 开始设置寄存器: POS_SET(3), 值: 0
2026-09-24 17:57:53,424 - RH56DFTP - INFO - 成功设置寄存器 POS_SET(3): 值=0, 起始地址=1480
2026-09-24 17:57:53,424 - RH56DFTP - INFO - 开始设置寄存器: POS_SET(4), 值: 0
2026-09-24 17:57:53,426 - RH56DFTP - INFO - 成功设置寄存器 POS_SET(4): 值=0, 起始地址=1482
2026-09-24 17:57:53,426 - RH56DFTP - INFO - 开始设置寄存器: POS_SET(5), 值: 0
2026-09-24 17:57:53,430 - RH56DFTP - INFO - 成功设置寄存器 POS_SET(5): 值=0, 起始地址=1484
2026-09-24 17:57:53,528 - RH56DFTP - INFO - 开始设置寄存器: POS_SET(0), 值: 1
2026-09-24 17:57:53,535 - RH56DFTP - INFO - 成功设置寄存器 POS_SET(0): 值=1, 起始地址=1474
2026-09-24 17:57:53,535 - RH56DFTP - INFO - 开始设置寄存器: POS_SET(1), 值: 0
2026-09-24 17:57:53,537 - RH56DFTP - INFO - 成功设置寄存器 POS_SET(1): 值=0, 起始地址=1476
2026-09-24 17:57:53,537 - RH56DFTP - INFO - 开始设置寄存器: POS_SET(2), 值: 0
2026-09-24 17:57:53,539 - RH56DFTP - INFO - 成功设置寄存器 POS_SET(2): 值=0, 起始地址=1478
2026-09-24 17:57:53,539 - RH56DFTP - INFO - 开始设置寄存器: POS_SET(3), 值: 0
2026-09-24 17:57:53,547 - RH56DFTP - INFO - 成功设置寄存器 POS_SET(3): 值=0, 起始地址=1480
2026-09-24 17:57:53,547 - RH56DFTP - INFO - 开始设置寄存器: POS_SET(4), 值: 0
2026-09-24 17:57:53,549 - RH56DFTP - INFO - 成功设置寄存器 POS_SET(4): 值=0, 起始地址=1482
2026-09-24 17:57:53,549 - RH56DFTP - INFO - 开始设置寄存器: POS_SET(5), 值: 0
2026-09-24 17:57:53,552 - RH56DFTP - INFO - 成功设置寄存器 POS_SET(5): 值=0, 起始地址=1484
2026-09-24 17:57:53,781 - RH56DFTP - INFO - 开始设置寄存器: POS_SET(0), 值: 1
2026-09-24 17:57:53,784 - RH56DFTP - INFO - 成功设置寄存器 POS_SET(0): 值=1, 起始地址=1474
2026-09-24 17:57:53,784 - RH56DFTP - INFO - 开始设置寄存器: POS_SET(1), 值: 0
2026-09-24 17:57:53,786 - RH56DFTP - INFO - 成功设置寄存器 POS_SET(1): 值=0, 起始地址=1476
2026-09-24 17:57:53,787 - RH56DFTP - INFO - 开始设置寄存器: POS_SET(2), 值: 0
2026-09-24 17:57:53,794 - RH56DFTP - INFO - 成功设置寄存器 POS_SET(2): 值=0, 起始地址=1478
2026-09-24 17:57:53,794 - RH56DFTP - INFO - 开始设置寄存器: POS_SET(3), 值: 0
2026-09-24 17:57:53,795 - RH56DFTP - INFO - 成功设置寄存器 POS_SET(3): 值=0, 起始地址=1480
2026-09-24 17:57:53,795 - RH56DFTP - INFO - 开始设置寄存器: POS_SET(4), 值: 0
2026-09-24 17:57:53,797 - RH56DFTP - INFO - 成功设置寄存器 POS_SET(4): 值=0, 起始地址=1482
2026-09-24 17:57:53,797 - RH56DFTP - INFO - 开始设置寄存器: POS_SET(5), 值: 0
2026-09-24 17:57:53,799 - RH56DFTP - INFO - 成功设置寄存器 POS_SET(5): 值=0, 起始地址=1484
2026-09-24 17:57:53,894 - RH56DFTP - INFO - 开始设置寄存器: POS_SET(0), 值: 1
2026-09-24 17:57:53,907 - RH56DFTP - INFO - 成功设置寄存器 POS_SET(0): 值=1, 起始地址=1474
2026-09-24 17:57:53,908 - RH56DFTP - INFO - 开始设置寄存器: POS_SET(1), 值: 0
2026-09-24 17:57:53,910 - RH56DFTP - INFO - 成功设置寄存器 POS_SET(1): 值=0, 起始地址=1476
2026-09-24 17:57:53,910 - RH56DFTP - INFO - 开始设置寄存器: POS_SET(2), 值: 0
2026-09-24 17:57:53,917 - RH56DFTP - INFO - 成功设置寄存器 POS_SET(2): 值=0, 起始地址=1478
2026-09-24 17:57:53,917 - RH56DFTP - INFO - 开始设置寄存器: POS_SET(3), 值: 0
2026-09-24 17:57:53,919 - RH56DFTP - INFO - 成功设置寄存器 POS_SET(3): 值=0, 起始地址=1480
2026-09-24 17:57:53,919 - RH56DFTP - INFO - 开始设置寄存器: POS_SET(4), 值: 0
2026-09-24 17:57:53,920 - RH56DFTP - INFO - 成功设置寄存器 POS_SET(4): 值=0, 起始地址=1482
2026-09-24 17:57:53,921 - RH56DFTP - INFO - 开始设置寄存器: POS_SET(5), 值: 0
2026-09-24 17:57:53,923 - RH56DFTP - INFO - 成功设置寄存器 POS_SET(5): 值=0, 起始地址=1484
2026-09-24 17:57:54,009 - RH56DFTP - INFO - 开始设置寄存器: POS_SET(0), 值: 1
2026-09-24 17:57:54,011 - RH56DFTP - INFO - 成功设置寄存器 POS_SET(0): 值=1, 起始地址=1474
2026-09-24 17:57:54,011 - RH56DFTP - INFO - 开始设置寄存器: POS_SET(1), 值: 0
2026-09-24 17:57:54,013 - RH56DFTP - INFO - 成功设置寄存器 POS_SET(1): 值=0, 起始地址=1476
2026-09-24 17:57:54,013 - RH56DFTP - INFO - 开始设置寄存器: POS_SET(2), 值: 0
2026-09-24 17:57:54,015 - RH56DFTP - INFO - 成功设置寄存器 POS_SET(2): 值=0, 起始地址=1478
2026-09-24 17:57:54,015 - RH56DFTP - INFO - 开始设置寄存器: POS_SET(3), 值: 0
2026-09-24 17:57:54,017 - RH56DFTP - INFO - 成功设置寄存器 POS_SET(3): 值=0, 起始地址=1480
2026-09-24 17:57:54,017 - RH56DFTP - INFO - 开始设置寄存器: POS_SET(4), 值: 0
2026-09-24 17:57:54,019 - RH56DFTP - INFO - 成功设置寄存器 POS_SET(4): 值=0, 起始地址=1482
2026-09-24 17:57:54,019 - RH56DFTP - INFO - 开始设置寄存器: POS_SET(5), 值: 0
2026-09-24 17:57:54,021 - RH56DFTP - INFO - 成功设置寄存器 POS_SET(5): 值=0, 起始地址=1484
2026-09-24 17:57:54,130 - RH56DFTP - INFO - 开始设置寄存器: POS_SET(0), 值: 1
2026-09-24 17:57:54,136 - RH56DFTP - INFO - 成功设置寄存器 POS_SET(0): 值=1, 起始地址=1474
2026-09-24 17:57:54,137 - RH56DFTP - INFO - 开始设置寄存器: POS_SET(1), 值: 0
2026-09-24 17:57:54,138 - RH56DFTP - INFO - 成功设置寄存器 POS_SET(1): 值=0, 起始地址=1476
2026-09-24 17:57:54,138 - RH56DFTP - INFO - 开始设置寄存器: POS_SET(2), 值: 0
2026-09-24 17:57:54,140 - RH56DFTP - INFO - 成功设置寄存器 POS_SET(2): 值=0, 起始地址=1478
2026-09-24 17:57:54,140 - RH56DFTP - INFO - 开始设置寄存器: POS_SET(3), 值: 0
2026-09-24 17:57:54,142 - RH56DFTP - INFO - 成功设置寄存器 POS_SET(3): 值=0, 起始地址=1480
2026-09-24 17:57:54,142 - RH56DFTP - INFO - 开始设置寄存器: POS_SET(4), 值: 0
2026-09-24 17:57:54,144 - RH56DFTP - INFO - 成功设置寄存器 POS_SET(4): 值=0, 起始地址=1482
2026-09-24 17:57:54,144 - RH56DFTP - INFO - 开始设置寄存器: POS_SET(5), 值: 0
2026-09-24 17:57:54,155 - RH56DFTP - INFO - 成功设置寄存器 POS_SET(5): 值=0, 起始地址=1484
2026-09-24 17:57:54,250 - RH56DFTP - INFO - 开始设置寄存器: POS_SET(0), 值: 1
2026-09-24 17:57:54,251 - RH56DFTP - INFO - 成功设置寄存器 POS_SET(0): 值=1, 起始地址=1474
2026-09-24 17:57:54,252 - RH56DFTP - INFO - 开始设置寄存器: POS_SET(1), 值: 0
2026-09-24 17:57:54,259 - RH56DFTP - INFO - 成功设置寄存器 POS_SET(1): 值=0, 起始地址=1476
2026-09-24 17:57:54,259 - RH56DFTP - INFO - 开始设置寄存器: POS_SET(2), 值: 0
2026-09-24 17:57:54,261 - RH56DFTP - INFO - 成功设置寄存器 POS_SET(2): 值=0, 起始地址=1478
2026-09-24 17:57:54,261 - RH56DFTP - INFO - 开始设置寄存器: POS_SET(3), 值: 0
2026-09-24 17:57:54,263 - RH56DFTP - INFO - 成功设置寄存器 POS_SET(3): 值=0, 起始地址=1480
2026-09-24 17:57:54,263 - RH56DFTP - INFO - 开始设置寄存器: POS_SET(4), 值: 0
2026-09-24 17:57:54,264 - RH56DFTP - INFO - 成功设置寄存器 POS_SET(4): 值=0, 起始地址=1482
2026-09-24 17:57:54,265 - RH56DFTP - INFO - 开始设置寄存器: POS_SET(5), 值: 0
2026-09-24 17:57:54,267 - RH56DFTP - INFO - 成功设置寄存器 POS_SET(5): 值=0, 起始地址=1484
2026-09-24 17:57:54,366 - RH56DFTP - INFO - 开始设置寄存器: POS_SET(0), 值: 1
2026-09-24 17:57:54,372 - RH56DFTP - INFO - 成功设置寄存器 POS_SET(0): 值=1, 起始地址=1474
2026-09-24 17:57:54,372 - RH56DFTP - INFO - 开始设置寄存器: POS_SET(1), 值: 0
2026-09-24 17:57:54,374 - RH56DFTP - INFO - 成功设置寄存器 POS_SET(1): 值=0, 起始地址=1476
2026-09-24 17:57:54,374 - RH56DFTP - INFO - 开始设置寄存器: POS_SET(2), 值: 0
2026-09-24 17:57:54,376 - RH56DFTP - INFO - 成功设置寄存器 POS_SET(2): 值=0, 起始地址=1478
2026-09-24 17:57:54,376 - RH56DFTP - INFO - 开始设置寄存器: POS_SET(3), 值: 0
2026-09-24 17:57:54,383 - RH56DFTP - INFO - 成功设置寄存器 POS_SET(3): 值=0, 起始地址=1480
2026-09-24 17:57:54,383 - RH56DFTP - INFO - 开始设置寄存器: POS_SET(4), 值: 0
2026-09-24 17:57:54,384 - RH56DFTP - INFO - 成功设置寄存器 POS_SET(4): 值=0, 起始地址=1482
2026-09-24 17:57:54,385 - RH56DFTP - INFO - 开始设置寄存器: POS_SET(5), 值: 0
2026-09-24 17:57:54,386 - RH56DFTP - INFO - 成功设置寄存器 POS_SET(5): 值=0, 起始地址=1484
2026-09-24 17:57:54,499 - RH56DFTP - INFO - 开始设置寄存器: POS_SET(0), 值: 1
2026-09-24 17:57:54,501 - RH56DFTP - INFO - 成功设置寄存器 POS_SET(0): 值=1, 起始地址=1474
2026-09-24 17:57:54,501 - RH56DFTP - INFO - 开始设置寄存器: POS_SET(1), 值: 0
2026-09-24 17:57:54,508 - RH56DFTP - INFO - 成功设置寄存器 POS_SET(1): 值=0, 起始地址=1476
2026-09-24 17:57:54,508 - RH56DFTP - INFO - 开始设置寄存器: POS_SET(2), 值: 0
2026-09-24 17:57:54,510 - RH56DFTP - INFO - 成功设置寄存器 POS_SET(2): 值=0, 起始地址=1478
2026-09-24 17:57:54,510 - RH56DFTP - INFO - 开始设置寄存器: POS_SET(3), 值: 0
2026-09-24 17:57:54,512 - RH56DFTP - INFO - 成功设置寄存器 POS_SET(3): 值=0, 起始地址=1480
2026-09-24 17:57:54,512 - RH56DFTP - INFO - 开始设置寄存器: POS_SET(4), 值: 0
2026-09-24 17:57:54,514 - RH56DFTP - INFO - 成功设置寄存器 POS_SET(4): 值=0, 起始地址=1482
2026-09-24 17:57:54,514 - RH56DFTP - INFO - 开始设置寄存器: POS_SET(5), 值: 0
2026-09-24 17:57:54,516 - RH56DFTP - INFO - 成功设置寄存器 POS_SET(5): 值=0, 起始地址=1484
2026-09-24 17:57:54,601 - RH56DFTP - INFO - 开始设置寄存器: POS_SET(0), 值: 1
2026-09-24 17:57:54,604 - RH56DFTP - INFO - 成功设置寄存器 POS_SET(0): 值=1, 起始地址=1474
2026-09-24 17:57:54,604 - RH56DFTP - INFO - 开始设置寄存器: POS_SET(1), 值: 0
2026-09-24 17:57:54,606 - RH56DFTP - INFO - 成功设置寄存器 POS_SET(1): 值=0, 起始地址=1476
2026-09-24 17:57:54,608 - RH56DFTP - INFO - 开始设置寄存器: POS_SET(2), 值: 0
2026-09-24 17:57:54,610 - RH56DFTP - INFO - 成功设置寄存器 POS_SET(2): 值=0, 起始地址=1478
2026-09-24 17:57:54,610 - RH56DFTP - INFO - 开始设置寄存器: POS_SET(3), 值: 0
2026-09-24 17:57:54,620 - RH56DFTP - INFO - 成功设置寄存器 POS_SET(3): 值=0, 起始地址=1480
2026-09-24 17:57:54,620 - RH56DFTP - INFO - 开始设置寄存器: POS_SET(4), 值: 0
2026-09-24 17:57:54,622 - RH56DFTP - INFO - 成功设置寄存器 POS_SET(4): 值=0, 起始地址=1482
2026-09-24 17:57:54,622 - RH56DFTP - INFO - 开始设置寄存器: POS_SET(5), 值: 0
2026-09-24 17:57:54,624 - RH56DFTP - INFO - 成功设置寄存器 POS_SET(5): 值=0, 起始地址=1484
2026-09-24 17:57:54,720 - RH56DFTP - INFO - 开始设置寄存器: POS_SET(0), 值: 1
2026-09-24 17:57:54,725 - RH56DFTP - INFO - 成功设置寄存器 POS_SET(0): 值=1, 起始地址=1474
2026-09-24 17:57:54,725 - RH56DFTP - INFO - 开始设置寄存器: POS_SET(1), 值: 0
2026-09-24 17:57:54,727 - RH56DFTP - INFO - 成功设置寄存器 POS_SET(1): 值=0, 起始地址=1476
2026-09-24 17:57:54,728 - RH56DFTP - INFO - 开始设置寄存器: POS_SET(2), 值: 0
2026-09-24 17:57:54,730 - RH56DFTP - INFO - 成功设置寄存器 POS_SET(2): 值=0, 起始地址=1478
2026-09-24 17:57:54,730 - RH56DFTP - INFO - 开始设置寄存器: POS_SET(3), 值: 0
2026-09-24 17:57:54,732 - RH56DFTP - INFO - 成功设置寄存器 POS_SET(3): 值=0, 起始地址=1480
2026-09-24 17:57:54,732 - RH56DFTP - INFO - 开始设置寄存器: POS_SET(4), 值: 0
2026-09-24 17:57:54,734 - RH56DFTP - INFO - 成功设置寄存器 POS_SET(4): 值=0, 起始地址=1482
2026-09-24 17:57:54,734 - RH56DFTP - INFO - 开始设置寄存器: POS_SET(5), 值: 0
2026-09-24 17:57:54,745 - RH56DFTP - INFO - 成功设置寄存器 POS_SET(5): 值=0, 起始地址=1484
2026-09-24 17:57:54,843 - RH56DFTP - INFO - 开始设置寄存器: POS_SET(0), 值: 1
2026-09-24 17:57:54,849 - RH56DFTP - INFO - 成功设置寄存器 POS_SET(0): 值=1, 起始地址=1474
2026-09-24 17:57:54,849 - RH56DFTP - INFO - 开始设置寄存器: POS_SET(1), 值: 0
2026-09-24 17:57:54,851 - RH56DFTP - INFO - 成功设置寄存器 POS_SET(1): 值=0, 起始地址=1476
2026-09-24 17:57:54,851 - RH56DFTP - INFO - 开始设置寄存器: POS_SET(2), 值: 0
2026-09-24 17:57:54,853 - RH56DFTP - INFO - 成功设置寄存器 POS_SET(2): 值=0, 起始地址=1478
2026-09-24 17:57:54,853 - RH56DFTP - INFO - 开始设置寄存器: POS_SET(3), 值: 0
2026-09-24 17:57:54,855 - RH56DFTP - INFO - 成功设置寄存器 POS_SET(3): 值=0, 起始地址=1480
2026-09-24 17:57:54,855 - RH56DFTP - INFO - 开始设置寄存器: POS_SET(4), 值: 0
2026-09-24 17:57:54,857 - RH56DFTP - INFO - 成功设置寄存器 POS_SET(4): 值=0, 起始地址=1482
2026-09-24 17:57:54,858 - RH56DFTP - INFO - 开始设置寄存器: POS_SET(5), 值: 0
2026-09-24 17:57:54,868 - RH56DFTP - INFO - 成功设置寄存器 POS_SET(5): 值=0, 起始地址=1484
2026-09-24 17:57:54,957 - RH56DFTP - INFO - 开始设置寄存器: POS_SET(0), 值: 1
2026-09-24 17:57:54,961 - RH56DFTP - INFO - 成功设置寄存器 POS_SET(0): 值=1, 起始地址=1474
2026-09-24 17:57:54,961 - RH56DFTP - INFO - 开始设置寄存器: POS_SET(1), 值: 0
2026-09-24 17:57:54,963 - RH56DFTP - INFO - 成功设置寄存器 POS_SET(1): 值=0, 起始地址=1476
2026-09-24 17:57:54,963 - RH56DFTP - INFO - 开始设置寄存器: POS_SET(2), 值: 0
2026-09-24 17:57:54,965 - RH56DFTP - INFO - 成功设置寄存器 POS_SET(2): 值=0, 起始地址=1478
2026-09-24 17:57:54,965 - RH56DFTP - INFO - 开始设置寄存器: POS_SET(3), 值: 0
2026-09-24 17:57:54,972 - RH56DFTP - INFO - 成功设置寄存器 POS_SET(3): 值=0, 起始地址=1480
2026-09-24 17:57:54,972 - RH56DFTP - INFO - 开始设置寄存器: POS_SET(4), 值: 0
2026-09-24 17:57:54,974 - RH56DFTP - INFO - 成功设置寄存器 POS_SET(4): 值=0, 起始地址=1482
2026-09-24 17:57:54,974 - RH56DFTP - INFO - 开始设置寄存器: POS_SET(5), 值: 0
2026-09-24 17:57:54,976 - RH56DFTP - INFO - 成功设置寄存器 POS_SET(5): 值=0, 起始地址=1484
2026-09-24 17:57:55,066 - RH56DFTP - INFO - 开始设置寄存器: POS_SET(0), 值: 1
2026-09-24 17:57:55,069 - RH56DFTP - INFO - 成功设置寄存器 POS_SET(0): 值=1, 起始地址=1474
2026-09-24 17:57:55,069 - RH56DFTP - INFO - 开始设置寄存器: POS_SET(1), 值: 0
2026-09-24 17:57:55,070 - RH56DFTP - INFO - 成功设置寄存器 POS_SET(1): 值=0, 起始地址=1476
2026-09-24 17:57:55,070 - RH56DFTP - INFO - 开始设置寄存器: POS_SET(2), 值: 0
2026-09-24 17:57:55,072 - RH56DFTP - INFO - 成功设置寄存器 POS_SET(2): 值=0, 起始地址=1478
2026-09-24 17:57:55,072 - RH56DFTP - INFO - 开始设置寄存器: POS_SET(3), 值: 0
2026-09-24 17:57:55,074 - RH56DFTP - INFO - 成功设置寄存器 POS_SET(3): 值=0, 起始地址=1480
2026-09-24 17:57:55,074 - RH56DFTP - INFO - 开始设置寄存器: POS_SET(4), 值: 0
2026-09-24 17:57:55,085 - RH56DFTP - INFO - 成功设置寄存器 POS_SET(4): 值=0, 起始地址=1482
2026-09-24 17:57:55,086 - RH56DFTP - INFO - 开始设置寄存器: POS_SET(5), 值: 0
2026-09-24 17:57:55,088 - RH56DFTP - INFO - 成功设置寄存器 POS_SET(5): 值=0, 起始地址=1484
2026-09-24 17:57:55,179 - RH56DFTP - INFO - 开始设置寄存器: POS_SET(0), 值: 1
2026-09-24 17:57:55,182 - RH56DFTP - INFO - 成功设置寄存器 POS_SET(0): 值=1, 起始地址=1474
2026-09-24 17:57:55,182 - RH56DFTP - INFO - 开始设置寄存器: POS_SET(1), 值: 0
2026-09-24 17:57:55,188 - RH56DFTP - INFO - 成功设置寄存器 POS_SET(1): 值=0, 起始地址=1476
2026-09-24 17:57:55,188 - RH56DFTP - INFO - 开始设置寄存器: POS_SET(2), 值: 0
2026-09-24 17:57:55,190 - RH56DFTP - INFO - 成功设置寄存器 POS_SET(2): 值=0, 起始地址=1478
2026-09-24 17:57:55,190 - RH56DFTP - INFO - 开始设置寄存器: POS_SET(3), 值: 0
2026-09-24 17:57:55,192 - RH56DFTP - INFO - 成功设置寄存器 POS_SET(3): 值=0, 起始地址=1480
2026-09-24 17:57:55,192 - RH56DFTP - INFO - 开始设置寄存器: POS_SET(4), 值: 0
2026-09-24 17:57:55,194 - RH56DFTP - INFO - 成功设置寄存器 POS_SET(4): 值=0, 起始地址=1482
2026-09-24 17:57:55,194 - RH56DFTP - INFO - 开始设置寄存器: POS_SET(5), 值: 0
2026-09-24 17:57:55,196 - RH56DFTP - INFO - 成功设置寄存器 POS_SET(5): 值=0, 起始地址=1484
2026-09-24 17:57:55,289 - RH56DFTP - INFO - 开始设置寄存器: POS_SET(0), 值: 1
2026-09-24 17:57:55,292 - RH56DFTP - INFO - 成功设置寄存器 POS_SET(0): 值=1, 起始地址=1474
2026-09-24 17:57:55,292 - RH56DFTP - INFO - 开始设置寄存器: POS_SET(1), 值: 0
2026-09-24 17:57:55,302 - RH56DFTP - INFO - 成功设置寄存器 POS_SET(1): 值=0, 起始地址=1476
2026-09-24 17:57:55,302 - RH56DFTP - INFO - 开始设置寄存器: POS_SET(2), 值: 0
2026-09-24 17:57:55,305 - RH56DFTP - INFO - 成功设置寄存器 POS_SET(2): 值=0, 起始地址=1478
2026-09-24 17:57:55,305 - RH56DFTP - INFO - 开始设置寄存器: POS_SET(3), 值: 0
2026-09-24 17:57:55,314 - RH56DFTP - INFO - 成功设置寄存器 POS_SET(3): 值=0, 起始地址=1480
2026-09-24 17:57:55,314 - RH56DFTP - INFO - 开始设置寄存器: POS_SET(4), 值: 0
2026-09-24 17:57:55,315 - RH56DFTP - INFO - 成功设置寄存器 POS_SET(4): 值=0, 起始地址=1482
2026-09-24 17:57:55,315 - RH56DFTP - INFO - 开始设置寄存器: POS_SET(5), 值: 0
2026-09-24 17:57:55,317 - RH56DFTP - INFO - 成功设置寄存器 POS_SET(5): 值=0, 起始地址=1484
2026-09-24 17:57:55,408 - RH56DFTP - INFO - 开始设置寄存器: POS_SET(0), 值: 1
2026-09-24 17:57:55,410 - RH56DFTP - INFO - 成功设置寄存器 POS_SET(0): 值=1, 起始地址=1474
2026-09-24 17:57:55,411 - RH56DFTP - INFO - 开始设置寄存器: POS_SET(1), 值: 0
2026-09-24 17:57:55,412 - RH56DFTP - INFO - 成功设置寄存器 POS_SET(1): 值=0, 起始地址=1476
2026-09-24 17:57:55,412 - RH56DFTP - INFO - 开始设置寄存器: POS_SET(2), 值: 0
2026-09-24 17:57:55,414 - RH56DFTP - INFO - 成功设置寄存器 POS_SET(2): 值=0, 起始地址=1478
2026-09-24 17:57:55,414 - RH56DFTP - INFO - 开始设置寄存器: POS_SET(3), 值: 0
2026-09-24 17:57:55,416 - RH56DFTP - INFO - 成功设置寄存器 POS_SET(3): 值=0, 起始地址=1480
2026-09-24 17:57:55,416 - RH56DFTP - INFO - 开始设置寄存器: POS_SET(4), 值: 0
2026-09-24 17:57:55,428 - RH56DFTP - INFO - 成功设置寄存器 POS_SET(4): 值=0, 起始地址=1482
2026-09-24 17:57:55,429 - RH56DFTP - INFO - 开始设置寄存器: POS_SET(5), 值: 0
2026-09-24 17:57:55,436 - RH56DFTP - INFO - 成功设置寄存器 POS_SET(5): 值=0, 起始地址=1484
2026-09-24 17:57:55,525 - RH56DFTP - INFO - 开始设置寄存器: POS_SET(0), 值: 1
2026-09-24 17:57:55,530 - RH56DFTP - INFO - 成功设置寄存器 POS_SET(0): 值=1, 起始地址=1474
2026-09-24 17:57:55,530 - RH56DFTP - INFO - 开始设置寄存器: POS_SET(1), 值: 0
2026-09-24 17:57:55,532 - RH56DFTP - INFO - 成功设置寄存器 POS_SET(1): 值=0, 起始地址=1476
2026-09-24 17:57:55,532 - RH56DFTP - INFO - 开始设置寄存器: POS_SET(2), 值: 0
2026-09-24 17:57:55,534 - RH56DFTP - INFO - 成功设置寄存器 POS_SET(2): 值=0, 起始地址=1478
2026-09-24 17:57:55,534 - RH56DFTP - INFO - 开始设置寄存器: POS_SET(3), 值: 0
2026-09-24 17:57:55,536 - RH56DFTP - INFO - 成功设置寄存器 POS_SET(3): 值=0, 起始地址=1480
2026-09-24 17:57:55,536 - RH56DFTP - INFO - 开始设置寄存器: POS_SET(4), 值: 0
2026-09-24 17:57:55,538 - RH56DFTP - INFO - 成功设置寄存器 POS_SET(4): 值=0, 起始地址=1482
2026-09-24 17:57:55,538 - RH56DFTP - INFO - 开始设置寄存器: POS_SET(5), 值: 0
2026-09-24 17:57:55,540 - RH56DFTP - INFO - 成功设置寄存器 POS_SET(5): 值=0, 起始地址=1484
2026-09-24 17:57:55,637 - RH56DFTP - INFO - 开始设置寄存器: POS_SET(0), 值: 1
2026-09-24 17:57:55,643 - RH56DFTP - INFO - 成功设置寄存器 POS_SET(0): 值=1, 起始地址=1474
2026-09-24 17:57:55,643 - RH56DFTP - INFO - 开始设置寄存器: POS_SET(1), 值: 0
2026-09-24 17:57:55,647 - RH56DFTP - INFO - 成功设置寄存器 POS_SET(1): 值=0, 起始地址=1476
2026-09-24 17:57:55,647 - RH56DFTP - INFO - 开始设置寄存器: POS_SET(2), 值: 0
2026-09-24 17:57:55,654 - RH56DFTP - INFO - 成功设置寄存器 POS_SET(2): 值=0, 起始地址=1478
2026-09-24 17:57:55,655 - RH56DFTP - INFO - 开始设置寄存器: POS_SET(3), 值: 0
2026-09-24 17:57:55,657 - RH56DFTP - INFO - 成功设置寄存器 POS_SET(3): 值=0, 起始地址=1480
2026-09-24 17:57:55,658 - RH56DFTP - INFO - 开始设置寄存器: POS_SET(4), 值: 0
2026-09-24 17:57:55,659 - RH56DFTP - INFO - 成功设置寄存器 POS_SET(4): 值=0, 起始地址=1482
2026-09-24 17:57:55,659 - RH56DFTP - INFO - 开始设置寄存器: POS_SET(5), 值: 0
2026-09-24 17:57:55,661 - RH56DFTP - INFO - 成功设置寄存器 POS_SET(5): 值=0, 起始地址=1484
2026-09-24 17:57:55,760 - RH56DFTP - INFO - 开始设置寄存器: POS_SET(0), 值: 1
2026-09-24 17:57:55,768 - RH56DFTP - INFO - 成功设置寄存器 POS_SET(0): 值=1, 起始地址=1474
2026-09-24 17:57:55,768 - RH56DFTP - INFO - 开始设置寄存器: POS_SET(1), 值: 0
2026-09-24 17:57:55,771 - RH56DFTP - INFO - 成功设置寄存器 POS_SET(1): 值=0, 起始地址=1476
2026-09-24 17:57:55,771 - RH56DFTP - INFO - 开始设置寄存器: POS_SET(2), 值: 0
2026-09-24 17:57:55,778 - RH56DFTP - INFO - 成功设置寄存器 POS_SET(2): 值=0, 起始地址=1478
2026-09-24 17:57:55,778 - RH56DFTP - INFO - 开始设置寄存器: POS_SET(3), 值: 0
2026-09-24 17:57:55,781 - RH56DFTP - INFO - 成功设置寄存器 POS_SET(3): 值=0, 起始地址=1480
2026-09-24 17:57:55,781 - RH56DFTP - INFO - 开始设置寄存器: POS_SET(4), 值: 0
2026-09-24 17:57:55,783 - RH56DFTP - INFO - 成功设置寄存器 POS_SET(4): 值=0, 起始地址=1482
2026-09-24 17:57:55,783 - RH56DFTP - INFO - 开始设置寄存器: POS_SET(5), 值: 0
2026-09-24 17:57:55,785 - RH56DFTP - INFO - 成功设置寄存器 POS_SET(5): 值=0, 起始地址=1484
2026-09-24 17:57:55,873 - RH56DFTP - INFO - 开始设置寄存器: POS_SET(0), 值: 1
2026-09-24 17:57:55,876 - RH56DFTP - INFO - 成功设置寄存器 POS_SET(0): 值=1, 起始地址=1474
2026-09-24 17:57:55,876 - RH56DFTP - INFO - 开始设置寄存器: POS_SET(1), 值: 0
2026-09-24 17:57:55,878 - RH56DFTP - INFO - 成功设置寄存器 POS_SET(1): 值=0, 起始地址=1476
2026-09-24 17:57:55,878 - RH56DFTP - INFO - 开始设置寄存器: POS_SET(2), 值: 0
2026-09-24 17:57:55,880 - RH56DFTP - INFO - 成功设置寄存器 POS_SET(2): 值=0, 起始地址=1478
2026-09-24 17:57:55,880 - RH56DFTP - INFO - 开始设置寄存器: POS_SET(3), 值: 0
2026-09-24 17:57:55,890 - RH56DFTP - INFO - 成功设置寄存器 POS_SET(3): 值=0, 起始地址=1480
2026-09-24 17:57:55,890 - RH56DFTP - INFO - 开始设置寄存器: POS_SET(4), 值: 0
2026-09-24 17:57:55,892 - RH56DFTP - INFO - 成功设置寄存器 POS_SET(4): 值=0, 起始地址=1482
2026-09-24 17:57:55,892 - RH56DFTP - INFO - 开始设置寄存器: POS_SET(5), 值: 0
2026-09-24 17:57:55,894 - RH56DFTP - INFO - 成功设置寄存器 POS_SET(5): 值=0, 起始地址=1484
2026-09-24 17:57:55,982 - RH56DFTP - INFO - 开始设置寄存器: POS_SET(0), 值: 1
2026-09-24 17:57:55,984 - RH56DFTP - INFO - 成功设置寄存器 POS_SET(0): 值=1, 起始地址=1474
2026-09-24 17:57:55,984 - RH56DFTP - INFO - 开始设置寄存器: POS_SET(1), 值: 0
2026-09-24 17:57:55,986 - RH56DFTP - INFO - 成功设置寄存器 POS_SET(1): 值=0, 起始地址=1476
2026-09-24 17:57:55,987 - RH56DFTP - INFO - 开始设置寄存器: POS_SET(2), 值: 0
2026-09-24 17:57:55,995 - RH56DFTP - INFO - 成功设置寄存器 POS_SET(2): 值=0, 起始地址=1478
2026-09-24 17:57:55,996 - RH56DFTP - INFO - 开始设置寄存器: POS_SET(3), 值: 0
2026-09-24 17:57:55,998 - RH56DFTP - INFO - 成功设置寄存器 POS_SET(3): 值=0, 起始地址=1480
2026-09-24 17:57:55,998 - RH56DFTP - INFO - 开始设置寄存器: POS_SET(4), 值: 0
2026-09-24 17:57:55,999 - RH56DFTP - INFO - 成功设置寄存器 POS_SET(4): 值=0, 起始地址=1482
2026-09-24 17:57:56,000 - RH56DFTP - INFO - 开始设置寄存器: POS_SET(5), 值: 0
2026-09-24 17:57:56,001 - RH56DFTP - INFO - 成功设置寄存器 POS_SET(5): 值=0, 起始地址=1484
2026-09-24 17:57:56,095 - RH56DFTP - INFO - 开始设置寄存器: POS_SET(0), 值: 1
2026-09-24 17:57:56,098 - RH56DFTP - INFO - 成功设置寄存器 POS_SET(0): 值=1, 起始地址=1474
2026-09-24 17:57:56,098 - RH56DFTP - INFO - 开始设置寄存器: POS_SET(1), 值: 0
2026-09-24 17:57:56,109 - RH56DFTP - INFO - 成功设置寄存器 POS_SET(1): 值=0, 起始地址=1476
2026-09-24 17:57:56,109 - RH56DFTP - INFO - 开始设置寄存器: POS_SET(2), 值: 0
2026-09-24 17:57:56,112 - RH56DFTP - INFO - 成功设置寄存器 POS_SET(2): 值=0, 起始地址=1478
2026-09-24 17:57:56,112 - RH56DFTP - INFO - 开始设置寄存器: POS_SET(3), 值: 0
2026-09-24 17:57:56,118 - RH56DFTP - INFO - 成功设置寄存器 POS_SET(3): 值=0, 起始地址=1480
2026-09-24 17:57:56,118 - RH56DFTP - INFO - 开始设置寄存器: POS_SET(4), 值: 0
2026-09-24 17:57:56,120 - RH56DFTP - INFO - 成功设置寄存器 POS_SET(4): 值=0, 起始地址=1482
2026-09-24 17:57:56,120 - RH56DFTP - INFO - 开始设置寄存器: POS_SET(5), 值: 0
2026-09-24 17:57:56,122 - RH56DFTP - INFO - 成功设置寄存器 POS_SET(5): 值=0, 起始地址=1484
2026-09-24 17:57:56,210 - RH56DFTP - INFO - 开始设置寄存器: POS_SET(0), 值: 1
2026-09-24 17:57:56,213 - RH56DFTP - INFO - 成功设置寄存器 POS_SET(0): 值=1, 起始地址=1474
2026-09-24 17:57:56,213 - RH56DFTP - INFO - 开始设置寄存器: POS_SET(1), 值: 0
2026-09-24 17:57:56,215 - RH56DFTP - INFO - 成功设置寄存器 POS_SET(1): 值=0, 起始地址=1476
2026-09-24 17:57:56,215 - RH56DFTP - INFO - 开始设置寄存器: POS_SET(2), 值: 0
2026-09-24 17:57:56,219 - RH56DFTP - INFO - 成功设置寄存器 POS_SET(2): 值=0, 起始地址=1478
2026-09-24 17:57:56,220 - RH56DFTP - INFO - 开始设置寄存器: POS_SET(3), 值: 0
2026-09-24 17:57:56,231 - RH56DFTP - INFO - 成功设置寄存器 POS_SET(3): 值=0, 起始地址=1480
2026-09-24 17:57:56,232 - RH56DFTP - INFO - 开始设置寄存器: POS_SET(4), 值: 0
2026-09-24 17:57:56,234 - RH56DFTP - INFO - 成功设置寄存器 POS_SET(4): 值=0, 起始地址=1482
2026-09-24 17:57:56,234 - RH56DFTP - INFO - 开始设置寄存器: POS_SET(5), 值: 0
2026-09-24 17:57:56,236 - RH56DFTP - INFO - 成功设置寄存器 POS_SET(5): 值=0, 起始地址=1484
2026-09-24 17:57:56,337 - RH56DFTP - INFO - 开始设置寄存器: POS_SET(0), 值: 1
2026-09-24 17:57:56,339 - RH56DFTP - INFO - 成功设置寄存器 POS_SET(0): 值=1, 起始地址=1474
2026-09-24 17:57:56,339 - RH56DFTP - INFO - 开始设置寄存器: POS_SET(1), 值: 0
2026-09-24 17:57:56,341 - RH56DFTP - INFO - 成功设置寄存器 POS_SET(1): 值=0, 起始地址=1476
2026-09-24 17:57:56,341 - RH56DFTP - INFO - 开始设置寄存器: POS_SET(2), 值: 0
2026-09-24 17:57:56,342 - RH56DFTP - INFO - 成功设置寄存器 POS_SET(2): 值=0, 起始地址=1478
2026-09-24 17:57:56,343 - RH56DFTP - INFO - 开始设置寄存器: POS_SET(3), 值: 0
2026-09-24 17:57:56,344 - RH56DFTP - INFO - 成功设置寄存器 POS_SET(3): 值=0, 起始地址=1480
2026-09-24 17:57:56,344 - RH56DFTP - INFO - 开始设置寄存器: POS_SET(4), 值: 0
2026-09-24 17:57:56,355 - RH56DFTP - INFO - 成功设置寄存器 POS_SET(4): 值=0, 起始地址=1482
2026-09-24 17:57:56,357 - RH56DFTP - INFO - 开始设置寄存器: POS_SET(5), 值: 0
2026-09-24 17:57:56,359 - RH56DFTP - INFO - 成功设置寄存器 POS_SET(5): 值=0, 起始地址=1484
2026-09-24 17:57:56,453 - RH56DFTP - INFO - 开始设置寄存器: POS_SET(0), 值: 1
2026-09-24 17:57:56,460 - RH56DFTP - INFO - 成功设置寄存器 POS_SET(0): 值=1, 起始地址=1474
2026-09-24 17:57:56,460 - RH56DFTP - INFO - 开始设置寄存器: POS_SET(1), 值: 0
2026-09-24 17:57:56,462 - RH56DFTP - INFO - 成功设置寄存器 POS_SET(1): 值=0, 起始地址=1476
2026-09-24 17:57:56,462 - RH56DFTP - INFO - 开始设置寄存器: POS_SET(2), 值: 0
2026-09-24 17:57:56,464 - RH56DFTP - INFO - 成功设置寄存器 POS_SET(2): 值=0, 起始地址=1478
2026-09-24 17:57:56,464 - RH56DFTP - INFO - 开始设置寄存器: POS_SET(3), 值: 0
2026-09-24 17:57:56,466 - RH56DFTP - INFO - 成功设置寄存器 POS_SET(3): 值=0, 起始地址=1480
2026-09-24 17:57:56,468 - RH56DFTP - INFO - 开始设置寄存器: POS_SET(4), 值: 0
2026-09-24 17:57:56,479 - RH56DFTP - INFO - 成功设置寄存器 POS_SET(4): 值=0, 起始地址=1482
2026-09-24 17:57:56,480 - RH56DFTP - INFO - 开始设置寄存器: POS_SET(5), 值: 0
2026-09-24 17:57:56,482 - RH56DFTP - INFO - 成功设置寄存器 POS_SET(5): 值=0, 起始地址=1484
2026-09-24 17:57:56,571 - RH56DFTP - INFO - 开始设置寄存器: POS_SET(0), 值: 1
2026-09-24 17:57:56,573 - RH56DFTP - INFO - 成功设置寄存器 POS_SET(0): 值=1, 起始地址=1474
2026-09-24 17:57:56,573 - RH56DFTP - INFO - 开始设置寄存器: POS_SET(1), 值: 0
2026-09-24 17:57:56,575 - RH56DFTP - INFO - 成功设置寄存器 POS_SET(1): 值=0, 起始地址=1476
2026-09-24 17:57:56,575 - RH56DFTP - INFO - 开始设置寄存器: POS_SET(2), 值: 0
2026-09-24 17:57:56,578 - RH56DFTP - INFO - 成功设置寄存器 POS_SET(2): 值=0, 起始地址=1478
2026-09-24 17:57:56,578 - RH56DFTP - INFO - 开始设置寄存器: POS_SET(3), 值: 0
2026-09-24 17:57:56,585 - RH56DFTP - INFO - 成功设置寄存器 POS_SET(3): 值=0, 起始地址=1480
2026-09-24 17:57:56,585 - RH56DFTP - INFO - 开始设置寄存器: POS_SET(4), 值: 0
2026-09-24 17:57:56,588 - RH56DFTP - INFO - 成功设置寄存器 POS_SET(4): 值=0, 起始地址=1482
2026-09-24 17:57:56,588 - RH56DFTP - INFO - 开始设置寄存器: POS_SET(5), 值: 0
2026-09-24 17:57:56,589 - RH56DFTP - INFO - 成功设置寄存器 POS_SET(5): 值=0, 起始地址=1484
2026-09-24 17:57:56,682 - RH56DFTP - INFO - 开始设置寄存器: POS_SET(0), 值: 1
2026-09-24 17:57:56,684 - RH56DFTP - INFO - 成功设置寄存器 POS_SET(0): 值=1, 起始地址=1474
2026-09-24 17:57:56,684 - RH56DFTP - INFO - 开始设置寄存器: POS_SET(1), 值: 0
2026-09-24 17:57:56,685 - RH56DFTP - INFO - 成功设置寄存器 POS_SET(1): 值=0, 起始地址=1476
2026-09-24 17:57:56,685 - RH56DFTP - INFO - 开始设置寄存器: POS_SET(2), 值: 0
2026-09-24 17:57:56,696 - RH56DFTP - INFO - 成功设置寄存器 POS_SET(2): 值=0, 起始地址=1478
2026-09-24 17:57:56,696 - RH56DFTP - INFO - 开始设置寄存器: POS_SET(3), 值: 0
2026-09-24 17:57:56,699 - RH56DFTP - INFO - 成功设置寄存器 POS_SET(3): 值=0, 起始地址=1480
2026-09-24 17:57:56,699 - RH56DFTP - INFO - 开始设置寄存器: POS_SET(4), 值: 0
2026-09-24 17:57:56,701 - RH56DFTP - INFO - 成功设置寄存器 POS_SET(4): 值=0, 起始地址=1482
2026-09-24 17:57:56,701 - RH56DFTP - INFO - 开始设置寄存器: POS_SET(5), 值: 0
2026-09-24 17:57:56,708 - RH56DFTP - INFO - 成功设置寄存器 POS_SET(5): 值=0, 起始地址=1484
2026-09-24 17:57:56,809 - RH56DFTP - INFO - 开始设置寄存器: POS_SET(0), 值: 1
2026-09-24 17:57:56,821 - RH56DFTP - INFO - 成功设置寄存器 POS_SET(0): 值=1, 起始地址=1474
2026-09-24 17:57:56,821 - RH56DFTP - INFO - 开始设置寄存器: POS_SET(1), 值: 0
2026-09-24 17:57:56,823 - RH56DFTP - INFO - 成功设置寄存器 POS_SET(1): 值=0, 起始地址=1476
2026-09-24 17:57:56,823 - RH56DFTP - INFO - 开始设置寄存器: POS_SET(2), 值: 0
2026-09-24 17:57:56,825 - RH56DFTP - INFO - 成功设置寄存器 POS_SET(2): 值=0, 起始地址=1478
2026-09-24 17:57:56,825 - RH56DFTP - INFO - 开始设置寄存器: POS_SET(3), 值: 0
2026-09-24 17:57:56,832 - RH56DFTP - INFO - 成功设置寄存器 POS_SET(3): 值=0, 起始地址=1480
2026-09-24 17:57:56,832 - RH56DFTP - INFO - 开始设置寄存器: POS_SET(4), 值: 0
2026-09-24 17:57:56,834 - RH56DFTP - INFO - 成功设置寄存器 POS_SET(4): 值=0, 起始地址=1482
2026-09-24 17:57:56,834 - RH56DFTP - INFO - 开始设置寄存器: POS_SET(5), 值: 0
2026-09-24 17:57:56,835 - RH56DFTP - INFO - 成功设置寄存器 POS_SET(5): 值=0, 起始地址=1484
2026-09-24 17:57:56,924 - RH56DFTP - INFO - 开始设置寄存器: POS_SET(0), 值: 1
2026-09-24 17:57:56,929 - RH56DFTP - INFO - 成功设置寄存器 POS_SET(0): 值=1, 起始地址=1474
2026-09-24 17:57:56,929 - RH56DFTP - INFO - 开始设置寄存器: POS_SET(1), 值: 0
2026-09-24 17:57:56,931 - RH56DFTP - INFO - 成功设置寄存器 POS_SET(1): 值=0, 起始地址=1476
2026-09-24 17:57:56,931 - RH56DFTP - INFO - 开始设置寄存器: POS_SET(2), 值: 0
2026-09-24 17:57:56,933 - RH56DFTP - INFO - 成功设置寄存器 POS_SET(2): 值=0, 起始地址=1478
2026-09-24 17:57:56,935 - RH56DFTP - INFO - 开始设置寄存器: POS_SET(3), 值: 0
2026-09-24 17:57:56,946 - RH56DFTP - INFO - 成功设置寄存器 POS_SET(3): 值=0, 起始地址=1480
2026-09-24 17:57:56,948 - RH56DFTP - INFO - 开始设置寄存器: POS_SET(4), 值: 0
2026-09-24 17:57:56,955 - RH56DFTP - INFO - 成功设置寄存器 POS_SET(4): 值=0, 起始地址=1482
2026-09-24 17:57:56,956 - RH56DFTP - INFO - 开始设置寄存器: POS_SET(5), 值: 0
2026-09-24 17:57:56,957 - RH56DFTP - INFO - 成功设置寄存器 POS_SET(5): 值=0, 起始地址=1484
2026-09-24 17:57:57,053 - RH56DFTP - INFO - 开始设置寄存器: POS_SET(0), 值: 1
2026-09-24 17:57:57,056 - RH56DFTP - INFO - 成功设置寄存器 POS_SET(0): 值=1, 起始地址=1474
2026-09-24 17:57:57,056 - RH56DFTP - INFO - 开始设置寄存器: POS_SET(1), 值: 0
2026-09-24 17:57:57,057 - RH56DFTP - INFO - 成功设置寄存器 POS_SET(1): 值=0, 起始地址=1476
2026-09-24 17:57:57,058 - RH56DFTP - INFO - 开始设置寄存器: POS_SET(2), 值: 0
2026-09-24 17:57:57,069 - RH56DFTP - INFO - 成功设置寄存器 POS_SET(2): 值=0, 起始地址=1478
2026-09-24 17:57:57,069 - RH56DFTP - INFO - 开始设置寄存器: POS_SET(3), 值: 0
2026-09-24 17:57:57,071 - RH56DFTP - INFO - 成功设置寄存器 POS_SET(3): 值=0, 起始地址=1480
2026-09-24 17:57:57,071 - RH56DFTP - INFO - 开始设置寄存器: POS_SET(4), 值: 0
2026-09-24 17:57:57,073 - RH56DFTP - INFO - 成功设置寄存器 POS_SET(4): 值=0, 起始地址=1482
2026-09-24 17:57:57,073 - RH56DFTP - INFO - 开始设置寄存器: POS_SET(5), 值: 0
2026-09-24 17:57:57,079 - RH56DFTP - INFO - 成功设置寄存器 POS_SET(5): 值=0, 起始地址=1484
2026-09-24 17:57:57,180 - RH56DFTP - INFO - 开始设置寄存器: POS_SET(0), 值: 1
2026-09-24 17:57:57,182 - RH56DFTP - INFO - 成功设置寄存器 POS_SET(0): 值=1, 起始地址=1474
2026-09-24 17:57:57,182 - RH56DFTP - INFO - 开始设置寄存器: POS_SET(1), 值: 0
2026-09-24 17:57:57,194 - RH56DFTP - INFO - 成功设置寄存器 POS_SET(1): 值=0, 起始地址=1476
2026-09-24 17:57:57,194 - RH56DFTP - INFO - 开始设置寄存器: POS_SET(2), 值: 0
2026-09-24 17:57:57,196 - RH56DFTP - INFO - 成功设置寄存器 POS_SET(2): 值=0, 起始地址=1478
2026-09-24 17:57:57,196 - RH56DFTP - INFO - 开始设置寄存器: POS_SET(3), 值: 0
2026-09-24 17:57:57,204 - RH56DFTP - INFO - 成功设置寄存器 POS_SET(3): 值=0, 起始地址=1480
2026-09-24 17:57:57,204 - RH56DFTP - INFO - 开始设置寄存器: POS_SET(4), 值: 0
2026-09-24 17:57:57,206 - RH56DFTP - INFO - 成功设置寄存器 POS_SET(4): 值=0, 起始地址=1482
2026-09-24 17:57:57,208 - RH56DFTP - INFO - 开始设置寄存器: POS_SET(5), 值: 0
2026-09-24 17:57:57,211 - RH56DFTP - INFO - 成功设置寄存器 POS_SET(5): 值=0, 起始地址=1484
2026-09-24 17:57:57,301 - RH56DFTP - INFO - 开始设置寄存器: POS_SET(0), 值: 1
2026-09-24 17:57:57,303 - RH56DFTP - INFO - 成功设置寄存器 POS_SET(0): 值=1, 起始地址=1474
2026-09-24 17:57:57,303 - RH56DFTP - INFO - 开始设置寄存器: POS_SET(1), 值: 0
2026-09-24 17:57:57,305 - RH56DFTP - INFO - 成功设置寄存器 POS_SET(1): 值=0, 起始地址=1476
2026-09-24 17:57:57,305 - RH56DFTP - INFO - 开始设置寄存器: POS_SET(2), 值: 0
2026-09-24 17:57:57,308 - RH56DFTP - INFO - 成功设置寄存器 POS_SET(2): 值=0, 起始地址=1478
2026-09-24 17:57:57,308 - RH56DFTP - INFO - 开始设置寄存器: POS_SET(3), 值: 0
2026-09-24 17:57:57,318 - RH56DFTP - INFO - 成功设置寄存器 POS_SET(3): 值=0, 起始地址=1480
2026-09-24 17:57:57,319 - RH56DFTP - INFO - 开始设置寄存器: POS_SET(4), 值: 0
2026-09-24 17:57:57,334 - RH56DFTP - INFO - 成功设置寄存器 POS_SET(4): 值=0, 起始地址=1482
2026-09-24 17:57:57,335 - RH56DFTP - INFO - 开始设置寄存器: POS_SET(5), 值: 0
2026-09-24 17:57:57,337 - RH56DFTP - INFO - 成功设置寄存器 POS_SET(5): 值=0, 起始地址=1484
2026-09-24 17:57:57,541 - RH56DFTP - INFO - 开始设置寄存器: POS_SET(0), 值: 1
2026-09-24 17:57:57,545 - RH56DFTP - INFO - 成功设置寄存器 POS_SET(0): 值=1, 起始地址=1474
2026-09-24 17:57:57,545 - RH56DFTP - INFO - 开始设置寄存器: POS_SET(1), 值: 0
2026-09-24 17:57:57,548 - RH56DFTP - INFO - 成功设置寄存器 POS_SET(1): 值=0, 起始地址=1476
2026-09-24 17:57:57,550 - RH56DFTP - INFO - 开始设置寄存器: POS_SET(2), 值: 0
2026-09-24 17:57:57,564 - RH56DFTP - INFO - 成功设置寄存器 POS_SET(2): 值=0, 起始地址=1478
2026-09-24 17:57:57,564 - RH56DFTP - INFO - 开始设置寄存器: POS_SET(3), 值: 0
2026-09-24 17:57:57,568 - RH56DFTP - INFO - 成功设置寄存器 POS_SET(3): 值=0, 起始地址=1480
2026-09-24 17:57:57,568 - RH56DFTP - INFO - 开始设置寄存器: POS_SET(4), 值: 0
2026-09-24 17:57:57,570 - RH56DFTP - INFO - 成功设置寄存器 POS_SET(4): 值=0, 起始地址=1482
2026-09-24 17:57:57,570 - RH56DFTP - INFO - 开始设置寄存器: POS_SET(5), 值: 0
2026-09-24 17:57:57,576 - RH56DFTP - INFO - 成功设置寄存器 POS_SET(5): 值=0, 起始地址=1484
2026-09-24 17:57:57,667 - RH56DFTP - INFO - 开始设置寄存器: POS_SET(0), 值: 1
2026-09-24 17:57:57,670 - RH56DFTP - INFO - 成功设置寄存器 POS_SET(0): 值=1, 起始地址=1474
2026-09-24 17:57:57,670 - RH56DFTP - INFO - 开始设置寄存器: POS_SET(1), 值: 0
2026-09-24 17:57:57,673 - RH56DFTP - INFO - 成功设置寄存器 POS_SET(1): 值=0, 起始地址=1476
2026-09-24 17:57:57,673 - RH56DFTP - INFO - 开始设置寄存器: POS_SET(2), 值: 0
2026-09-24 17:57:57,675 - RH56DFTP - INFO - 成功设置寄存器 POS_SET(2): 值=0, 起始地址=1478
2026-09-24 17:57:57,676 - RH56DFTP - INFO - 开始设置寄存器: POS_SET(3), 值: 0
2026-09-24 17:57:57,678 - RH56DFTP - INFO - 成功设置寄存器 POS_SET(3): 值=0, 起始地址=1480
2026-09-24 17:57:57,678 - RH56DFTP - INFO - 开始设置寄存器: POS_SET(4), 值: 0
2026-09-24 17:57:57,690 - RH56DFTP - INFO - 成功设置寄存器 POS_SET(4): 值=0, 起始地址=1482
2026-09-24 17:57:57,690 - RH56DFTP - INFO - 开始设置寄存器: POS_SET(5), 值: 0
2026-09-24 17:57:57,691 - RH56DFTP - INFO - 成功设置寄存器 POS_SET(5): 值=0, 起始地址=1484
2026-09-24 17:57:57,784 - RH56DFTP - INFO - 开始设置寄存器: POS_SET(0), 值: 1
2026-09-24 17:57:57,787 - RH56DFTP - INFO - 成功设置寄存器 POS_SET(0): 值=1, 起始地址=1474
2026-09-24 17:57:57,788 - RH56DFTP - INFO - 开始设置寄存器: POS_SET(1), 值: 0
2026-09-24 17:57:57,793 - RH56DFTP - INFO - 成功设置寄存器 POS_SET(1): 值=0, 起始地址=1476
2026-09-24 17:57:57,793 - RH56DFTP - INFO - 开始设置寄存器: POS_SET(2), 值: 0
2026-09-24 17:57:57,795 - RH56DFTP - INFO - 成功设置寄存器 POS_SET(2): 值=0, 起始地址=1478
2026-09-24 17:57:57,795 - RH56DFTP - INFO - 开始设置寄存器: POS_SET(3), 值: 0
2026-09-24 17:57:57,797 - RH56DFTP - INFO - 成功设置寄存器 POS_SET(3): 值=0, 起始地址=1480
2026-09-24 17:57:57,797 - RH56DFTP - INFO - 开始设置寄存器: POS_SET(4), 值: 0
2026-09-24 17:57:57,799 - RH56DFTP - INFO - 成功设置寄存器 POS_SET(4): 值=0, 起始地址=1482
2026-09-24 17:57:57,799 - RH56DFTP - INFO - 开始设置寄存器: POS_SET(5), 值: 0
2026-09-24 17:57:57,801 - RH56DFTP - INFO - 成功设置寄存器 POS_SET(5): 值=0, 起始地址=1484
2026-09-24 17:57:57,893 - RH56DFTP - INFO - 开始设置寄存器: POS_SET(0), 值: 1
2026-09-24 17:57:57,895 - RH56DFTP - INFO - 成功设置寄存器 POS_SET(0): 值=1, 起始地址=1474
2026-09-24 17:57:57,895 - RH56DFTP - INFO - 开始设置寄存器: POS_SET(1), 值: 0
2026-09-24 17:57:57,907 - RH56DFTP - INFO - 成功设置寄存器 POS_SET(1): 值=0, 起始地址=1476
2026-09-24 17:57:57,909 - RH56DFTP - INFO - 开始设置寄存器: POS_SET(2), 值: 0
2026-09-24 17:57:57,917 - RH56DFTP - INFO - 成功设置寄存器 POS_SET(2): 值=0, 起始地址=1478
2026-09-24 17:57:57,922 - RH56DFTP - INFO - 开始设置寄存器: POS_SET(3), 值: 0
2026-09-24 17:57:57,925 - RH56DFTP - INFO - 成功设置寄存器 POS_SET(3): 值=0, 起始地址=1480
2026-09-24 17:57:57,925 - RH56DFTP - INFO - 开始设置寄存器: POS_SET(4), 值: 0
2026-09-24 17:57:57,937 - RH56DFTP - INFO - 成功设置寄存器 POS_SET(4): 值=0, 起始地址=1482
2026-09-24 17:57:57,937 - RH56DFTP - INFO - 开始设置寄存器: POS_SET(5), 值: 0
2026-09-24 17:57:57,939 - RH56DFTP - INFO - 成功设置寄存器 POS_SET(5): 值=0, 起始地址=1484
2026-09-24 17:57:58,030 - RH56DFTP - INFO - 开始设置寄存器: POS_SET(0), 值: 1
2026-09-24 17:57:58,032 - RH56DFTP - INFO - 成功设置寄存器 POS_SET(0): 值=1, 起始地址=1474
2026-09-24 17:57:58,032 - RH56DFTP - INFO - 开始设置寄存器: POS_SET(1), 值: 0
2026-09-24 17:57:58,033 - RH56DFTP - INFO - 成功设置寄存器 POS_SET(1): 值=0, 起始地址=1476
2026-09-24 17:57:58,033 - RH56DFTP - INFO - 开始设置寄存器: POS_SET(2), 值: 0
2026-09-24 17:57:58,041 - RH56DFTP - INFO - 成功设置寄存器 POS_SET(2): 值=0, 起始地址=1478
2026-09-24 17:57:58,041 - RH56DFTP - INFO - 开始设置寄存器: POS_SET(3), 值: 0
2026-09-24 17:57:58,044 - RH56DFTP - INFO - 成功设置寄存器 POS_SET(3): 值=0, 起始地址=1480
2026-09-24 17:57:58,044 - RH56DFTP - INFO - 开始设置寄存器: POS_SET(4), 值: 0
2026-09-24 17:57:58,046 - RH56DFTP - INFO - 成功设置寄存器 POS_SET(4): 值=0, 起始地址=1482
2026-09-24 17:57:58,047 - RH56DFTP - INFO - 开始设置寄存器: POS_SET(5), 值: 0
2026-09-24 17:57:58,049 - RH56DFTP - INFO - 成功设置寄存器 POS_SET(5): 值=0, 起始地址=1484
2026-09-24 17:57:58,144 - RH56DFTP - INFO - 开始设置寄存器: POS_SET(0), 值: 1
2026-09-24 17:57:58,154 - RH56DFTP - INFO - 成功设置寄存器 POS_SET(0): 值=1, 起始地址=1474
2026-09-24 17:57:58,154 - RH56DFTP - INFO - 开始设置寄存器: POS_SET(1), 值: 0
2026-09-24 17:57:58,156 - RH56DFTP - INFO - 成功设置寄存器 POS_SET(1): 值=0, 起始地址=1476
2026-09-24 17:57:58,156 - RH56DFTP - INFO - 开始设置寄存器: POS_SET(2), 值: 0
2026-09-24 17:57:58,158 - RH56DFTP - INFO - 成功设置寄存器 POS_SET(2): 值=0, 起始地址=1478
2026-09-24 17:57:58,158 - RH56DFTP - INFO - 开始设置寄存器: POS_SET(3), 值: 0
2026-09-24 17:57:58,164 - RH56DFTP - INFO - 成功设置寄存器 POS_SET(3): 值=0, 起始地址=1480
2026-09-24 17:57:58,165 - RH56DFTP - INFO - 开始设置寄存器: POS_SET(4), 值: 0
2026-09-24 17:57:58,166 - RH56DFTP - INFO - 成功设置寄存器 POS_SET(4): 值=0, 起始地址=1482
2026-09-24 17:57:58,167 - RH56DFTP - INFO - 开始设置寄存器: POS_SET(5), 值: 0
2026-09-24 17:57:58,169 - RH56DFTP - INFO - 成功设置寄存器 POS_SET(5): 值=0, 起始地址=1484
2026-09-24 17:57:58,260 - RH56DFTP - INFO - 开始设置寄存器: POS_SET(0), 值: 1
2026-09-24 17:57:58,262 - RH56DFTP - INFO - 成功设置寄存器 POS_SET(0): 值=1, 起始地址=1474
2026-09-24 17:57:58,262 - RH56DFTP - INFO - 开始设置寄存器: POS_SET(1), 值: 0
2026-09-24 17:57:58,264 - RH56DFTP - INFO - 成功设置寄存器 POS_SET(1): 值=0, 起始地址=1476
2026-09-24 17:57:58,264 - RH56DFTP - INFO - 开始设置寄存器: POS_SET(2), 值: 0
2026-09-24 17:57:58,267 - RH56DFTP - INFO - 成功设置寄存器 POS_SET(2): 值=0, 起始地址=1478
2026-09-24 17:57:58,268 - RH56DFTP - INFO - 开始设置寄存器: POS_SET(3), 值: 0
2026-09-24 17:57:58,278 - RH56DFTP - INFO - 成功设置寄存器 POS_SET(3): 值=0, 起始地址=1480
2026-09-24 17:57:58,278 - RH56DFTP - INFO - 开始设置寄存器: POS_SET(4), 值: 0
2026-09-24 17:57:58,279 - RH56DFTP - INFO - 成功设置寄存器 POS_SET(4): 值=0, 起始地址=1482
2026-09-24 17:57:58,280 - RH56DFTP - INFO - 开始设置寄存器: POS_SET(5), 值: 0
2026-09-24 17:57:58,281 - RH56DFTP - INFO - 成功设置寄存器 POS_SET(5): 值=0, 起始地址=1484
2026-09-24 17:57:58,376 - RH56DFTP - INFO - 开始设置寄存器: POS_SET(0), 值: 1
2026-09-24 17:57:58,382 - RH56DFTP - INFO - 成功设置寄存器 POS_SET(0): 值=1, 起始地址=1474
2026-09-24 17:57:58,382 - RH56DFTP - INFO - 开始设置寄存器: POS_SET(1), 值: 0
2026-09-24 17:57:58,384 - RH56DFTP - INFO - 成功设置寄存器 POS_SET(1): 值=0, 起始地址=1476
2026-09-24 17:57:58,384 - RH56DFTP - INFO - 开始设置寄存器: POS_SET(2), 值: 0
2026-09-24 17:57:58,386 - RH56DFTP - INFO - 成功设置寄存器 POS_SET(2): 值=0, 起始地址=1478
2026-09-24 17:57:58,387 - RH56DFTP - INFO - 开始设置寄存器: POS_SET(3), 值: 0
2026-09-24 17:57:58,389 - RH56DFTP - INFO - 成功设置寄存器 POS_SET(3): 值=0, 起始地址=1480
2026-09-24 17:57:58,389 - RH56DFTP - INFO - 开始设置寄存器: POS_SET(4), 值: 0
2026-09-24 17:57:58,390 - RH56DFTP - INFO - 成功设置寄存器 POS_SET(4): 值=0, 起始地址=1482
2026-09-24 17:57:58,391 - RH56DFTP - INFO - 开始设置寄存器: POS_SET(5), 值: 0
2026-09-24 17:57:58,401 - RH56DFTP - INFO - 成功设置寄存器 POS_SET(5): 值=0, 起始地址=1484
2026-09-24 17:57:58,504 - RH56DFTP - INFO - 开始设置寄存器: POS_SET(0), 值: 1
2026-09-24 17:57:58,508 - RH56DFTP - INFO - 成功设置寄存器 POS_SET(0): 值=1, 起始地址=1474
2026-09-24 17:57:58,508 - RH56DFTP - INFO - 开始设置寄存器: POS_SET(1), 值: 0
2026-09-24 17:57:58,510 - RH56DFTP - INFO - 成功设置寄存器 POS_SET(1): 值=0, 起始地址=1476
2026-09-24 17:57:58,510 - RH56DFTP - INFO - 开始设置寄存器: POS_SET(2), 值: 0
2026-09-24 17:57:58,512 - RH56DFTP - INFO - 成功设置寄存器 POS_SET(2): 值=0, 起始地址=1478
2026-09-24 17:57:58,512 - RH56DFTP - INFO - 开始设置寄存器: POS_SET(3), 值: 0
2026-09-24 17:57:58,514 - RH56DFTP - INFO - 成功设置寄存器 POS_SET(3): 值=0, 起始地址=1480
2026-09-24 17:57:58,514 - RH56DFTP - INFO - 开始设置寄存器: POS_SET(4), 值: 0
2026-09-24 17:57:58,526 - RH56DFTP - INFO - 成功设置寄存器 POS_SET(4): 值=0, 起始地址=1482
2026-09-24 17:57:58,528 - RH56DFTP - INFO - 开始设置寄存器: POS_SET(5), 值: 0
2026-09-24 17:57:58,530 - RH56DFTP - INFO - 成功设置寄存器 POS_SET(5): 值=0, 起始地址=1484
2026-09-24 17:57:58,633 - RH56DFTP - INFO - 开始设置寄存器: POS_SET(0), 值: 1
2026-09-24 17:57:58,636 - RH56DFTP - INFO - 成功设置寄存器 POS_SET(0): 值=1, 起始地址=1474
2026-09-24 17:57:58,636 - RH56DFTP - INFO - 开始设置寄存器: POS_SET(1), 值: 0
2026-09-24 17:57:58,638 - RH56DFTP - INFO - 成功设置寄存器 POS_SET(1): 值=0, 起始地址=1476
2026-09-24 17:57:58,638 - RH56DFTP - INFO - 开始设置寄存器: POS_SET(2), 值: 0
2026-09-24 17:57:58,640 - RH56DFTP - INFO - 成功设置寄存器 POS_SET(2): 值=0, 起始地址=1478
2026-09-24 17:57:58,640 - RH56DFTP - INFO - 开始设置寄存器: POS_SET(3), 值: 0
2026-09-24 17:57:58,650 - RH56DFTP - INFO - 成功设置寄存器 POS_SET(3): 值=0, 起始地址=1480
2026-09-24 17:57:58,650 - RH56DFTP - INFO - 开始设置寄存器: POS_SET(4), 值: 0
2026-09-24 17:57:58,652 - RH56DFTP - INFO - 成功设置寄存器 POS_SET(4): 值=0, 起始地址=1482
2026-09-24 17:57:58,652 - RH56DFTP - INFO - 开始设置寄存器: POS_SET(5), 值: 0
2026-09-24 17:57:58,654 - RH56DFTP - INFO - 成功设置寄存器 POS_SET(5): 值=0, 起始地址=1484
2026-09-24 17:57:58,755 - RH56DFTP - INFO - 开始设置寄存器: POS_SET(0), 值: 1
2026-09-24 17:57:58,757 - RH56DFTP - INFO - 成功设置寄存器 POS_SET(0): 值=1, 起始地址=1474
2026-09-24 17:57:58,757 - RH56DFTP - INFO - 开始设置寄存器: POS_SET(1), 值: 0
2026-09-24 17:57:58,759 - RH56DFTP - INFO - 成功设置寄存器 POS_SET(1): 值=0, 起始地址=1476
2026-09-24 17:57:58,759 - RH56DFTP - INFO - 开始设置寄存器: POS_SET(2), 值: 0
2026-09-24 17:57:58,761 - RH56DFTP - INFO - 成功设置寄存器 POS_SET(2): 值=0, 起始地址=1478
2026-09-24 17:57:58,761 - RH56DFTP - INFO - 开始设置寄存器: POS_SET(3), 值: 0
2026-09-24 17:57:58,763 - RH56DFTP - INFO - 成功设置寄存器 POS_SET(3): 值=0, 起始地址=1480
2026-09-24 17:57:58,763 - RH56DFTP - INFO - 开始设置寄存器: POS_SET(4), 值: 0
2026-09-24 17:57:58,775 - RH56DFTP - INFO - 成功设置寄存器 POS_SET(4): 值=0, 起始地址=1482
2026-09-24 17:57:58,775 - RH56DFTP - INFO - 开始设置寄存器: POS_SET(5), 值: 0
2026-09-24 17:57:58,777 - RH56DFTP - INFO - 成功设置寄存器 POS_SET(5): 值=0, 起始地址=1484
2026-09-24 17:57:58,874 - RH56DFTP - INFO - 开始设置寄存器: POS_SET(0), 值: 1
2026-09-24 17:57:58,879 - RH56DFTP - INFO - 成功设置寄存器 POS_SET(0): 值=1, 起始地址=1474
2026-09-24 17:57:58,879 - RH56DFTP - INFO - 开始设置寄存器: POS_SET(1), 值: 0
2026-09-24 17:57:58,881 - RH56DFTP - INFO - 成功设置寄存器 POS_SET(1): 值=0, 起始地址=1476
2026-09-24 17:57:58,881 - RH56DFTP - INFO - 开始设置寄存器: POS_SET(2), 值: 0
2026-09-24 17:57:58,883 - RH56DFTP - INFO - 成功设置寄存器 POS_SET(2): 值=0, 起始地址=1478
2026-09-24 17:57:58,883 - RH56DFTP - INFO - 开始设置寄存器: POS_SET(3), 值: 0
2026-09-24 17:57:58,885 - RH56DFTP - INFO - 成功设置寄存器 POS_SET(3): 值=0, 起始地址=1480
2026-09-24 17:57:58,885 - RH56DFTP - INFO - 开始设置寄存器: POS_SET(4), 值: 0
2026-09-24 17:57:58,887 - RH56DFTP - INFO - 成功设置寄存器 POS_SET(4): 值=0, 起始地址=1482
2026-09-24 17:57:58,888 - RH56DFTP - INFO - 开始设置寄存器: POS_SET(5), 值: 0
2026-09-24 17:57:58,898 - RH56DFTP - INFO - 成功设置寄存器 POS_SET(5): 值=0, 起始地址=1484
2026-09-24 17:57:58,996 - RH56DFTP - INFO - 开始设置寄存器: POS_SET(0), 值: 1
2026-09-24 17:57:59,002 - RH56DFTP - INFO - 成功设置寄存器 POS_SET(0): 值=1, 起始地址=1474
2026-09-24 17:57:59,003 - RH56DFTP - INFO - 开始设置寄存器: POS_SET(1), 值: 0
2026-09-24 17:57:59,004 - RH56DFTP - INFO - 成功设置寄存器 POS_SET(1): 值=0, 起始地址=1476
2026-09-24 17:57:59,004 - RH56DFTP - INFO - 开始设置寄存器: POS_SET(2), 值: 0
2026-09-24 17:57:59,006 - RH56DFTP - INFO - 成功设置寄存器 POS_SET(2): 值=0, 起始地址=1478
2026-09-24 17:57:59,007 - RH56DFTP - INFO - 开始设置寄存器: POS_SET(3), 值: 0
2026-09-24 17:57:59,009 - RH56DFTP - INFO - 成功设置寄存器 POS_SET(3): 值=0, 起始地址=1480
2026-09-24 17:57:59,009 - RH56DFTP - INFO - 开始设置寄存器: POS_SET(4), 值: 0
2026-09-24 17:57:59,011 - RH56DFTP - INFO - 成功设置寄存器 POS_SET(4): 值=0, 起始地址=1482
2026-09-24 17:57:59,011 - RH56DFTP - INFO - 开始设置寄存器: POS_SET(5), 值: 0
2026-09-24 17:57:59,022 - RH56DFTP - INFO - 成功设置寄存器 POS_SET(5): 值=0, 起始地址=1484
2026-09-24 17:57:59,117 - RH56DFTP - INFO - 开始设置寄存器: POS_SET(0), 值: 1
2026-09-24 17:57:59,119 - RH56DFTP - INFO - 成功设置寄存器 POS_SET(0): 值=1, 起始地址=1474
2026-09-24 17:57:59,119 - RH56DFTP - INFO - 开始设置寄存器: POS_SET(1), 值: 0
2026-09-24 17:57:59,126 - RH56DFTP - INFO - 成功设置寄存器 POS_SET(1): 值=0, 起始地址=1476
2026-09-24 17:57:59,127 - RH56DFTP - INFO - 开始设置寄存器: POS_SET(2), 值: 0
2026-09-24 17:57:59,129 - RH56DFTP - INFO - 成功设置寄存器 POS_SET(2): 值=0, 起始地址=1478
2026-09-24 17:57:59,129 - RH56DFTP - INFO - 开始设置寄存器: POS_SET(3), 值: 0
2026-09-24 17:57:59,132 - RH56DFTP - INFO - 成功设置寄存器 POS_SET(3): 值=0, 起始地址=1480
2026-09-24 17:57:59,132 - RH56DFTP - INFO - 开始设置寄存器: POS_SET(4), 值: 0
2026-09-24 17:57:59,134 - RH56DFTP - INFO - 成功设置寄存器 POS_SET(4): 值=0, 起始地址=1482
2026-09-24 17:57:59,134 - RH56DFTP - INFO - 开始设置寄存器: POS_SET(5), 值: 0
2026-09-24 17:57:59,135 - RH56DFTP - INFO - 成功设置寄存器 POS_SET(5): 值=0, 起始地址=1484
2026-09-24 17:57:59,220 - RH56DFTP - INFO - 开始设置寄存器: POS_SET(0), 值: 1
2026-09-24 17:57:59,223 - RH56DFTP - INFO - 成功设置寄存器 POS_SET(0): 值=1, 起始地址=1474
2026-09-24 17:57:59,223 - RH56DFTP - INFO - 开始设置寄存器: POS_SET(1), 值: 0
2026-09-24 17:57:59,225 - RH56DFTP - INFO - 成功设置寄存器 POS_SET(1): 值=0, 起始地址=1476
2026-09-24 17:57:59,225 - RH56DFTP - INFO - 开始设置寄存器: POS_SET(2), 值: 0
2026-09-24 17:57:59,228 - RH56DFTP - INFO - 成功设置寄存器 POS_SET(2): 值=0, 起始地址=1478
2026-09-24 17:57:59,228 - RH56DFTP - INFO - 开始设置寄存器: POS_SET(3), 值: 0
2026-09-24 17:57:59,239 - RH56DFTP - INFO - 成功设置寄存器 POS_SET(3): 值=0, 起始地址=1480
2026-09-24 17:57:59,239 - RH56DFTP - INFO - 开始设置寄存器: POS_SET(4), 值: 0
2026-09-24 17:57:59,241 - RH56DFTP - INFO - 成功设置寄存器 POS_SET(4): 值=0, 起始地址=1482
2026-09-24 17:57:59,241 - RH56DFTP - INFO - 开始设置寄存器: POS_SET(5), 值: 0
2026-09-24 17:57:59,243 - RH56DFTP - INFO - 成功设置寄存器 POS_SET(5): 值=0, 起始地址=1484
2026-09-24 17:57:59,337 - RH56DFTP - INFO - 开始设置寄存器: POS_SET(0), 值: 1
2026-09-24 17:57:59,343 - RH56DFTP - INFO - 成功设置寄存器 POS_SET(0): 值=1, 起始地址=1474
2026-09-24 17:57:59,344 - RH56DFTP - INFO - 开始设置寄存器: POS_SET(1), 值: 0
2026-09-24 17:57:59,345 - RH56DFTP - INFO - 成功设置寄存器 POS_SET(1): 值=0, 起始地址=1476
2026-09-24 17:57:59,345 - RH56DFTP - INFO - 开始设置寄存器: POS_SET(2), 值: 0
2026-09-24 17:57:59,348 - RH56DFTP - INFO - 成功设置寄存器 POS_SET(2): 值=0, 起始地址=1478
2026-09-24 17:57:59,348 - RH56DFTP - INFO - 开始设置寄存器: POS_SET(3), 值: 0
2026-09-24 17:57:59,350 - RH56DFTP - INFO - 成功设置寄存器 POS_SET(3): 值=0, 起始地址=1480
2026-09-24 17:57:59,350 - RH56DFTP - INFO - 开始设置寄存器: POS_SET(4), 值: 0
2026-09-24 17:57:59,352 - RH56DFTP - INFO - 成功设置寄存器 POS_SET(4): 值=0, 起始地址=1482
2026-09-24 17:57:59,352 - RH56DFTP - INFO - 开始设置寄存器: POS_SET(5), 值: 0
2026-09-24 17:57:59,363 - RH56DFTP - INFO - 成功设置寄存器 POS_SET(5): 值=0, 起始地址=1484
2026-09-24 17:57:59,464 - RH56DFTP - INFO - 开始设置寄存器: POS_SET(0), 值: 1
2026-09-24 17:57:59,468 - RH56DFTP - INFO - 成功设置寄存器 POS_SET(0): 值=1, 起始地址=1474
2026-09-24 17:57:59,469 - RH56DFTP - INFO - 开始设置寄存器: POS_SET(1), 值: 0
2026-09-24 17:57:59,471 - RH56DFTP - INFO - 成功设置寄存器 POS_SET(1): 值=0, 起始地址=1476
2026-09-24 17:57:59,471 - RH56DFTP - INFO - 开始设置寄存器: POS_SET(2), 值: 0
2026-09-24 17:57:59,473 - RH56DFTP - INFO - 成功设置寄存器 POS_SET(2): 值=0, 起始地址=1478
2026-09-24 17:57:59,473 - RH56DFTP - INFO - 开始设置寄存器: POS_SET(3), 值: 0
2026-09-24 17:57:59,475 - RH56DFTP - INFO - 成功设置寄存器 POS_SET(3): 值=0, 起始地址=1480
2026-09-24 17:57:59,475 - RH56DFTP - INFO - 开始设置寄存器: POS_SET(4), 值: 0
2026-09-24 17:57:59,477 - RH56DFTP - INFO - 成功设置寄存器 POS_SET(4): 值=0, 起始地址=1482
2026-09-24 17:57:59,477 - RH56DFTP - INFO - 开始设置寄存器: POS_SET(5), 值: 0
2026-09-24 17:57:59,488 - RH56DFTP - INFO - 成功设置寄存器 POS_SET(5): 值=0, 起始地址=1484
2026-09-24 17:57:59,580 - RH56DFTP - INFO - 开始设置寄存器: POS_SET(0), 值: 1
2026-09-24 17:57:59,583 - RH56DFTP - INFO - 成功设置寄存器 POS_SET(0): 值=1, 起始地址=1474
2026-09-24 17:57:59,584 - RH56DFTP - INFO - 开始设置寄存器: POS_SET(1), 值: 0
2026-09-24 17:57:59,590 - RH56DFTP - INFO - 成功设置寄存器 POS_SET(1): 值=0, 起始地址=1476
2026-09-24 17:57:59,591 - RH56DFTP - INFO - 开始设置寄存器: POS_SET(2), 值: 0
2026-09-24 17:57:59,592 - RH56DFTP - INFO - 成功设置寄存器 POS_SET(2): 值=0, 起始地址=1478
2026-09-24 17:57:59,592 - RH56DFTP - INFO - 开始设置寄存器: POS_SET(3), 值: 0
2026-09-24 17:57:59,594 - RH56DFTP - INFO - 成功设置寄存器 POS_SET(3): 值=0, 起始地址=1480
2026-09-24 17:57:59,594 - RH56DFTP - INFO - 开始设置寄存器: POS_SET(4), 值: 0
2026-09-24 17:57:59,596 - RH56DFTP - INFO - 成功设置寄存器 POS_SET(4): 值=0, 起始地址=1482
2026-09-24 17:57:59,597 - RH56DFTP - INFO - 开始设置寄存器: POS_SET(5), 值: 0
2026-09-24 17:57:59,599 - RH56DFTP - INFO - 成功设置寄存器 POS_SET(5): 值=0, 起始地址=1484
2026-09-24 17:57:59,685 - RH56DFTP - INFO - 开始设置寄存器: POS_SET(0), 值: 1
2026-09-24 17:57:59,688 - RH56DFTP - INFO - 成功设置寄存器 POS_SET(0): 值=1, 起始地址=1474
2026-09-24 17:57:59,688 - RH56DFTP - INFO - 开始设置寄存器: POS_SET(1), 值: 0
2026-09-24 17:57:59,690 - RH56DFTP - INFO - 成功设置寄存器 POS_SET(1): 值=0, 起始地址=1476
2026-09-24 17:57:59,690 - RH56DFTP - INFO - 开始设置寄存器: POS_SET(2), 值: 0
2026-09-24 17:57:59,692 - RH56DFTP - INFO - 成功设置寄存器 POS_SET(2): 值=0, 起始地址=1478
2026-09-24 17:57:59,692 - RH56DFTP - INFO - 开始设置寄存器: POS_SET(3), 值: 0
2026-09-24 17:57:59,703 - RH56DFTP - INFO - 成功设置寄存器 POS_SET(3): 值=0, 起始地址=1480
2026-09-24 17:57:59,704 - RH56DFTP - INFO - 开始设置寄存器: POS_SET(4), 值: 0
2026-09-24 17:57:59,707 - RH56DFTP - INFO - 成功设置寄存器 POS_SET(4): 值=0, 起始地址=1482
2026-09-24 17:57:59,707 - RH56DFTP - INFO - 开始设置寄存器: POS_SET(5), 值: 0
2026-09-24 17:57:59,715 - RH56DFTP - INFO - 成功设置寄存器 POS_SET(5): 值=0, 起始地址=1484
2026-09-24 17:57:59,803 - RH56DFTP - INFO - 开始设置寄存器: POS_SET(0), 值: 1
2026-09-24 17:57:59,808 - RH56DFTP - INFO - 成功设置寄存器 POS_SET(0): 值=1, 起始地址=1474
2026-09-24 17:57:59,808 - RH56DFTP - INFO - 开始设置寄存器: POS_SET(1), 值: 0
2026-09-24 17:57:59,810 - RH56DFTP - INFO - 成功设置寄存器 POS_SET(1): 值=0, 起始地址=1476
2026-09-24 17:57:59,810 - RH56DFTP - INFO - 开始设置寄存器: POS_SET(2), 值: 0
2026-09-24 17:57:59,812 - RH56DFTP - INFO - 成功设置寄存器 POS_SET(2): 值=0, 起始地址=1478
2026-09-24 17:57:59,812 - RH56DFTP - INFO - 开始设置寄存器: POS_SET(3), 值: 0
2026-09-24 17:57:59,814 - RH56DFTP - INFO - 成功设置寄存器 POS_SET(3): 值=0, 起始地址=1480
2026-09-24 17:57:59,814 - RH56DFTP - INFO - 开始设置寄存器: POS_SET(4), 值: 0
2026-09-24 17:57:59,816 - RH56DFTP - INFO - 成功设置寄存器 POS_SET(4): 值=0, 起始地址=1482
2026-09-24 17:57:59,816 - RH56DFTP - INFO - 开始设置寄存器: POS_SET(5), 值: 0
2026-09-24 17:57:59,817 - RH56DFTP - INFO - 成功设置寄存器 POS_SET(5): 值=0, 起始地址=1484
2026-09-24 17:57:59,915 - RH56DFTP - INFO - 开始设置寄存器: POS_SET(0), 值: 1
2026-09-24 17:57:59,921 - RH56DFTP - INFO - 成功设置寄存器 POS_SET(0): 值=1, 起始地址=1474
2026-09-24 17:57:59,921 - RH56DFTP - INFO - 开始设置寄存器: POS_SET(1), 值: 0
2026-09-24 17:57:59,926 - RH56DFTP - INFO - 成功设置寄存器 POS_SET(1): 值=0, 起始地址=1476
2026-09-24 17:57:59,929 - RH56DFTP - INFO - 开始设置寄存器: POS_SET(2), 值: 0
2026-09-24 17:57:59,933 - RH56DFTP - INFO - 成功设置寄存器 POS_SET(2): 值=0, 起始地址=1478
2026-09-24 17:57:59,933 - RH56DFTP - INFO - 开始设置寄存器: POS_SET(3), 值: 0
2026-09-24 17:57:59,935 - RH56DFTP - INFO - 成功设置寄存器 POS_SET(3): 值=0, 起始地址=1480
2026-09-24 17:57:59,935 - RH56DFTP - INFO - 开始设置寄存器: POS_SET(4), 值: 0
2026-09-24 17:57:59,937 - RH56DFTP - INFO - 成功设置寄存器 POS_SET(4): 值=0, 起始地址=1482
2026-09-24 17:57:59,937 - RH56DFTP - INFO - 开始设置寄存器: POS_SET(5), 值: 0
2026-09-24 17:57:59,939 - RH56DFTP - INFO - 成功设置寄存器 POS_SET(5): 值=0, 起始地址=1484
2026-09-24 17:58:00,049 - RH56DFTP - INFO - 开始设置寄存器: POS_SET(0), 值: 1
2026-09-24 17:58:00,056 - RH56DFTP - INFO - 成功设置寄存器 POS_SET(0): 值=1, 起始地址=1474
2026-09-24 17:58:00,056 - RH56DFTP - INFO - 开始设置寄存器: POS_SET(1), 值: 0
2026-09-24 17:58:00,058 - RH56DFTP - INFO - 成功设置寄存器 POS_SET(1): 值=0, 起始地址=1476
2026-09-24 17:58:00,058 - RH56DFTP - INFO - 开始设置寄存器: POS_SET(2), 值: 0
2026-09-24 17:58:00,060 - RH56DFTP - INFO - 成功设置寄存器 POS_SET(2): 值=0, 起始地址=1478
2026-09-24 17:58:00,060 - RH56DFTP - INFO - 开始设置寄存器: POS_SET(3), 值: 0
2026-09-24 17:58:00,062 - RH56DFTP - INFO - 成功设置寄存器 POS_SET(3): 值=0, 起始地址=1480
2026-09-24 17:58:00,062 - RH56DFTP - INFO - 开始设置寄存器: POS_SET(4), 值: 0
2026-09-24 17:58:00,065 - RH56DFTP - INFO - 成功设置寄存器 POS_SET(4): 值=0, 起始地址=1482
2026-09-24 17:58:00,065 - RH56DFTP - INFO - 开始设置寄存器: POS_SET(5), 值: 0
2026-09-24 17:58:00,075 - RH56DFTP - INFO - 成功设置寄存器 POS_SET(5): 值=0, 起始地址=1484
2026-09-24 17:58:00,167 - RH56DFTP - INFO - 开始设置寄存器: POS_SET(0), 值: 1
2026-09-24 17:58:00,170 - RH56DFTP - INFO - 成功设置寄存器 POS_SET(0): 值=1, 起始地址=1474
2026-09-24 17:58:00,170 - RH56DFTP - INFO - 开始设置寄存器: POS_SET(1), 值: 0
2026-09-24 17:58:00,172 - RH56DFTP - INFO - 成功设置寄存器 POS_SET(1): 值=0, 起始地址=1476
2026-09-24 17:58:00,172 - RH56DFTP - INFO - 开始设置寄存器: POS_SET(2), 值: 0
2026-09-24 17:58:00,174 - RH56DFTP - INFO - 成功设置寄存器 POS_SET(2): 值=0, 起始地址=1478
2026-09-24 17:58:00,175 - RH56DFTP - INFO - 开始设置寄存器: POS_SET(3), 值: 0
2026-09-24 17:58:00,180 - RH56DFTP - INFO - 成功设置寄存器 POS_SET(3): 值=0, 起始地址=1480
2026-09-24 17:58:00,181 - RH56DFTP - INFO - 开始设置寄存器: POS_SET(4), 值: 0
2026-09-24 17:58:00,182 - RH56DFTP - INFO - 成功设置寄存器 POS_SET(4): 值=0, 起始地址=1482
2026-09-24 17:58:00,182 - RH56DFTP - INFO - 开始设置寄存器: POS_SET(5), 值: 0
2026-09-24 17:58:00,184 - RH56DFTP - INFO - 成功设置寄存器 POS_SET(5): 值=0, 起始地址=1484
2026-09-24 17:58:00,279 - RH56DFTP - INFO - 开始设置寄存器: POS_SET(0), 值: 1
2026-09-24 17:58:00,281 - RH56DFTP - INFO - 成功设置寄存器 POS_SET(0): 值=1, 起始地址=1474
2026-09-24 17:58:00,281 - RH56DFTP - INFO - 开始设置寄存器: POS_SET(1), 值: 0
2026-09-24 17:58:00,283 - RH56DFTP - INFO - 成功设置寄存器 POS_SET(1): 值=0, 起始地址=1476
2026-09-24 17:58:00,283 - RH56DFTP - INFO - 开始设置寄存器: POS_SET(2), 值: 0
2026-09-24 17:58:00,294 - RH56DFTP - INFO - 成功设置寄存器 POS_SET(2): 值=0, 起始地址=1478
2026-09-24 17:58:00,294 - RH56DFTP - INFO - 开始设置寄存器: POS_SET(3), 值: 0
2026-09-24 17:58:00,296 - RH56DFTP - INFO - 成功设置寄存器 POS_SET(3): 值=0, 起始地址=1480
2026-09-24 17:58:00,296 - RH56DFTP - INFO - 开始设置寄存器: POS_SET(4), 值: 0
2026-09-24 17:58:00,303 - RH56DFTP - INFO - 成功设置寄存器 POS_SET(4): 值=0, 起始地址=1482
2026-09-24 17:58:00,303 - RH56DFTP - INFO - 开始设置寄存器: POS_SET(5), 值: 0
2026-09-24 17:58:00,305 - RH56DFTP - INFO - 成功设置寄存器 POS_SET(5): 值=0, 起始地址=1484
2026-09-24 17:58:00,403 - RH56DFTP - INFO - 开始设置寄存器: POS_SET(0), 值: 1
2026-09-24 17:58:00,405 - RH56DFTP - INFO - 成功设置寄存器 POS_SET(0): 值=1, 起始地址=1474
2026-09-24 17:58:00,405 - RH56DFTP - INFO - 开始设置寄存器: POS_SET(1), 值: 0
2026-09-24 17:58:00,416 - RH56DFTP - INFO - 成功设置寄存器 POS_SET(1): 值=0, 起始地址=1476
2026-09-24 17:58:00,417 - RH56DFTP - INFO - 开始设置寄存器: POS_SET(2), 值: 0
2026-09-24 17:58:00,420 - RH56DFTP - INFO - 成功设置寄存器 POS_SET(2): 值=0, 起始地址=1478
2026-09-24 17:58:00,420 - RH56DFTP - INFO - 开始设置寄存器: POS_SET(3), 值: 0
2026-09-24 17:58:00,422 - RH56DFTP - INFO - 成功设置寄存器 POS_SET(3): 值=0, 起始地址=1480
2026-09-24 17:58:00,422 - RH56DFTP - INFO - 开始设置寄存器: POS_SET(4), 值: 0
2026-09-24 17:58:00,428 - RH56DFTP - INFO - 成功设置寄存器 POS_SET(4): 值=0, 起始地址=1482
2026-09-24 17:58:00,429 - RH56DFTP - INFO - 开始设置寄存器: POS_SET(5), 值: 0
2026-09-24 17:58:00,430 - RH56DFTP - INFO - 成功设置寄存器 POS_SET(5): 值=0, 起始地址=1484
2026-09-24 17:58:00,529 - RH56DFTP - INFO - 开始设置寄存器: POS_SET(0), 值: 1
2026-09-24 17:58:00,541 - RH56DFTP - INFO - 成功设置寄存器 POS_SET(0): 值=1, 起始地址=1474
2026-09-24 17:58:00,541 - RH56DFTP - INFO - 开始设置寄存器: POS_SET(1), 值: 0
2026-09-24 17:58:00,542 - RH56DFTP - INFO - 成功设置寄存器 POS_SET(1): 值=0, 起始地址=1476
2026-09-24 17:58:00,543 - RH56DFTP - INFO - 开始设置寄存器: POS_SET(2), 值: 0
2026-09-24 17:58:00,544 - RH56DFTP - INFO - 成功设置寄存器 POS_SET(2): 值=0, 起始地址=1478
2026-09-24 17:58:00,544 - RH56DFTP - INFO - 开始设置寄存器: POS_SET(3), 值: 0
2026-09-24 17:58:00,547 - RH56DFTP - INFO - 成功设置寄存器 POS_SET(3): 值=0, 起始地址=1480
2026-09-24 17:58:00,547 - RH56DFTP - INFO - 开始设置寄存器: POS_SET(4), 值: 0
2026-09-24 17:58:00,553 - RH56DFTP - INFO - 成功设置寄存器 POS_SET(4): 值=0, 起始地址=1482
2026-09-24 17:58:00,553 - RH56DFTP - INFO - 开始设置寄存器: POS_SET(5), 值: 0
2026-09-24 17:58:00,555 - RH56DFTP - INFO - 成功设置寄存器 POS_SET(5): 值=0, 起始地址=1484
2026-09-24 17:58:00,650 - RH56DFTP - INFO - 开始设置寄存器: POS_SET(0), 值: 1
2026-09-24 17:58:00,652 - RH56DFTP - INFO - 成功设置寄存器 POS_SET(0): 值=1, 起始地址=1474
2026-09-24 17:58:00,652 - RH56DFTP - INFO - 开始设置寄存器: POS_SET(1), 值: 0
2026-09-24 17:58:00,654 - RH56DFTP - INFO - 成功设置寄存器 POS_SET(1): 值=0, 起始地址=1476
2026-09-24 17:58:00,654 - RH56DFTP - INFO - 开始设置寄存器: POS_SET(2), 值: 0
2026-09-24 17:58:00,664 - RH56DFTP - INFO - 成功设置寄存器 POS_SET(2): 值=0, 起始地址=1478
2026-09-24 17:58:00,664 - RH56DFTP - INFO - 开始设置寄存器: POS_SET(3), 值: 0
2026-09-24 17:58:00,667 - RH56DFTP - INFO - 成功设置寄存器 POS_SET(3): 值=0, 起始地址=1480
2026-09-24 17:58:00,668 - RH56DFTP - INFO - 开始设置寄存器: POS_SET(4), 值: 0
2026-09-24 17:58:00,675 - RH56DFTP - INFO - 成功设置寄存器 POS_SET(4): 值=0, 起始地址=1482
2026-09-24 17:58:00,676 - RH56DFTP - INFO - 开始设置寄存器: POS_SET(5), 值: 0
2026-09-24 17:58:00,677 - RH56DFTP - INFO - 成功设置寄存器 POS_SET(5): 值=0, 起始地址=1484
2026-09-24 17:58:00,874 - RH56DFTP - INFO - 开始设置寄存器: POS_SET(0), 值: 1
2026-09-24 17:58:00,883 - RH56DFTP - INFO - 成功设置寄存器 POS_SET(0): 值=1, 起始地址=1474
2026-09-24 17:58:00,883 - RH56DFTP - INFO - 开始设置寄存器: POS_SET(1), 值: 0
2026-09-24 17:58:00,884 - RH56DFTP - INFO - 成功设置寄存器 POS_SET(1): 值=0, 起始地址=1476
2026-09-24 17:58:00,885 - RH56DFTP - INFO - 开始设置寄存器: POS_SET(2), 值: 0
2026-09-24 17:58:00,887 - RH56DFTP - INFO - 成功设置寄存器 POS_SET(2): 值=0, 起始地址=1478
2026-09-24 17:58:00,889 - RH56DFTP - INFO - 开始设置寄存器: POS_SET(3), 值: 0
2026-09-24 17:58:00,893 - RH56DFTP - INFO - 成功设置寄存器 POS_SET(3): 值=0, 起始地址=1480
2026-09-24 17:58:00,893 - RH56DFTP - INFO - 开始设置寄存器: POS_SET(4), 值: 0
2026-09-24 17:58:00,895 - RH56DFTP - INFO - 成功设置寄存器 POS_SET(4): 值=0, 起始地址=1482
2026-09-24 17:58:00,895 - RH56DFTP - INFO - 开始设置寄存器: POS_SET(5), 值: 0
2026-09-24 17:58:00,897 - RH56DFTP - INFO - 成功设置寄存器 POS_SET(5): 值=0, 起始地址=1484
2026-09-24 17:58:00,998 - RH56DFTP - INFO - 开始设置寄存器: POS_SET(0), 值: 1
2026-09-24 17:58:01,006 - RH56DFTP - INFO - 成功设置寄存器 POS_SET(0): 值=1, 起始地址=1474
2026-09-24 17:58:01,007 - RH56DFTP - INFO - 开始设置寄存器: POS_SET(1), 值: 0
2026-09-24 17:58:01,010 - RH56DFTP - INFO - 成功设置寄存器 POS_SET(1): 值=0, 起始地址=1476
2026-09-24 17:58:01,011 - RH56DFTP - INFO - 开始设置寄存器: POS_SET(2), 值: 0
2026-09-24 17:58:01,018 - RH56DFTP - INFO - 成功设置寄存器 POS_SET(2): 值=0, 起始地址=1478
2026-09-24 17:58:01,018 - RH56DFTP - INFO - 开始设置寄存器: POS_SET(3), 值: 0
2026-09-24 17:58:01,020 - RH56DFTP - INFO - 成功设置寄存器 POS_SET(3): 值=0, 起始地址=1480
2026-09-24 17:58:01,020 - RH56DFTP - INFO - 开始设置寄存器: POS_SET(4), 值: 0
2026-09-24 17:58:01,022 - RH56DFTP - INFO - 成功设置寄存器 POS_SET(4): 值=0, 起始地址=1482
2026-09-24 17:58:01,022 - RH56DFTP - INFO - 开始设置寄存器: POS_SET(5), 值: 0
2026-09-24 17:58:01,024 - RH56DFTP - INFO - 成功设置寄存器 POS_SET(5): 值=0, 起始地址=1484
2026-09-24 17:58:01,130 - RH56DFTP - INFO - 开始设置寄存器: POS_SET(0), 值: 1
2026-09-24 17:58:01,132 - RH56DFTP - INFO - 成功设置寄存器 POS_SET(0): 值=1, 起始地址=1474
2026-09-24 17:58:01,132 - RH56DFTP - INFO - 开始设置寄存器: POS_SET(1), 值: 0
2026-09-24 17:58:01,134 - RH56DFTP - INFO - 成功设置寄存器 POS_SET(1): 值=0, 起始地址=1476
2026-09-24 17:58:01,134 - RH56DFTP - INFO - 开始设置寄存器: POS_SET(2), 值: 0
2026-09-24 17:58:01,141 - RH56DFTP - INFO - 成功设置寄存器 POS_SET(2): 值=0, 起始地址=1478
2026-09-24 17:58:01,141 - RH56DFTP - INFO - 开始设置寄存器: POS_SET(3), 值: 0
2026-09-24 17:58:01,142 - RH56DFTP - INFO - 成功设置寄存器 POS_SET(3): 值=0, 起始地址=1480
2026-09-24 17:58:01,143 - RH56DFTP - INFO - 开始设置寄存器: POS_SET(4), 值: 0
2026-09-24 17:58:01,146 - RH56DFTP - INFO - 成功设置寄存器 POS_SET(4): 值=0, 起始地址=1482
2026-09-24 17:58:01,146 - RH56DFTP - INFO - 开始设置寄存器: POS_SET(5), 值: 0
2026-09-24 17:58:01,148 - RH56DFTP - INFO - 成功设置寄存器 POS_SET(5): 值=0, 起始地址=1484
2026-09-24 17:58:01,256 - RH56DFTP - INFO - 开始设置寄存器: POS_SET(0), 值: 1
2026-09-24 17:58:01,258 - RH56DFTP - INFO - 成功设置寄存器 POS_SET(0): 值=1, 起始地址=1474
2026-09-24 17:58:01,258 - RH56DFTP - INFO - 开始设置寄存器: POS_SET(1), 值: 0
2026-09-24 17:58:01,264 - RH56DFTP - INFO - 成功设置寄存器 POS_SET(1): 值=0, 起始地址=1476
2026-09-24 17:58:01,265 - RH56DFTP - INFO - 开始设置寄存器: POS_SET(2), 值: 0
2026-09-24 17:58:01,266 - RH56DFTP - INFO - 成功设置寄存器 POS_SET(2): 值=0, 起始地址=1478
2026-09-24 17:58:01,268 - RH56DFTP - INFO - 开始设置寄存器: POS_SET(3), 值: 0
2026-09-24 17:58:01,271 - RH56DFTP - INFO - 成功设置寄存器 POS_SET(3): 值=0, 起始地址=1480
2026-09-24 17:58:01,271 - RH56DFTP - INFO - 开始设置寄存器: POS_SET(4), 值: 0
2026-09-24 17:58:01,273 - RH56DFTP - INFO - 成功设置寄存器 POS_SET(4): 值=0, 起始地址=1482
2026-09-24 17:58:01,273 - RH56DFTP - INFO - 开始设置寄存器: POS_SET(5), 值: 0
2026-09-24 17:58:01,275 - RH56DFTP - INFO - 成功设置寄存器 POS_SET(5): 值=0, 起始地址=1484
2026-09-24 17:58:01,364 - RH56DFTP - INFO - 开始设置寄存器: POS_SET(0), 值: 1
2026-09-24 17:58:01,366 - RH56DFTP - INFO - 成功设置寄存器 POS_SET(0): 值=1, 起始地址=1474
2026-09-24 17:58:01,367 - RH56DFTP - INFO - 开始设置寄存器: POS_SET(1), 值: 0
2026-09-24 17:58:01,378 - RH56DFTP - INFO - 成功设置寄存器 POS_SET(1): 值=0, 起始地址=1476
2026-09-24 17:58:01,378 - RH56DFTP - INFO - 开始设置寄存器: POS_SET(2), 值: 0
2026-09-24 17:58:01,380 - RH56DFTP - INFO - 成功设置寄存器 POS_SET(2): 值=0, 起始地址=1478
2026-09-24 17:58:01,380 - RH56DFTP - INFO - 开始设置寄存器: POS_SET(3), 值: 0
2026-09-24 17:58:01,382 - RH56DFTP - INFO - 成功设置寄存器 POS_SET(3): 值=0, 起始地址=1480
2026-09-24 17:58:01,382 - RH56DFTP - INFO - 开始设置寄存器: POS_SET(4), 值: 0
2026-09-24 17:58:01,389 - RH56DFTP - INFO - 成功设置寄存器 POS_SET(4): 值=0, 起始地址=1482
2026-09-24 17:58:01,389 - RH56DFTP - INFO - 开始设置寄存器: POS_SET(5), 值: 0
2026-09-24 17:58:01,391 - RH56DFTP - INFO - 成功设置寄存器 POS_SET(5): 值=0, 起始地址=1484
2026-09-24 17:58:01,478 - RH56DFTP - INFO - 开始设置寄存器: POS_SET(0), 值: 1
2026-09-24 17:58:01,483 - RH56DFTP - INFO - 成功设置寄存器 POS_SET(0): 值=1, 起始地址=1474
2026-09-24 17:58:01,483 - RH56DFTP - INFO - 开始设置寄存器: POS_SET(1), 值: 0
2026-09-24 17:58:01,485 - RH56DFTP - INFO - 成功设置寄存器 POS_SET(1): 值=0, 起始地址=1476
2026-09-24 17:58:01,485 - RH56DFTP - INFO - 开始设置寄存器: POS_SET(2), 值: 0
2026-09-24 17:58:01,487 - RH56DFTP - INFO - 成功设置寄存器 POS_SET(2): 值=0, 起始地址=1478
2026-09-24 17:58:01,488 - RH56DFTP - INFO - 开始设置寄存器: POS_SET(3), 值: 0
2026-09-24 17:58:01,490 - RH56DFTP - INFO - 成功设置寄存器 POS_SET(3): 值=0, 起始地址=1480
2026-09-24 17:58:01,490 - RH56DFTP - INFO - 开始设置寄存器: POS_SET(4), 值: 0
2026-09-24 17:58:01,491 - RH56DFTP - INFO - 成功设置寄存器 POS_SET(4): 值=0, 起始地址=1482
2026-09-24 17:58:01,492 - RH56DFTP - INFO - 开始设置寄存器: POS_SET(5), 值: 0
2026-09-24 17:58:01,502 - RH56DFTP - INFO - 成功设置寄存器 POS_SET(5): 值=0, 起始地址=1484
2026-09-24 17:58:01,598 - RH56DFTP - INFO - 开始设置寄存器: POS_SET(0), 值: 1
2026-09-24 17:58:01,607 - RH56DFTP - INFO - 成功设置寄存器 POS_SET(0): 值=1, 起始地址=1474
2026-09-24 17:58:01,608 - RH56DFTP - INFO - 开始设置寄存器: POS_SET(1), 值: 0
2026-09-24 17:58:01,610 - RH56DFTP - INFO - 成功设置寄存器 POS_SET(1): 值=0, 起始地址=1476
2026-09-24 17:58:01,610 - RH56DFTP - INFO - 开始设置寄存器: POS_SET(2), 值: 0
2026-09-24 17:58:01,612 - RH56DFTP - INFO - 成功设置寄存器 POS_SET(2): 值=0, 起始地址=1478
2026-09-24 17:58:01,612 - RH56DFTP - INFO - 开始设置寄存器: POS_SET(3), 值: 0
2026-09-24 17:58:01,614 - RH56DFTP - INFO - 成功设置寄存器 POS_SET(3): 值=0, 起始地址=1480
2026-09-24 17:58:01,614 - RH56DFTP - INFO - 开始设置寄存器: POS_SET(4), 值: 0
2026-09-24 17:58:01,625 - RH56DFTP - INFO - 成功设置寄存器 POS_SET(4): 值=0, 起始地址=1482
2026-09-24 17:58:01,625 - RH56DFTP - INFO - 开始设置寄存器: POS_SET(5), 值: 0
2026-09-24 17:58:01,629 - RH56DFTP - INFO - 成功设置寄存器 POS_SET(5): 值=0, 起始地址=1484
2026-09-24 17:58:01,720 - RH56DFTP - INFO - 开始设置寄存器: POS_SET(0), 值: 1
2026-09-24 17:58:01,723 - RH56DFTP - INFO - 成功设置寄存器 POS_SET(0): 值=1, 起始地址=1474
2026-09-24 17:58:01,723 - RH56DFTP - INFO - 开始设置寄存器: POS_SET(1), 值: 0
2026-09-24 17:58:01,730 - RH56DFTP - INFO - 成功设置寄存器 POS_SET(1): 值=0, 起始地址=1476
2026-09-24 17:58:01,730 - RH56DFTP - INFO - 开始设置寄存器: POS_SET(2), 值: 0
2026-09-24 17:58:01,732 - RH56DFTP - INFO - 成功设置寄存器 POS_SET(2): 值=0, 起始地址=1478
2026-09-24 17:58:01,732 - RH56DFTP - INFO - 开始设置寄存器: POS_SET(3), 值: 0
2026-09-24 17:58:01,734 - RH56DFTP - INFO - 成功设置寄存器 POS_SET(3): 值=0, 起始地址=1480
2026-09-24 17:58:01,734 - RH56DFTP - INFO - 开始设置寄存器: POS_SET(4), 值: 0
2026-09-24 17:58:01,735 - RH56DFTP - INFO - 成功设置寄存器 POS_SET(4): 值=0, 起始地址=1482
2026-09-24 17:58:01,736 - RH56DFTP - INFO - 开始设置寄存器: POS_SET(5), 值: 0
2026-09-24 17:58:01,737 - RH56DFTP - INFO - 成功设置寄存器 POS_SET(5): 值=0, 起始地址=1484
2026-09-24 17:58:01,828 - RH56DFTP - INFO - 开始设置寄存器: POS_SET(0), 值: 1
2026-09-24 17:58:01,830 - RH56DFTP - INFO - 成功设置寄存器 POS_SET(0): 值=1, 起始地址=1474
2026-09-24 17:58:01,830 - RH56DFTP - INFO - 开始设置寄存器: POS_SET(1), 值: 0
2026-09-24 17:58:01,832 - RH56DFTP - INFO - 成功设置寄存器 POS_SET(1): 值=0, 起始地址=1476
2026-09-24 17:58:01,832 - RH56DFTP - INFO - 开始设置寄存器: POS_SET(2), 值: 0
2026-09-24 17:58:01,842 - RH56DFTP - INFO - 成功设置寄存器 POS_SET(2): 值=0, 起始地址=1478
2026-09-24 17:58:01,842 - RH56DFTP - INFO - 开始设置寄存器: POS_SET(3), 值: 0
2026-09-24 17:58:01,844 - RH56DFTP - INFO - 成功设置寄存器 POS_SET(3): 值=0, 起始地址=1480
2026-09-24 17:58:01,844 - RH56DFTP - INFO - 开始设置寄存器: POS_SET(4), 值: 0
2026-09-24 17:58:01,846 - RH56DFTP - INFO - 成功设置寄存器 POS_SET(4): 值=0, 起始地址=1482
2026-09-24 17:58:01,847 - RH56DFTP - INFO - 开始设置寄存器: POS_SET(5), 值: 0
2026-09-24 17:58:01,854 - RH56DFTP - INFO - 成功设置寄存器 POS_SET(5): 值=0, 起始地址=1484
2026-09-24 17:58:01,950 - RH56DFTP - INFO - 开始设置寄存器: POS_SET(0), 值: 1
2026-09-24 17:58:01,953 - RH56DFTP - INFO - 成功设置寄存器 POS_SET(0): 值=1, 起始地址=1474
2026-09-24 17:58:01,953 - RH56DFTP - INFO - 开始设置寄存器: POS_SET(1), 值: 0
2026-09-24 17:58:01,955 - RH56DFTP - INFO - 成功设置寄存器 POS_SET(1): 值=0, 起始地址=1476
2026-09-24 17:58:01,955 - RH56DFTP - INFO - 开始设置寄存器: POS_SET(2), 值: 0
2026-09-24 17:58:01,957 - RH56DFTP - INFO - 成功设置寄存器 POS_SET(2): 值=0, 起始地址=1478
2026-09-24 17:58:01,957 - RH56DFTP - INFO - 开始设置寄存器: POS_SET(3), 值: 0
2026-09-24 17:58:01,968 - RH56DFTP - INFO - 成功设置寄存器 POS_SET(3): 值=0, 起始地址=1480
2026-09-24 17:58:01,969 - RH56DFTP - INFO - 开始设置寄存器: POS_SET(4), 值: 0
2026-09-24 17:58:01,971 - RH56DFTP - INFO - 成功设置寄存器 POS_SET(4): 值=0, 起始地址=1482
2026-09-24 17:58:01,971 - RH56DFTP - INFO - 开始设置寄存器: POS_SET(5), 值: 0
2026-09-24 17:58:01,978 - RH56DFTP - INFO - 成功设置寄存器 POS_SET(5): 值=0, 起始地址=1484
2026-09-24 17:58:02,081 - RH56DFTP - INFO - 开始设置寄存器: POS_SET(0), 值: 1
2026-09-24 17:58:02,091 - RH56DFTP - INFO - 成功设置寄存器 POS_SET(0): 值=1, 起始地址=1474
2026-09-24 17:58:02,091 - RH56DFTP - INFO - 开始设置寄存器: POS_SET(1), 值: 0
2026-09-24 17:58:02,093 - RH56DFTP - INFO - 成功设置寄存器 POS_SET(1): 值=0, 起始地址=1476
2026-09-24 17:58:02,093 - RH56DFTP - INFO - 开始设置寄存器: POS_SET(2), 值: 0
2026-09-24 17:58:02,095 - RH56DFTP - INFO - 成功设置寄存器 POS_SET(2): 值=0, 起始地址=1478
2026-09-24 17:58:02,095 - RH56DFTP - INFO - 开始设置寄存器: POS_SET(3), 值: 0
2026-09-24 17:58:02,101 - RH56DFTP - INFO - 成功设置寄存器 POS_SET(3): 值=0, 起始地址=1480
2026-09-24 17:58:02,101 - RH56DFTP - INFO - 开始设置寄存器: POS_SET(4), 值: 0
2026-09-24 17:58:02,103 - RH56DFTP - INFO - 成功设置寄存器 POS_SET(4): 值=0, 起始地址=1482
2026-09-24 17:58:02,103 - RH56DFTP - INFO - 开始设置寄存器: POS_SET(5), 值: 0
2026-09-24 17:58:02,105 - RH56DFTP - INFO - 成功设置寄存器 POS_SET(5): 值=0, 起始地址=1484
2026-09-24 17:58:02,203 - RH56DFTP - INFO - 开始设置寄存器: POS_SET(0), 值: 1
2026-09-24 17:58:02,215 - RH56DFTP - INFO - 成功设置寄存器 POS_SET(0): 值=1, 起始地址=1474
2026-09-24 17:58:02,215 - RH56DFTP - INFO - 开始设置寄存器: POS_SET(1), 值: 0
2026-09-24 17:58:02,217 - RH56DFTP - INFO - 成功设置寄存器 POS_SET(1): 值=0, 起始地址=1476
2026-09-24 17:58:02,218 - RH56DFTP - INFO - 开始设置寄存器: POS_SET(2), 值: 0
2026-09-24 17:58:02,219 - RH56DFTP - INFO - 成功设置寄存器 POS_SET(2): 值=0, 起始地址=1478
2026-09-24 17:58:02,219 - RH56DFTP - INFO - 开始设置寄存器: POS_SET(3), 值: 0
2026-09-24 17:58:02,227 - RH56DFTP - INFO - 成功设置寄存器 POS_SET(3): 值=0, 起始地址=1480
2026-09-24 17:58:02,228 - RH56DFTP - INFO - 开始设置寄存器: POS_SET(4), 值: 0
2026-09-24 17:58:02,231 - RH56DFTP - INFO - 成功设置寄存器 POS_SET(4): 值=0, 起始地址=1482
2026-09-24 17:58:02,231 - RH56DFTP - INFO - 开始设置寄存器: POS_SET(5), 值: 0
2026-09-24 17:58:02,232 - RH56DFTP - INFO - 成功设置寄存器 POS_SET(5): 值=0, 起始地址=1484
2026-09-24 17:58:02,315 - RH56DFTP - INFO - 开始设置寄存器: POS_SET(0), 值: 1
2026-09-24 17:58:02,320 - RH56DFTP - INFO - 成功设置寄存器 POS_SET(0): 值=1, 起始地址=1474
2026-09-24 17:58:02,320 - RH56DFTP - INFO - 开始设置寄存器: POS_SET(1), 值: 0
2026-09-24 17:58:02,322 - RH56DFTP - INFO - 成功设置寄存器 POS_SET(1): 值=0, 起始地址=1476
2026-09-24 17:58:02,322 - RH56DFTP - INFO - 开始设置寄存器: POS_SET(2), 值: 0
2026-09-24 17:58:02,329 - RH56DFTP - INFO - 成功设置寄存器 POS_SET(2): 值=0, 起始地址=1478
2026-09-24 17:58:02,330 - RH56DFTP - INFO - 开始设置寄存器: POS_SET(3), 值: 0
2026-09-24 17:58:02,339 - RH56DFTP - INFO - 成功设置寄存器 POS_SET(3): 值=0, 起始地址=1480
2026-09-24 17:58:02,341 - RH56DFTP - INFO - 开始设置寄存器: POS_SET(4), 值: 0
2026-09-24 17:58:02,343 - RH56DFTP - INFO - 成功设置寄存器 POS_SET(4): 值=0, 起始地址=1482
2026-09-24 17:58:02,343 - RH56DFTP - INFO - 开始设置寄存器: POS_SET(5), 值: 0
2026-09-24 17:58:02,349 - RH56DFTP - INFO - 成功设置寄存器 POS_SET(5): 值=0, 起始地址=1484
2026-09-24 17:58:02,444 - RH56DFTP - INFO - 开始设置寄存器: POS_SET(0), 值: 1
2026-09-24 17:58:02,447 - RH56DFTP - INFO - 成功设置寄存器 POS_SET(0): 值=1, 起始地址=1474
2026-09-24 17:58:02,447 - RH56DFTP - INFO - 开始设置寄存器: POS_SET(1), 值: 0
2026-09-24 17:58:02,449 - RH56DFTP - INFO - 成功设置寄存器 POS_SET(1): 值=0, 起始地址=1476
2026-09-24 17:58:02,449 - RH56DFTP - INFO - 开始设置寄存器: POS_SET(2), 值: 0
2026-09-24 17:58:02,451 - RH56DFTP - INFO - 成功设置寄存器 POS_SET(2): 值=0, 起始地址=1478
2026-09-24 17:58:02,451 - RH56DFTP - INFO - 开始设置寄存器: POS_SET(3), 值: 0
2026-09-24 17:58:02,462 - RH56DFTP - INFO - 成功设置寄存器 POS_SET(3): 值=0, 起始地址=1480
2026-09-24 17:58:02,462 - RH56DFTP - INFO - 开始设置寄存器: POS_SET(4), 值: 0
2026-09-24 17:58:02,465 - RH56DFTP - INFO - 成功设置寄存器 POS_SET(4): 值=0, 起始地址=1482
2026-09-24 17:58:02,466 - RH56DFTP - INFO - 开始设置寄存器: POS_SET(5), 值: 0
2026-09-24 17:58:02,475 - RH56DFTP - INFO - 成功设置寄存器 POS_SET(5): 值=0, 起始地址=1484
2026-09-24 17:58:02,578 - RH56DFTP - INFO - 开始设置寄存器: POS_SET(0), 值: 1
2026-09-24 17:58:02,588 - RH56DFTP - INFO - 成功设置寄存器 POS_SET(0): 值=1, 起始地址=1474
2026-09-24 17:58:02,588 - RH56DFTP - INFO - 开始设置寄存器: POS_SET(1), 值: 0
2026-09-24 17:58:02,591 - RH56DFTP - INFO - 成功设置寄存器 POS_SET(1): 值=0, 起始地址=1476
2026-09-24 17:58:02,591 - RH56DFTP - INFO - 开始设置寄存器: POS_SET(2), 值: 0
2026-09-24 17:58:02,598 - RH56DFTP - INFO - 成功设置寄存器 POS_SET(2): 值=0, 起始地址=1478
2026-09-24 17:58:02,599 - RH56DFTP - INFO - 开始设置寄存器: POS_SET(3), 值: 0
2026-09-24 17:58:02,601 - RH56DFTP - INFO - 成功设置寄存器 POS_SET(3): 值=0, 起始地址=1480
2026-09-24 17:58:02,601 - RH56DFTP - INFO - 开始设置寄存器: POS_SET(4), 值: 0
2026-09-24 17:58:02,603 - RH56DFTP - INFO - 成功设置寄存器 POS_SET(4): 值=0, 起始地址=1482
2026-09-24 17:58:02,603 - RH56DFTP - INFO - 开始设置寄存器: POS_SET(5), 值: 0
2026-09-24 17:58:02,605 - RH56DFTP - INFO - 成功设置寄存器 POS_SET(5): 值=0, 起始地址=1484
2026-09-24 17:58:02,701 - RH56DFTP - INFO - 开始设置寄存器: POS_SET(0), 值: 1
2026-09-24 17:58:02,711 - RH56DFTP - INFO - 成功设置寄存器 POS_SET(0): 值=1, 起始地址=1474
2026-09-24 17:58:02,711 - RH56DFTP - INFO - 开始设置寄存器: POS_SET(1), 值: 0
2026-09-24 17:58:02,713 - RH56DFTP - INFO - 成功设置寄存器 POS_SET(1): 值=0, 起始地址=1476
2026-09-24 17:58:02,713 - RH56DFTP - INFO - 开始设置寄存器: POS_SET(2), 值: 0
2026-09-24 17:58:02,715 - RH56DFTP - INFO - 成功设置寄存器 POS_SET(2): 值=0, 起始地址=1478
2026-09-24 17:58:02,715 - RH56DFTP - INFO - 开始设置寄存器: POS_SET(3), 值: 0
2026-09-24 17:58:02,722 - RH56DFTP - INFO - 成功设置寄存器 POS_SET(3): 值=0, 起始地址=1480
2026-09-24 17:58:02,723 - RH56DFTP - INFO - 开始设置寄存器: POS_SET(4), 值: 0
2026-09-24 17:58:02,724 - RH56DFTP - INFO - 成功设置寄存器 POS_SET(4): 值=0, 起始地址=1482
2026-09-24 17:58:02,725 - RH56DFTP - INFO - 开始设置寄存器: POS_SET(5), 值: 0
2026-09-24 17:58:02,727 - RH56DFTP - INFO - 成功设置寄存器 POS_SET(5): 值=0, 起始地址=1484
2026-09-24 17:58:02,818 - RH56DFTP - INFO - 开始设置寄存器: POS_SET(0), 值: 1
2026-09-24 17:58:02,820 - RH56DFTP - INFO - 成功设置寄存器 POS_SET(0): 值=1, 起始地址=1474
2026-09-24 17:58:02,820 - RH56DFTP - INFO - 开始设置寄存器: POS_SET(1), 值: 0
2026-09-24 17:58:02,822 - RH56DFTP - INFO - 成功设置寄存器 POS_SET(1): 值=0, 起始地址=1476
2026-09-24 17:58:02,822 - RH56DFTP - INFO - 开始设置寄存器: POS_SET(2), 值: 0
2026-09-24 17:58:02,823 - RH56DFTP - INFO - 成功设置寄存器 POS_SET(2): 值=0, 起始地址=1478
2026-09-24 17:58:02,823 - RH56DFTP - INFO - 开始设置寄存器: POS_SET(3), 值: 0
2026-09-24 17:58:02,834 - RH56DFTP - INFO - 成功设置寄存器 POS_SET(3): 值=0, 起始地址=1480
2026-09-24 17:58:02,835 - RH56DFTP - INFO - 开始设置寄存器: POS_SET(4), 值: 0
2026-09-24 17:58:02,837 - RH56DFTP - INFO - 成功设置寄存器 POS_SET(4): 值=0, 起始地址=1482
2026-09-24 17:58:02,837 - RH56DFTP - INFO - 开始设置寄存器: POS_SET(5), 值: 0
2026-09-24 17:58:02,839 - RH56DFTP - INFO - 成功设置寄存器 POS_SET(5): 值=0, 起始地址=1484
2026-09-24 17:58:02,941 - RH56DFTP - INFO - 开始设置寄存器: POS_SET(0), 值: 1
2026-09-24 17:58:02,943 - RH56DFTP - INFO - 成功设置寄存器 POS_SET(0): 值=1, 起始地址=1474
2026-09-24 17:58:02,943 - RH56DFTP - INFO - 开始设置寄存器: POS_SET(1), 值: 0
2026-09-24 17:58:02,945 - RH56DFTP - INFO - 成功设置寄存器 POS_SET(1): 值=0, 起始地址=1476
2026-09-24 17:58:02,945 - RH56DFTP - INFO - 开始设置寄存器: POS_SET(2), 值: 0
2026-09-24 17:58:02,949 - RH56DFTP - INFO - 成功设置寄存器 POS_SET(2): 值=0, 起始地址=1478
2026-09-24 17:58:02,949 - RH56DFTP - INFO - 开始设置寄存器: POS_SET(3), 值: 0
2026-09-24 17:58:02,959 - RH56DFTP - INFO - 成功设置寄存器 POS_SET(3): 值=0, 起始地址=1480
2026-09-24 17:58:02,959 - RH56DFTP - INFO - 开始设置寄存器: POS_SET(4), 值: 0
2026-09-24 17:58:02,961 - RH56DFTP - INFO - 成功设置寄存器 POS_SET(4): 值=0, 起始地址=1482
2026-09-24 17:58:02,961 - RH56DFTP - INFO - 开始设置寄存器: POS_SET(5), 值: 0
2026-09-24 17:58:02,963 - RH56DFTP - INFO - 成功设置寄存器 POS_SET(5): 值=0, 起始地址=1484
2026-09-24 17:58:03,063 - RH56DFTP - INFO - 开始设置寄存器: POS_SET(0), 值: 1
2026-09-24 17:58:03,066 - RH56DFTP - INFO - 成功设置寄存器 POS_SET(0): 值=1, 起始地址=1474
2026-09-24 17:58:03,066 - RH56DFTP - INFO - 开始设置寄存器: POS_SET(1), 值: 0
2026-09-24 17:58:03,069 - RH56DFTP - INFO - 成功设置寄存器 POS_SET(1): 值=0, 起始地址=1476
2026-09-24 17:58:03,069 - RH56DFTP - INFO - 开始设置寄存器: POS_SET(2), 值: 0
2026-09-24 17:58:03,071 - RH56DFTP - INFO - 成功设置寄存器 POS_SET(2): 值=0, 起始地址=1478
2026-09-24 17:58:03,071 - RH56DFTP - INFO - 开始设置寄存器: POS_SET(3), 值: 0
2026-09-24 17:58:03,073 - RH56DFTP - INFO - 成功设置寄存器 POS_SET(3): 值=0, 起始地址=1480
2026-09-24 17:58:03,073 - RH56DFTP - INFO - 开始设置寄存器: POS_SET(4), 值: 0
2026-09-24 17:58:03,084 - RH56DFTP - INFO - 成功设置寄存器 POS_SET(4): 值=0, 起始地址=1482
2026-09-24 17:58:03,084 - RH56DFTP - INFO - 开始设置寄存器: POS_SET(5), 值: 0
2026-09-24 17:58:03,086 - RH56DFTP - INFO - 成功设置寄存器 POS_SET(5): 值=0, 起始地址=1484
2026-09-24 17:58:03,180 - RH56DFTP - INFO - 开始设置寄存器: POS_SET(0), 值: 1
2026-09-24 17:58:03,187 - RH56DFTP - INFO - 成功设置寄存器 POS_SET(0): 值=1, 起始地址=1474
2026-09-24 17:58:03,187 - RH56DFTP - INFO - 开始设置寄存器: POS_SET(1), 值: 0
2026-09-24 17:58:03,189 - RH56DFTP - INFO - 成功设置寄存器 POS_SET(1): 值=0, 起始地址=1476
2026-09-24 17:58:03,189 - RH56DFTP - INFO - 开始设置寄存器: POS_SET(2), 值: 0
2026-09-24 17:58:03,191 - RH56DFTP - INFO - 成功设置寄存器 POS_SET(2): 值=0, 起始地址=1478
2026-09-24 17:58:03,191 - RH56DFTP - INFO - 开始设置寄存器: POS_SET(3), 值: 0
2026-09-24 17:58:03,193 - RH56DFTP - INFO - 成功设置寄存器 POS_SET(3): 值=0, 起始地址=1480
2026-09-24 17:58:03,193 - RH56DFTP - INFO - 开始设置寄存器: POS_SET(4), 值: 0
2026-09-24 17:58:03,195 - RH56DFTP - INFO - 成功设置寄存器 POS_SET(4): 值=0, 起始地址=1482
2026-09-24 17:58:03,195 - RH56DFTP - INFO - 开始设置寄存器: POS_SET(5), 值: 0
2026-09-24 17:58:03,197 - RH56DFTP - INFO - 成功设置寄存器 POS_SET(5): 值=0, 起始地址=1484
2026-09-24 17:58:03,281 - RH56DFTP - INFO - 开始设置寄存器: POS_SET(0), 值: 1
2026-09-24 17:58:03,283 - RH56DFTP - INFO - 成功设置寄存器 POS_SET(0): 值=1, 起始地址=1474
2026-09-24 17:58:03,283 - RH56DFTP - INFO - 开始设置寄存器: POS_SET(1), 值: 0
2026-09-24 17:58:03,285 - RH56DFTP - INFO - 成功设置寄存器 POS_SET(1): 值=0, 起始地址=1476
2026-09-24 17:58:03,285 - RH56DFTP - INFO - 开始设置寄存器: POS_SET(2), 值: 0
2026-09-24 17:58:03,288 - RH56DFTP - INFO - 成功设置寄存器 POS_SET(2): 值=0, 起始地址=1478
2026-09-24 17:58:03,288 - RH56DFTP - INFO - 开始设置寄存器: POS_SET(3), 值: 0
2026-09-24 17:58:03,299 - RH56DFTP - INFO - 成功设置寄存器 POS_SET(3): 值=0, 起始地址=1480
2026-09-24 17:58:03,299 - RH56DFTP - INFO - 开始设置寄存器: POS_SET(4), 值: 0
2026-09-24 17:58:03,301 - RH56DFTP - INFO - 成功设置寄存器 POS_SET(4): 值=0, 起始地址=1482
2026-09-24 17:58:03,301 - RH56DFTP - INFO - 开始设置寄存器: POS_SET(5), 值: 0
2026-09-24 17:58:03,303 - RH56DFTP - INFO - 成功设置寄存器 POS_SET(5): 值=0, 起始地址=1484
2026-09-24 17:58:03,399 - RH56DFTP - INFO - 开始设置寄存器: POS_SET(0), 值: 1
2026-09-24 17:58:03,404 - RH56DFTP - INFO - 成功设置寄存器 POS_SET(0): 值=1, 起始地址=1474
2026-09-24 17:58:03,404 - RH56DFTP - INFO - 开始设置寄存器: POS_SET(1), 值: 0
2026-09-24 17:58:03,406 - RH56DFTP - INFO - 成功设置寄存器 POS_SET(1): 值=0, 起始地址=1476
2026-09-24 17:58:03,408 - RH56DFTP - INFO - 开始设置寄存器: POS_SET(2), 值: 0
2026-09-24 17:58:03,409 - RH56DFTP - INFO - 成功设置寄存器 POS_SET(2): 值=0, 起始地址=1478
2026-09-24 17:58:03,409 - RH56DFTP - INFO - 开始设置寄存器: POS_SET(3), 值: 0
2026-09-24 17:58:03,411 - RH56DFTP - INFO - 成功设置寄存器 POS_SET(3): 值=0, 起始地址=1480
2026-09-24 17:58:03,411 - RH56DFTP - INFO - 开始设置寄存器: POS_SET(4), 值: 0
2026-09-24 17:58:03,413 - RH56DFTP - INFO - 成功设置寄存器 POS_SET(4): 值=0, 起始地址=1482
2026-09-24 17:58:03,413 - RH56DFTP - INFO - 开始设置寄存器: POS_SET(5), 值: 0
2026-09-24 17:58:03,424 - RH56DFTP - INFO - 成功设置寄存器 POS_SET(5): 值=0, 起始地址=1484
2026-09-24 17:58:03,517 - RH56DFTP - INFO - 开始设置寄存器: POS_SET(0), 值: 1
2026-09-24 17:58:03,520 - RH56DFTP - INFO - 成功设置寄存器 POS_SET(0): 值=1, 起始地址=1474
2026-09-24 17:58:03,520 - RH56DFTP - INFO - 开始设置寄存器: POS_SET(1), 值: 0
2026-09-24 17:58:03,528 - RH56DFTP - INFO - 成功设置寄存器 POS_SET(1): 值=0, 起始地址=1476
2026-09-24 17:58:03,528 - RH56DFTP - INFO - 开始设置寄存器: POS_SET(2), 值: 0
2026-09-24 17:58:03,530 - RH56DFTP - INFO - 成功设置寄存器 POS_SET(2): 值=0, 起始地址=1478
2026-09-24 17:58:03,530 - RH56DFTP - INFO - 开始设置寄存器: POS_SET(3), 值: 0
2026-09-24 17:58:03,533 - RH56DFTP - INFO - 成功设置寄存器 POS_SET(3): 值=0, 起始地址=1480
2026-09-24 17:58:03,533 - RH56DFTP - INFO - 开始设置寄存器: POS_SET(4), 值: 0
2026-09-24 17:58:03,535 - RH56DFTP - INFO - 成功设置寄存器 POS_SET(4): 值=0, 起始地址=1482
2026-09-24 17:58:03,535 - RH56DFTP - INFO - 开始设置寄存器: POS_SET(5), 值: 0
2026-09-24 17:58:03,537 - RH56DFTP - INFO - 成功设置寄存器 POS_SET(5): 值=0, 起始地址=1484
2026-09-24 17:58:03,641 - RH56DFTP - INFO - 开始设置寄存器: POS_SET(0), 值: 1
2026-09-24 17:58:03,643 - RH56DFTP - INFO - 成功设置寄存器 POS_SET(0): 值=1, 起始地址=1474
2026-09-24 17:58:03,643 - RH56DFTP - INFO - 开始设置寄存器: POS_SET(1), 值: 0
2026-09-24 17:58:03,645 - RH56DFTP - INFO - 成功设置寄存器 POS_SET(1): 值=0, 起始地址=1476
2026-09-24 17:58:03,645 - RH56DFTP - INFO - 开始设置寄存器: POS_SET(2), 值: 0
2026-09-24 17:58:03,652 - RH56DFTP - INFO - 成功设置寄存器 POS_SET(2): 值=0, 起始地址=1478
2026-09-24 17:58:03,652 - RH56DFTP - INFO - 开始设置寄存器: POS_SET(3), 值: 0
2026-09-24 17:58:03,654 - RH56DFTP - INFO - 成功设置寄存器 POS_SET(3): 值=0, 起始地址=1480
2026-09-24 17:58:03,654 - RH56DFTP - INFO - 开始设置寄存器: POS_SET(4), 值: 0
2026-09-24 17:58:03,656 - RH56DFTP - INFO - 成功设置寄存器 POS_SET(4): 值=0, 起始地址=1482
2026-09-24 17:58:03,656 - RH56DFTP - INFO - 开始设置寄存器: POS_SET(5), 值: 0
2026-09-24 17:58:03,657 - RH56DFTP - INFO - 成功设置寄存器 POS_SET(5): 值=0, 起始地址=1484
2026-09-24 17:58:03,750 - RH56DFTP - INFO - 开始设置寄存器: POS_SET(0), 值: 1
2026-09-24 17:58:03,752 - RH56DFTP - INFO - 成功设置寄存器 POS_SET(0): 值=1, 起始地址=1474
2026-09-24 17:58:03,752 - RH56DFTP - INFO - 开始设置寄存器: POS_SET(1), 值: 0
2026-09-24 17:58:03,753 - RH56DFTP - INFO - 成功设置寄存器 POS_SET(1): 值=0, 起始地址=1476
2026-09-24 17:58:03,753 - RH56DFTP - INFO - 开始设置寄存器: POS_SET(2), 值: 0
2026-09-24 17:58:03,764 - RH56DFTP - INFO - 成功设置寄存器 POS_SET(2): 值=0, 起始地址=1478
2026-09-24 17:58:03,765 - RH56DFTP - INFO - 开始设置寄存器: POS_SET(3), 值: 0
2026-09-24 17:58:03,767 - RH56DFTP - INFO - 成功设置寄存器 POS_SET(3): 值=0, 起始地址=1480
2026-09-24 17:58:03,768 - RH56DFTP - INFO - 开始设置寄存器: POS_SET(4), 值: 0
2026-09-24 17:58:03,770 - RH56DFTP - INFO - 成功设置寄存器 POS_SET(4): 值=0, 起始地址=1482
2026-09-24 17:58:03,770 - RH56DFTP - INFO - 开始设置寄存器: POS_SET(5), 值: 0
2026-09-24 17:58:03,776 - RH56DFTP - INFO - 成功设置寄存器 POS_SET(5): 值=0, 起始地址=1484
2026-09-24 17:58:03,871 - RH56DFTP - INFO - 开始设置寄存器: POS_SET(0), 值: 1
2026-09-24 17:58:03,873 - RH56DFTP - INFO - 成功设置寄存器 POS_SET(0): 值=1, 起始地址=1474
2026-09-24 17:58:03,873 - RH56DFTP - INFO - 开始设置寄存器: POS_SET(1), 值: 0
2026-09-24 17:58:03,875 - RH56DFTP - INFO - 成功设置寄存器 POS_SET(1): 值=0, 起始地址=1476
2026-09-24 17:58:03,875 - RH56DFTP - INFO - 开始设置寄存器: POS_SET(2), 值: 0
2026-09-24 17:58:03,877 - RH56DFTP - INFO - 成功设置寄存器 POS_SET(2): 值=0, 起始地址=1478
2026-09-24 17:58:03,877 - RH56DFTP - INFO - 开始设置寄存器: POS_SET(3), 值: 0
2026-09-24 17:58:03,879 - RH56DFTP - INFO - 成功设置寄存器 POS_SET(3): 值=0, 起始地址=1480
2026-09-24 17:58:03,879 - RH56DFTP - INFO - 开始设置寄存器: POS_SET(4), 值: 0
2026-09-24 17:58:03,889 - RH56DFTP - INFO - 成功设置寄存器 POS_SET(4): 值=0, 起始地址=1482
2026-09-24 17:58:03,889 - RH56DFTP - INFO - 开始设置寄存器: POS_SET(5), 值: 0
2026-09-24 17:58:03,891 - RH56DFTP - INFO - 成功设置寄存器 POS_SET(5): 值=0, 起始地址=1484
2026-09-24 17:58:03,985 - RH56DFTP - INFO - 开始设置寄存器: POS_SET(0), 值: 1
2026-09-24 17:58:03,994 - RH56DFTP - INFO - 成功设置寄存器 POS_SET(0): 值=1, 起始地址=1474
2026-09-24 17:58:03,994 - RH56DFTP - INFO - 开始设置寄存器: POS_SET(1), 值: 0
2026-09-24 17:58:03,996 - RH56DFTP - INFO - 成功设置寄存器 POS_SET(1): 值=0, 起始地址=1476
2026-09-24 17:58:03,996 - RH56DFTP - INFO - 开始设置寄存器: POS_SET(2), 值: 0
2026-09-24 17:58:03,998 - RH56DFTP - INFO - 成功设置寄存器 POS_SET(2): 值=0, 起始地址=1478
2026-09-24 17:58:03,998 - RH56DFTP - INFO - 开始设置寄存器: POS_SET(3), 值: 0
2026-09-24 17:58:04,000 - RH56DFTP - INFO - 成功设置寄存器 POS_SET(3): 值=0, 起始地址=1480
2026-09-24 17:58:04,000 - RH56DFTP - INFO - 开始设置寄存器: POS_SET(4), 值: 0
2026-09-24 17:58:04,001 - RH56DFTP - INFO - 成功设置寄存器 POS_SET(4): 值=0, 起始地址=1482
2026-09-24 17:58:04,001 - RH56DFTP - INFO - 开始设置寄存器: POS_SET(5), 值: 0
2026-09-24 17:58:04,012 - RH56DFTP - INFO - 成功设置寄存器 POS_SET(5): 值=0, 起始地址=1484
2026-09-24 17:58:04,102 - RH56DFTP - INFO - 开始设置寄存器: POS_SET(0), 值: 1
2026-09-24 17:58:04,106 - RH56DFTP - INFO - 成功设置寄存器 POS_SET(0): 值=1, 起始地址=1474
2026-09-24 17:58:04,107 - RH56DFTP - INFO - 开始设置寄存器: POS_SET(1), 值: 0
2026-09-24 17:58:04,110 - RH56DFTP - INFO - 成功设置寄存器 POS_SET(1): 值=0, 起始地址=1476
2026-09-24 17:58:04,110 - RH56DFTP - INFO - 开始设置寄存器: POS_SET(2), 值: 0
2026-09-24 17:58:04,116 - RH56DFTP - INFO - 成功设置寄存器 POS_SET(2): 值=0, 起始地址=1478
2026-09-24 17:58:04,117 - RH56DFTP - INFO - 开始设置寄存器: POS_SET(3), 值: 0
2026-09-24 17:58:04,119 - RH56DFTP - INFO - 成功设置寄存器 POS_SET(3): 值=0, 起始地址=1480
2026-09-24 17:58:04,119 - RH56DFTP - INFO - 开始设置寄存器: POS_SET(4), 值: 0
2026-09-24 17:58:04,121 - RH56DFTP - INFO - 成功设置寄存器 POS_SET(4): 值=0, 起始地址=1482
2026-09-24 17:58:04,121 - RH56DFTP - INFO - 开始设置寄存器: POS_SET(5), 值: 0
2026-09-24 17:58:04,124 - RH56DFTP - INFO - 成功设置寄存器 POS_SET(5): 值=0, 起始地址=1484
2026-09-24 17:58:04,228 - RH56DFTP - INFO - 开始设置寄存器: POS_SET(0), 值: 1
2026-09-24 17:58:04,230 - RH56DFTP - INFO - 成功设置寄存器 POS_SET(0): 值=1, 起始地址=1474
2026-09-24 17:58:04,231 - RH56DFTP - INFO - 开始设置寄存器: POS_SET(1), 值: 0
2026-09-24 17:58:04,232 - RH56DFTP - INFO - 成功设置寄存器 POS_SET(1): 值=0, 起始地址=1476
2026-09-24 17:58:04,232 - RH56DFTP - INFO - 开始设置寄存器: POS_SET(2), 值: 0
2026-09-24 17:58:04,235 - RH56DFTP - INFO - 成功设置寄存器 POS_SET(2): 值=0, 起始地址=1478
2026-09-24 17:58:04,235 - RH56DFTP - INFO - 开始设置寄存器: POS_SET(3), 值: 0
2026-09-24 17:58:04,241 - RH56DFTP - INFO - 成功设置寄存器 POS_SET(3): 值=0, 起始地址=1480
2026-09-24 17:58:04,242 - RH56DFTP - INFO - 开始设置寄存器: POS_SET(4), 值: 0
2026-09-24 17:58:04,244 - RH56DFTP - INFO - 成功设置寄存器 POS_SET(4): 值=0, 起始地址=1482
2026-09-24 17:58:04,244 - RH56DFTP - INFO - 开始设置寄存器: POS_SET(5), 值: 0
2026-09-24 17:58:04,246 - RH56DFTP - INFO - 成功设置寄存器 POS_SET(5): 值=0, 起始地址=1484
2026-09-24 17:58:04,430 - RH56DFTP - INFO - 开始设置寄存器: POS_SET(0), 值: 1
2026-09-24 17:58:04,433 - RH56DFTP - INFO - 成功设置寄存器 POS_SET(0): 值=1, 起始地址=1474
2026-09-24 17:58:04,433 - RH56DFTP - INFO - 开始设置寄存器: POS_SET(1), 值: 0
2026-09-24 17:58:04,435 - RH56DFTP - INFO - 成功设置寄存器 POS_SET(1): 值=0, 起始地址=1476
2026-09-24 17:58:04,435 - RH56DFTP - INFO - 开始设置寄存器: POS_SET(2), 值: 0
2026-09-24 17:58:04,437 - RH56DFTP - INFO - 成功设置寄存器 POS_SET(2): 值=0, 起始地址=1478
2026-09-24 17:58:04,437 - RH56DFTP - INFO - 开始设置寄存器: POS_SET(3), 值: 0
2026-09-24 17:58:04,448 - RH56DFTP - INFO - 成功设置寄存器 POS_SET(3): 值=0, 起始地址=1480
2026-09-24 17:58:04,449 - RH56DFTP - INFO - 开始设置寄存器: POS_SET(4), 值: 0
2026-09-24 17:58:04,452 - RH56DFTP - INFO - 成功设置寄存器 POS_SET(4): 值=0, 起始地址=1482
2026-09-24 17:58:04,452 - RH56DFTP - INFO - 开始设置寄存器: POS_SET(5), 值: 0
2026-09-24 17:58:04,458 - RH56DFTP - INFO - 成功设置寄存器 POS_SET(5): 值=0, 起始地址=1484
2026-09-24 17:58:04,579 - RH56DFTP - INFO - 开始设置寄存器: POS_SET(0), 值: 1
2026-09-24 17:58:04,582 - RH56DFTP - INFO - 成功设置寄存器 POS_SET(0): 值=1, 起始地址=1474
2026-09-24 17:58:04,582 - RH56DFTP - INFO - 开始设置寄存器: POS_SET(1), 值: 0
2026-09-24 17:58:04,584 - RH56DFTP - INFO - 成功设置寄存器 POS_SET(1): 值=0, 起始地址=1476
2026-09-24 17:58:04,584 - RH56DFTP - INFO - 开始设置寄存器: POS_SET(2), 值: 0
2026-09-24 17:58:04,587 - RH56DFTP - INFO - 成功设置寄存器 POS_SET(2): 值=0, 起始地址=1478
2026-09-24 17:58:04,588 - RH56DFTP - INFO - 开始设置寄存器: POS_SET(3), 值: 0
2026-09-24 17:58:04,589 - RH56DFTP - INFO - 成功设置寄存器 POS_SET(3): 值=0, 起始地址=1480
2026-09-24 17:58:04,589 - RH56DFTP - INFO - 开始设置寄存器: POS_SET(4), 值: 0
2026-09-24 17:58:04,592 - RH56DFTP - INFO - 成功设置寄存器 POS_SET(4): 值=0, 起始地址=1482
2026-09-24 17:58:04,592 - RH56DFTP - INFO - 开始设置寄存器: POS_SET(5), 值: 0
2026-09-24 17:58:04,602 - RH56DFTP - INFO - 成功设置寄存器 POS_SET(5): 值=0, 起始地址=1484
2026-09-24 17:58:04,702 - RH56DFTP - INFO - 开始设置寄存器: POS_SET(0), 值: 1
2026-09-24 17:58:04,706 - RH56DFTP - INFO - 成功设置寄存器 POS_SET(0): 值=1, 起始地址=1474
2026-09-24 17:58:04,708 - RH56DFTP - INFO - 开始设置寄存器: POS_SET(1), 值: 0
2026-09-24 17:58:04,710 - RH56DFTP - INFO - 成功设置寄存器 POS_SET(1): 值=0, 起始地址=1476
2026-09-24 17:58:04,710 - RH56DFTP - INFO - 开始设置寄存器: POS_SET(2), 值: 0
2026-09-24 17:58:04,713 - RH56DFTP - INFO - 成功设置寄存器 POS_SET(2): 值=0, 起始地址=1478
2026-09-24 17:58:04,713 - RH56DFTP - INFO - 开始设置寄存器: POS_SET(3), 值: 0
2026-09-24 17:58:04,715 - RH56DFTP - INFO - 成功设置寄存器 POS_SET(3): 值=0, 起始地址=1480
2026-09-24 17:58:04,715 - RH56DFTP - INFO - 开始设置寄存器: POS_SET(4), 值: 0
2026-09-24 17:58:04,726 - RH56DFTP - INFO - 成功设置寄存器 POS_SET(4): 值=0, 起始地址=1482
2026-09-24 17:58:04,728 - RH56DFTP - INFO - 开始设置寄存器: POS_SET(5), 值: 0
2026-09-24 17:58:04,730 - RH56DFTP - INFO - 成功设置寄存器 POS_SET(5): 值=0, 起始地址=1484
2026-09-24 17:58:04,830 - RH56DFTP - INFO - 开始设置寄存器: POS_SET(0), 值: 1
2026-09-24 17:58:04,833 - RH56DFTP - INFO - 成功设置寄存器 POS_SET(0): 值=1, 起始地址=1474
2026-09-24 17:58:04,833 - RH56DFTP - INFO - 开始设置寄存器: POS_SET(1), 值: 0
2026-09-24 17:58:04,834 - RH56DFTP - INFO - 成功设置寄存器 POS_SET(1): 值=0, 起始地址=1476
2026-09-24 17:58:04,835 - RH56DFTP - INFO - 开始设置寄存器: POS_SET(2), 值: 0
2026-09-24 17:58:04,836 - RH56DFTP - INFO - 成功设置寄存器 POS_SET(2): 值=0, 起始地址=1478
2026-09-24 17:58:04,837 - RH56DFTP - INFO - 开始设置寄存器: POS_SET(3), 值: 0
2026-09-24 17:58:04,838 - RH56DFTP - INFO - 成功设置寄存器 POS_SET(3): 值=0, 起始地址=1480
2026-09-24 17:58:04,839 - RH56DFTP - INFO - 开始设置寄存器: POS_SET(4), 值: 0
2026-09-24 17:58:04,850 - RH56DFTP - INFO - 成功设置寄存器 POS_SET(4): 值=0, 起始地址=1482
2026-09-24 17:58:04,850 - RH56DFTP - INFO - 开始设置寄存器: POS_SET(5), 值: 0
2026-09-24 17:58:04,853 - RH56DFTP - INFO - 成功设置寄存器 POS_SET(5): 值=0, 起始地址=1484
2026-09-24 17:58:04,948 - RH56DFTP - INFO - 开始设置寄存器: POS_SET(0), 值: 1
2026-09-24 17:58:04,954 - RH56DFTP - INFO - 成功设置寄存器 POS_SET(0): 值=1, 起始地址=1474
2026-09-24 17:58:04,954 - RH56DFTP - INFO - 开始设置寄存器: POS_SET(1), 值: 0
2026-09-24 17:58:04,956 - RH56DFTP - INFO - 成功设置寄存器 POS_SET(1): 值=0, 起始地址=1476
2026-09-24 17:58:04,956 - RH56DFTP - INFO - 开始设置寄存器: POS_SET(2), 值: 0
2026-09-24 17:58:04,958 - RH56DFTP - INFO - 成功设置寄存器 POS_SET(2): 值=0, 起始地址=1478
2026-09-24 17:58:04,958 - RH56DFTP - INFO - 开始设置寄存器: POS_SET(3), 值: 0
2026-09-24 17:58:04,960 - RH56DFTP - INFO - 成功设置寄存器 POS_SET(3): 值=0, 起始地址=1480
2026-09-24 17:58:04,960 - RH56DFTP - INFO - 开始设置寄存器: POS_SET(4), 值: 0
2026-09-24 17:58:04,962 - RH56DFTP - INFO - 成功设置寄存器 POS_SET(4): 值=0, 起始地址=1482
2026-09-24 17:58:04,963 - RH56DFTP - INFO - 开始设置寄存器: POS_SET(5), 值: 0
2026-09-24 17:58:04,973 - RH56DFTP - INFO - 成功设置寄存器 POS_SET(5): 值=0, 起始地址=1484
2026-09-24 17:58:05,070 - RH56DFTP - INFO - 开始设置寄存器: POS_SET(0), 值: 1
2026-09-24 17:58:05,078 - RH56DFTP - INFO - 成功设置寄存器 POS_SET(0): 值=1, 起始地址=1474
2026-09-24 17:58:05,078 - RH56DFTP - INFO - 开始设置寄存器: POS_SET(1), 值: 0
2026-09-24 17:58:05,080 - RH56DFTP - INFO - 成功设置寄存器 POS_SET(1): 值=0, 起始地址=1476
2026-09-24 17:58:05,080 - RH56DFTP - INFO - 开始设置寄存器: POS_SET(2), 值: 0
2026-09-24 17:58:05,082 - RH56DFTP - INFO - 成功设置寄存器 POS_SET(2): 值=0, 起始地址=1478
2026-09-24 17:58:05,082 - RH56DFTP - INFO - 开始设置寄存器: POS_SET(3), 值: 0
2026-09-24 17:58:05,084 - RH56DFTP - INFO - 成功设置寄存器 POS_SET(3): 值=0, 起始地址=1480
2026-09-24 17:58:05,085 - RH56DFTP - INFO - 开始设置寄存器: POS_SET(4), 值: 0
2026-09-24 17:58:05,086 - RH56DFTP - INFO - 成功设置寄存器 POS_SET(4): 值=0, 起始地址=1482
2026-09-24 17:58:05,087 - RH56DFTP - INFO - 开始设置寄存器: POS_SET(5), 值: 0
2026-09-24 17:58:05,099 - RH56DFTP - INFO - 成功设置寄存器 POS_SET(5): 值=0, 起始地址=1484
2026-09-24 17:58:05,200 - RH56DFTP - INFO - 开始设置寄存器: POS_SET(0), 值: 1
2026-09-24 17:58:05,202 - RH56DFTP - INFO - 成功设置寄存器 POS_SET(0): 值=1, 起始地址=1474
2026-09-24 17:58:05,202 - RH56DFTP - INFO - 开始设置寄存器: POS_SET(1), 值: 0
2026-09-24 17:58:05,204 - RH56DFTP - INFO - 成功设置寄存器 POS_SET(1): 值=0, 起始地址=1476
2026-09-24 17:58:05,204 - RH56DFTP - INFO - 开始设置寄存器: POS_SET(2), 值: 0
2026-09-24 17:58:05,206 - RH56DFTP - INFO - 成功设置寄存器 POS_SET(2): 值=0, 起始地址=1478
2026-09-24 17:58:05,207 - RH56DFTP - INFO - 开始设置寄存器: POS_SET(3), 值: 0
2026-09-24 17:58:05,210 - RH56DFTP - INFO - 成功设置寄存器 POS_SET(3): 值=0, 起始地址=1480
2026-09-24 17:58:05,210 - RH56DFTP - INFO - 开始设置寄存器: POS_SET(4), 值: 0
2026-09-24 17:58:05,212 - RH56DFTP - INFO - 成功设置寄存器 POS_SET(4): 值=0, 起始地址=1482
2026-09-24 17:58:05,212 - RH56DFTP - INFO - 开始设置寄存器: POS_SET(5), 值: 0
2026-09-24 17:58:05,222 - RH56DFTP - INFO - 成功设置寄存器 POS_SET(5): 值=0, 起始地址=1484
2026-09-24 17:58:05,324 - RH56DFTP - INFO - 开始设置寄存器: POS_SET(0), 值: 1
2026-09-24 17:58:05,327 - RH56DFTP - INFO - 成功设置寄存器 POS_SET(0): 值=1, 起始地址=1474
2026-09-24 17:58:05,328 - RH56DFTP - INFO - 开始设置寄存器: POS_SET(1), 值: 0
2026-09-24 17:58:05,329 - RH56DFTP - INFO - 成功设置寄存器 POS_SET(1): 值=0, 起始地址=1476
2026-09-24 17:58:05,329 - RH56DFTP - INFO - 开始设置寄存器: POS_SET(2), 值: 0
2026-09-24 17:58:05,331 - RH56DFTP - INFO - 成功设置寄存器 POS_SET(2): 值=0, 起始地址=1478
2026-09-24 17:58:05,331 - RH56DFTP - INFO - 开始设置寄存器: POS_SET(3), 值: 0
2026-09-24 17:58:05,333 - RH56DFTP - INFO - 成功设置寄存器 POS_SET(3): 值=0, 起始地址=1480
2026-09-24 17:58:05,333 - RH56DFTP - INFO - 开始设置寄存器: POS_SET(4), 值: 0
2026-09-24 17:58:05,335 - RH56DFTP - INFO - 成功设置寄存器 POS_SET(4): 值=0, 起始地址=1482
2026-09-24 17:58:05,335 - RH56DFTP - INFO - 开始设置寄存器: POS_SET(5), 值: 0
2026-09-24 17:58:05,346 - RH56DFTP - INFO - 成功设置寄存器 POS_SET(5): 值=0, 起始地址=1484
2026-09-24 17:58:05,441 - RH56DFTP - INFO - 开始设置寄存器: POS_SET(0), 值: 1
2026-09-24 17:58:05,444 - RH56DFTP - INFO - 成功设置寄存器 POS_SET(0): 值=1, 起始地址=1474
2026-09-24 17:58:05,444 - RH56DFTP - INFO - 开始设置寄存器: POS_SET(1), 值: 0
2026-09-24 17:58:05,450 - RH56DFTP - INFO - 成功设置寄存器 POS_SET(1): 值=0, 起始地址=1476
2026-09-24 17:58:05,450 - RH56DFTP - INFO - 开始设置寄存器: POS_SET(2), 值: 0
2026-09-24 17:58:05,452 - RH56DFTP - INFO - 成功设置寄存器 POS_SET(2): 值=0, 起始地址=1478
2026-09-24 17:58:05,452 - RH56DFTP - INFO - 开始设置寄存器: POS_SET(3), 值: 0
2026-09-24 17:58:05,454 - RH56DFTP - INFO - 成功设置寄存器 POS_SET(3): 值=0, 起始地址=1480
2026-09-24 17:58:05,455 - RH56DFTP - INFO - 开始设置寄存器: POS_SET(4), 值: 0
2026-09-24 17:58:05,457 - RH56DFTP - INFO - 成功设置寄存器 POS_SET(4): 值=0, 起始地址=1482
2026-09-24 17:58:05,457 - RH56DFTP - INFO - 开始设置寄存器: POS_SET(5), 值: 0
2026-09-24 17:58:05,459 - RH56DFTP - INFO - 成功设置寄存器 POS_SET(5): 值=0, 起始地址=1484
2026-09-24 17:58:05,564 - RH56DFTP - INFO - 开始设置寄存器: POS_SET(0), 值: 1
2026-09-24 17:58:05,566 - RH56DFTP - INFO - 成功设置寄存器 POS_SET(0): 值=1, 起始地址=1474
2026-09-24 17:58:05,567 - RH56DFTP - INFO - 开始设置寄存器: POS_SET(1), 值: 0
2026-09-24 17:58:05,575 - RH56DFTP - INFO - 成功设置寄存器 POS_SET(1): 值=0, 起始地址=1476
2026-09-24 17:58:05,575 - RH56DFTP - INFO - 开始设置寄存器: POS_SET(2), 值: 0
2026-09-24 17:58:05,576 - RH56DFTP - INFO - 成功设置寄存器 POS_SET(2): 值=0, 起始地址=1478
2026-09-24 17:58:05,577 - RH56DFTP - INFO - 开始设置寄存器: POS_SET(3), 值: 0
2026-09-24 17:58:05,578 - RH56DFTP - INFO - 成功设置寄存器 POS_SET(3): 值=0, 起始地址=1480
2026-09-24 17:58:05,579 - RH56DFTP - INFO - 开始设置寄存器: POS_SET(4), 值: 0
2026-09-24 17:58:05,580 - RH56DFTP - INFO - 成功设置寄存器 POS_SET(4): 值=0, 起始地址=1482
2026-09-24 17:58:05,580 - RH56DFTP - INFO - 开始设置寄存器: POS_SET(5), 值: 0
2026-09-24 17:58:05,582 - RH56DFTP - INFO - 成功设置寄存器 POS_SET(5): 值=0, 起始地址=1484
2026-09-24 17:58:05,679 - RH56DFTP - INFO - 开始设置寄存器: POS_SET(0), 值: 1
2026-09-24 17:58:05,689 - RH56DFTP - INFO - 成功设置寄存器 POS_SET(0): 值=1, 起始地址=1474
2026-09-24 17:58:05,690 - RH56DFTP - INFO - 开始设置寄存器: POS_SET(1), 值: 0
2026-09-24 17:58:05,691 - RH56DFTP - INFO - 成功设置寄存器 POS_SET(1): 值=0, 起始地址=1476
2026-09-24 17:58:05,692 - RH56DFTP - INFO - 开始设置寄存器: POS_SET(2), 值: 0
2026-09-24 17:58:05,698 - RH56DFTP - INFO - 成功设置寄存器 POS_SET(2): 值=0, 起始地址=1478
2026-09-24 17:58:05,698 - RH56DFTP - INFO - 开始设置寄存器: POS_SET(3), 值: 0
2026-09-24 17:58:05,700 - RH56DFTP - INFO - 成功设置寄存器 POS_SET(3): 值=0, 起始地址=1480
2026-09-24 17:58:05,700 - RH56DFTP - INFO - 开始设置寄存器: POS_SET(4), 值: 0
2026-09-24 17:58:05,702 - RH56DFTP - INFO - 成功设置寄存器 POS_SET(4): 值=0, 起始地址=1482
2026-09-24 17:58:05,702 - RH56DFTP - INFO - 开始设置寄存器: POS_SET(5), 值: 0
2026-09-24 17:58:05,704 - RH56DFTP - INFO - 成功设置寄存器 POS_SET(5): 值=0, 起始地址=1484
2026-09-24 17:58:05,801 - RH56DFTP - INFO - 开始设置寄存器: POS_SET(0), 值: 1
2026-09-24 17:58:05,811 - RH56DFTP - INFO - 成功设置寄存器 POS_SET(0): 值=1, 起始地址=1474
2026-09-24 17:58:05,811 - RH56DFTP - INFO - 开始设置寄存器: POS_SET(1), 值: 0
2026-09-24 17:58:05,813 - RH56DFTP - INFO - 成功设置寄存器 POS_SET(1): 值=0, 起始地址=1476
2026-09-24 17:58:05,813 - RH56DFTP - INFO - 开始设置寄存器: POS_SET(2), 值: 0
2026-09-24 17:58:05,815 - RH56DFTP - INFO - 成功设置寄存器 POS_SET(2): 值=0, 起始地址=1478
2026-09-24 17:58:05,815 - RH56DFTP - INFO - 开始设置寄存器: POS_SET(3), 值: 0
2026-09-24 17:58:05,822 - RH56DFTP - INFO - 成功设置寄存器 POS_SET(3): 值=0, 起始地址=1480
2026-09-24 17:58:05,823 - RH56DFTP - INFO - 开始设置寄存器: POS_SET(4), 值: 0
2026-09-24 17:58:05,824 - RH56DFTP - INFO - 成功设置寄存器 POS_SET(4): 值=0, 起始地址=1482
2026-09-24 17:58:05,824 - RH56DFTP - INFO - 开始设置寄存器: POS_SET(5), 值: 0
2026-09-24 17:58:05,827 - RH56DFTP - INFO - 成功设置寄存器 POS_SET(5): 值=0, 起始地址=1484
2026-09-24 17:58:05,921 - RH56DFTP - INFO - 开始设置寄存器: POS_SET(0), 值: 1
2026-09-24 17:58:05,923 - RH56DFTP - INFO - 成功设置寄存器 POS_SET(0): 值=1, 起始地址=1474
2026-09-24 17:58:05,923 - RH56DFTP - INFO - 开始设置寄存器: POS_SET(1), 值: 0
2026-09-24 17:58:05,934 - RH56DFTP - INFO - 成功设置寄存器 POS_SET(1): 值=0, 起始地址=1476
2026-09-24 17:58:05,934 - RH56DFTP - INFO - 开始设置寄存器: POS_SET(2), 值: 0
2026-09-24 17:58:05,937 - RH56DFTP - INFO - 成功设置寄存器 POS_SET(2): 值=0, 起始地址=1478
2026-09-24 17:58:05,937 - RH56DFTP - INFO - 开始设置寄存器: POS_SET(3), 值: 0
2026-09-24 17:58:05,938 - RH56DFTP - INFO - 成功设置寄存器 POS_SET(3): 值=0, 起始地址=1480
2026-09-24 17:58:05,939 - RH56DFTP - INFO - 开始设置寄存器: POS_SET(4), 值: 0
2026-09-24 17:58:05,947 - RH56DFTP - INFO - 成功设置寄存器 POS_SET(4): 值=0, 起始地址=1482
2026-09-24 17:58:05,948 - RH56DFTP - INFO - 开始设置寄存器: POS_SET(5), 值: 0
2026-09-24 17:58:05,951 - RH56DFTP - INFO - 成功设置寄存器 POS_SET(5): 值=0, 起始地址=1484
2026-09-24 17:58:06,038 - RH56DFTP - INFO - 开始设置寄存器: POS_SET(0), 值: 1
2026-09-24 17:58:06,041 - RH56DFTP - INFO - 成功设置寄存器 POS_SET(0): 值=1, 起始地址=1474
2026-09-24 17:58:06,041 - RH56DFTP - INFO - 开始设置寄存器: POS_SET(1), 值: 0
2026-09-24 17:58:06,043 - RH56DFTP - INFO - 成功设置寄存器 POS_SET(1): 值=0, 起始地址=1476
2026-09-24 17:58:06,043 - RH56DFTP - INFO - 开始设置寄存器: POS_SET(2), 值: 0
2026-09-24 17:58:06,045 - RH56DFTP - INFO - 成功设置寄存器 POS_SET(2): 值=0, 起始地址=1478
2026-09-24 17:58:06,045 - RH56DFTP - INFO - 开始设置寄存器: POS_SET(3), 值: 0
2026-09-24 17:58:06,047 - RH56DFTP - INFO - 成功设置寄存器 POS_SET(3): 值=0, 起始地址=1480
2026-09-24 17:58:06,048 - RH56DFTP - INFO - 开始设置寄存器: POS_SET(4), 值: 0
2026-09-24 17:58:06,058 - RH56DFTP - INFO - 成功设置寄存器 POS_SET(4): 值=0, 起始地址=1482
2026-09-24 17:58:06,058 - RH56DFTP - INFO - 开始设置寄存器: POS_SET(5), 值: 0
2026-09-24 17:58:06,061 - RH56DFTP - INFO - 成功设置寄存器 POS_SET(5): 值=0, 起始地址=1484
2026-09-24 17:58:06,160 - RH56DFTP - INFO - 开始设置寄存器: POS_SET(0), 值: 1
2026-09-24 17:58:06,164 - RH56DFTP - INFO - 成功设置寄存器 POS_SET(0): 值=1, 起始地址=1474
2026-09-24 17:58:06,164 - RH56DFTP - INFO - 开始设置寄存器: POS_SET(1), 值: 0
2026-09-24 17:58:06,166 - RH56DFTP - INFO - 成功设置寄存器 POS_SET(1): 值=0, 起始地址=1476
2026-09-24 17:58:06,167 - RH56DFTP - INFO - 开始设置寄存器: POS_SET(2), 值: 0
2026-09-24 17:58:06,169 - RH56DFTP - INFO - 成功设置寄存器 POS_SET(2): 值=0, 起始地址=1478
2026-09-24 17:58:06,169 - RH56DFTP - INFO - 开始设置寄存器: POS_SET(3), 值: 0
2026-09-24 17:58:06,171 - RH56DFTP - INFO - 成功设置寄存器 POS_SET(3): 值=0, 起始地址=1480
2026-09-24 17:58:06,171 - RH56DFTP - INFO - 开始设置寄存器: POS_SET(4), 值: 0
2026-09-24 17:58:06,182 - RH56DFTP - INFO - 成功设置寄存器 POS_SET(4): 值=0, 起始地址=1482
2026-09-24 17:58:06,182 - RH56DFTP - INFO - 开始设置寄存器: POS_SET(5), 值: 0
2026-09-24 17:58:06,184 - RH56DFTP - INFO - 成功设置寄存器 POS_SET(5): 值=0, 起始地址=1484
2026-09-24 17:58:06,283 - RH56DFTP - INFO - 开始设置寄存器: POS_SET(0), 值: 1
2026-09-24 17:58:06,288 - RH56DFTP - INFO - 成功设置寄存器 POS_SET(0): 值=1, 起始地址=1474
2026-09-24 17:58:06,288 - RH56DFTP - INFO - 开始设置寄存器: POS_SET(1), 值: 0
2026-09-24 17:58:06,290 - RH56DFTP - INFO - 成功设置寄存器 POS_SET(1): 值=0, 起始地址=1476
2026-09-24 17:58:06,290 - RH56DFTP - INFO - 开始设置寄存器: POS_SET(2), 值: 0
2026-09-24 17:58:06,292 - RH56DFTP - INFO - 成功设置寄存器 POS_SET(2): 值=0, 起始地址=1478
2026-09-24 17:58:06,292 - RH56DFTP - INFO - 开始设置寄存器: POS_SET(3), 值: 0
2026-09-24 17:58:06,294 - RH56DFTP - INFO - 成功设置寄存器 POS_SET(3): 值=0, 起始地址=1480
2026-09-24 17:58:06,294 - RH56DFTP - INFO - 开始设置寄存器: POS_SET(4), 值: 0
2026-09-24 17:58:06,296 - RH56DFTP - INFO - 成功设置寄存器 POS_SET(4): 值=0, 起始地址=1482
2026-09-24 17:58:06,296 - RH56DFTP - INFO - 开始设置寄存器: POS_SET(5), 值: 0
2026-09-24 17:58:06,306 - RH56DFTP - INFO - 成功设置寄存器 POS_SET(5): 值=0, 起始地址=1484
2026-09-24 17:58:06,401 - RH56DFTP - INFO - 开始设置寄存器: POS_SET(0), 值: 1
2026-09-24 17:58:06,404 - RH56DFTP - INFO - 成功设置寄存器 POS_SET(0): 值=1, 起始地址=1474
2026-09-24 17:58:06,404 - RH56DFTP - INFO - 开始设置寄存器: POS_SET(1), 值: 0
2026-09-24 17:58:06,411 - RH56DFTP - INFO - 成功设置寄存器 POS_SET(1): 值=0, 起始地址=1476
2026-09-24 17:58:06,412 - RH56DFTP - INFO - 开始设置寄存器: POS_SET(2), 值: 0
2026-09-24 17:58:06,413 - RH56DFTP - INFO - 成功设置寄存器 POS_SET(2): 值=0, 起始地址=1478
2026-09-24 17:58:06,414 - RH56DFTP - INFO - 开始设置寄存器: POS_SET(3), 值: 0
2026-09-24 17:58:06,415 - RH56DFTP - INFO - 成功设置寄存器 POS_SET(3): 值=0, 起始地址=1480
2026-09-24 17:58:06,416 - RH56DFTP - INFO - 开始设置寄存器: POS_SET(4), 值: 0
2026-09-24 17:58:06,417 - RH56DFTP - INFO - 成功设置寄存器 POS_SET(4): 值=0, 起始地址=1482
2026-09-24 17:58:06,417 - RH56DFTP - INFO - 开始设置寄存器: POS_SET(5), 值: 0
2026-09-24 17:58:06,419 - RH56DFTP - INFO - 成功设置寄存器 POS_SET(5): 值=0, 起始地址=1484
2026-09-24 17:58:06,518 - RH56DFTP - INFO - 开始设置寄存器: POS_SET(0), 值: 1
2026-09-24 17:58:06,524 - RH56DFTP - INFO - 成功设置寄存器 POS_SET(0): 值=1, 起始地址=1474
2026-09-24 17:58:06,524 - RH56DFTP - INFO - 开始设置寄存器: POS_SET(1), 值: 0
2026-09-24 17:58:06,525 - RH56DFTP - INFO - 成功设置寄存器 POS_SET(1): 值=0, 起始地址=1476
2026-09-24 17:58:06,526 - RH56DFTP - INFO - 开始设置寄存器: POS_SET(2), 值: 0
2026-09-24 17:58:06,528 - RH56DFTP - INFO - 成功设置寄存器 POS_SET(2): 值=0, 起始地址=1478
2026-09-24 17:58:06,529 - RH56DFTP - INFO - 开始设置寄存器: POS_SET(3), 值: 0
2026-09-24 17:58:06,535 - RH56DFTP - INFO - 成功设置寄存器 POS_SET(3): 值=0, 起始地址=1480
2026-09-24 17:58:06,535 - RH56DFTP - INFO - 开始设置寄存器: POS_SET(4), 值: 0
2026-09-24 17:58:06,537 - RH56DFTP - INFO - 成功设置寄存器 POS_SET(4): 值=0, 起始地址=1482
2026-09-24 17:58:06,537 - RH56DFTP - INFO - 开始设置寄存器: POS_SET(5), 值: 0
2026-09-24 17:58:06,539 - RH56DFTP - INFO - 成功设置寄存器 POS_SET(5): 值=0, 起始地址=1484
2026-09-24 17:58:06,634 - RH56DFTP - INFO - 开始设置寄存器: POS_SET(0), 值: 1
2026-09-24 17:58:06,638 - RH56DFTP - INFO - 成功设置寄存器 POS_SET(0): 值=1, 起始地址=1474
2026-09-24 17:58:06,638 - RH56DFTP - INFO - 开始设置寄存器: POS_SET(1), 值: 0
2026-09-24 17:58:06,648 - RH56DFTP - INFO - 成功设置寄存器 POS_SET(1): 值=0, 起始地址=1476
2026-09-24 17:58:06,648 - RH56DFTP - INFO - 开始设置寄存器: POS_SET(2), 值: 0
2026-09-24 17:58:06,651 - RH56DFTP - INFO - 成功设置寄存器 POS_SET(2): 值=0, 起始地址=1478
2026-09-24 17:58:06,651 - RH56DFTP - INFO - 开始设置寄存器: POS_SET(3), 值: 0
2026-09-24 17:58:06,653 - RH56DFTP - INFO - 成功设置寄存器 POS_SET(3): 值=0, 起始地址=1480
2026-09-24 17:58:06,653 - RH56DFTP - INFO - 开始设置寄存器: POS_SET(4), 值: 0
2026-09-24 17:58:06,660 - RH56DFTP - INFO - 成功设置寄存器 POS_SET(4): 值=0, 起始地址=1482
2026-09-24 17:58:06,660 - RH56DFTP - INFO - 开始设置寄存器: POS_SET(5), 值: 0
2026-09-24 17:58:06,661 - RH56DFTP - INFO - 成功设置寄存器 POS_SET(5): 值=0, 起始地址=1484
2026-09-24 17:58:06,760 - RH56DFTP - INFO - 开始设置寄存器: POS_SET(0), 值: 1
2026-09-24 17:58:06,772 - RH56DFTP - INFO - 成功设置寄存器 POS_SET(0): 值=1, 起始地址=1474
2026-09-24 17:58:06,773 - RH56DFTP - INFO - 开始设置寄存器: POS_SET(1), 值: 0
2026-09-24 17:58:06,775 - RH56DFTP - INFO - 成功设置寄存器 POS_SET(1): 值=0, 起始地址=1476
2026-09-24 17:58:06,775 - RH56DFTP - INFO - 开始设置寄存器: POS_SET(2), 值: 0
2026-09-24 17:58:06,776 - RH56DFTP - INFO - 成功设置寄存器 POS_SET(2): 值=0, 起始地址=1478
2026-09-24 17:58:06,777 - RH56DFTP - INFO - 开始设置寄存器: POS_SET(3), 值: 0
2026-09-24 17:58:06,784 - RH56DFTP - INFO - 成功设置寄存器 POS_SET(3): 值=0, 起始地址=1480
2026-09-24 17:58:06,784 - RH56DFTP - INFO - 开始设置寄存器: POS_SET(4), 值: 0
2026-09-24 17:58:06,786 - RH56DFTP - INFO - 成功设置寄存器 POS_SET(4): 值=0, 起始地址=1482
2026-09-24 17:58:06,788 - RH56DFTP - INFO - 开始设置寄存器: POS_SET(5), 值: 0
2026-09-24 17:58:06,790 - RH56DFTP - INFO - 成功设置寄存器 POS_SET(5): 值=0, 起始地址=1484
2026-09-24 17:58:06,875 - RH56DFTP - INFO - 开始设置寄存器: POS_SET(0), 值: 1
2026-09-24 17:58:06,877 - RH56DFTP - INFO - 成功设置寄存器 POS_SET(0): 值=1, 起始地址=1474
2026-09-24 17:58:06,877 - RH56DFTP - INFO - 开始设置寄存器: POS_SET(1), 值: 0
2026-09-24 17:58:06,879 - RH56DFTP - INFO - 成功设置寄存器 POS_SET(1): 值=0, 起始地址=1476
2026-09-24 17:58:06,879 - RH56DFTP - INFO - 开始设置寄存器: POS_SET(2), 值: 0
2026-09-24 17:58:06,881 - RH56DFTP - INFO - 成功设置寄存器 POS_SET(2): 值=0, 起始地址=1478
2026-09-24 17:58:06,881 - RH56DFTP - INFO - 开始设置寄存器: POS_SET(3), 值: 0
2026-09-24 17:58:06,883 - RH56DFTP - INFO - 成功设置寄存器 POS_SET(3): 值=0, 起始地址=1480
2026-09-24 17:58:06,883 - RH56DFTP - INFO - 开始设置寄存器: POS_SET(4), 值: 0
2026-09-24 17:58:06,885 - RH56DFTP - INFO - 成功设置寄存器 POS_SET(4): 值=0, 起始地址=1482
2026-09-24 17:58:06,885 - RH56DFTP - INFO - 开始设置寄存器: POS_SET(5), 值: 0
2026-09-24 17:58:06,896 - RH56DFTP - INFO - 成功设置寄存器 POS_SET(5): 值=0, 起始地址=1484
2026-09-24 17:58:06,991 - RH56DFTP - INFO - 开始设置寄存器: POS_SET(0), 值: 1
2026-09-24 17:58:06,994 - RH56DFTP - INFO - 成功设置寄存器 POS_SET(0): 值=1, 起始地址=1474
2026-09-24 17:58:06,994 - RH56DFTP - INFO - 开始设置寄存器: POS_SET(1), 值: 0
2026-09-24 17:58:07,000 - RH56DFTP - INFO - 成功设置寄存器 POS_SET(1): 值=0, 起始地址=1476
2026-09-24 17:58:07,001 - RH56DFTP - INFO - 开始设置寄存器: POS_SET(2), 值: 0
2026-09-24 17:58:07,002 - RH56DFTP - INFO - 成功设置寄存器 POS_SET(2): 值=0, 起始地址=1478
2026-09-24 17:58:07,002 - RH56DFTP - INFO - 开始设置寄存器: POS_SET(3), 值: 0
2026-09-24 17:58:07,004 - RH56DFTP - INFO - 成功设置寄存器 POS_SET(3): 值=0, 起始地址=1480
2026-09-24 17:58:07,004 - RH56DFTP - INFO - 开始设置寄存器: POS_SET(4), 值: 0
2026-09-24 17:58:07,007 - RH56DFTP - INFO - 成功设置寄存器 POS_SET(4): 值=0, 起始地址=1482
2026-09-24 17:58:07,008 - RH56DFTP - INFO - 开始设置寄存器: POS_SET(5), 值: 0
2026-09-24 17:58:07,019 - RH56DFTP - INFO - 成功设置寄存器 POS_SET(5): 值=0, 起始地址=1484
2026-09-24 17:58:07,115 - RH56DFTP - INFO - 开始设置寄存器: POS_SET(0), 值: 1
2026-09-24 17:58:07,117 - RH56DFTP - INFO - 成功设置寄存器 POS_SET(0): 值=1, 起始地址=1474
2026-09-24 17:58:07,117 - RH56DFTP - INFO - 开始设置寄存器: POS_SET(1), 值: 0
2026-09-24 17:58:07,124 - RH56DFTP - INFO - 成功设置寄存器 POS_SET(1): 值=0, 起始地址=1476
2026-09-24 17:58:07,124 - RH56DFTP - INFO - 开始设置寄存器: POS_SET(2), 值: 0
2026-09-24 17:58:07,126 - RH56DFTP - INFO - 成功设置寄存器 POS_SET(2): 值=0, 起始地址=1478
2026-09-24 17:58:07,127 - RH56DFTP - INFO - 开始设置寄存器: POS_SET(3), 值: 0
2026-09-24 17:58:07,131 - RH56DFTP - INFO - 成功设置寄存器 POS_SET(3): 值=0, 起始地址=1480
2026-09-24 17:58:07,131 - RH56DFTP - INFO - 开始设置寄存器: POS_SET(4), 值: 0
2026-09-24 17:58:07,133 - RH56DFTP - INFO - 成功设置寄存器 POS_SET(4): 值=0, 起始地址=1482
2026-09-24 17:58:07,133 - RH56DFTP - INFO - 开始设置寄存器: POS_SET(5), 值: 0
2026-09-24 17:58:07,143 - RH56DFTP - INFO - 成功设置寄存器 POS_SET(5): 值=0, 起始地址=1484
2026-09-24 17:58:07,234 - RH56DFTP - INFO - 开始设置寄存器: POS_SET(0), 值: 1
2026-09-24 17:58:07,237 - RH56DFTP - INFO - 成功设置寄存器 POS_SET(0): 值=1, 起始地址=1474
2026-09-24 17:58:07,237 - RH56DFTP - INFO - 开始设置寄存器: POS_SET(1), 值: 0
2026-09-24 17:58:07,239 - RH56DFTP - INFO - 成功设置寄存器 POS_SET(1): 值=0, 起始地址=1476
2026-09-24 17:58:07,239 - RH56DFTP - INFO - 开始设置寄存器: POS_SET(2), 值: 0
2026-09-24 17:58:07,241 - RH56DFTP - INFO - 成功设置寄存器 POS_SET(2): 值=0, 起始地址=1478
2026-09-24 17:58:07,241 - RH56DFTP - INFO - 开始设置寄存器: POS_SET(3), 值: 0
2026-09-24 17:58:07,249 - RH56DFTP - INFO - 成功设置寄存器 POS_SET(3): 值=0, 起始地址=1480
2026-09-24 17:58:07,249 - RH56DFTP - INFO - 开始设置寄存器: POS_SET(4), 值: 0
2026-09-24 17:58:07,251 - RH56DFTP - INFO - 成功设置寄存器 POS_SET(4): 值=0, 起始地址=1482
2026-09-24 17:58:07,251 - RH56DFTP - INFO - 开始设置寄存器: POS_SET(5), 值: 0
2026-09-24 17:58:07,253 - RH56DFTP - INFO - 成功设置寄存器 POS_SET(5): 值=0, 起始地址=1484
2026-09-24 17:58:07,359 - RH56DFTP - INFO - 开始设置寄存器: POS_SET(0), 值: 1
2026-09-24 17:58:07,361 - RH56DFTP - INFO - 成功设置寄存器 POS_SET(0): 值=1, 起始地址=1474
2026-09-24 17:58:07,362 - RH56DFTP - INFO - 开始设置寄存器: POS_SET(1), 值: 0
2026-09-24 17:58:07,363 - RH56DFTP - INFO - 成功设置寄存器 POS_SET(1): 值=0, 起始地址=1476
2026-09-24 17:58:07,364 - RH56DFTP - INFO - 开始设置寄存器: POS_SET(2), 值: 0
2026-09-24 17:58:07,365 - RH56DFTP - INFO - 成功设置寄存器 POS_SET(2): 值=0, 起始地址=1478
2026-09-24 17:58:07,365 - RH56DFTP - INFO - 开始设置寄存器: POS_SET(3), 值: 0
2026-09-24 17:58:07,372 - RH56DFTP - INFO - 成功设置寄存器 POS_SET(3): 值=0, 起始地址=1480
2026-09-24 17:58:07,372 - RH56DFTP - INFO - 开始设置寄存器: POS_SET(4), 值: 0
2026-09-24 17:58:07,375 - RH56DFTP - INFO - 成功设置寄存器 POS_SET(4): 值=0, 起始地址=1482
2026-09-24 17:58:07,375 - RH56DFTP - INFO - 开始设置寄存器: POS_SET(5), 值: 0
2026-09-24 17:58:07,377 - RH56DFTP - INFO - 成功设置寄存器 POS_SET(5): 值=0, 起始地址=1484
2026-09-24 17:58:07,472 - RH56DFTP - INFO - 开始设置寄存器: POS_SET(0), 值: 1
2026-09-24 17:58:07,475 - RH56DFTP - INFO - 成功设置寄存器 POS_SET(0): 值=1, 起始地址=1474
2026-09-24 17:58:07,475 - RH56DFTP - INFO - 开始设置寄存器: POS_SET(1), 值: 0
2026-09-24 17:58:07,485 - RH56DFTP - INFO - 成功设置寄存器 POS_SET(1): 值=0, 起始地址=1476
2026-09-24 17:58:07,485 - RH56DFTP - INFO - 开始设置寄存器: POS_SET(2), 值: 0
2026-09-24 17:58:07,487 - RH56DFTP - INFO - 成功设置寄存器 POS_SET(2): 值=0, 起始地址=1478
2026-09-24 17:58:07,488 - RH56DFTP - INFO - 开始设置寄存器: POS_SET(3), 值: 0
2026-09-24 17:58:07,495 - RH56DFTP - INFO - 成功设置寄存器 POS_SET(3): 值=0, 起始地址=1480
2026-09-24 17:58:07,496 - RH56DFTP - INFO - 开始设置寄存器: POS_SET(4), 值: 0
2026-09-24 17:58:07,498 - RH56DFTP - INFO - 成功设置寄存器 POS_SET(4): 值=0, 起始地址=1482
2026-09-24 17:58:07,498 - RH56DFTP - INFO - 开始设置寄存器: POS_SET(5), 值: 0
2026-09-24 17:58:07,500 - RH56DFTP - INFO - 成功设置寄存器 POS_SET(5): 值=0, 起始地址=1484
2026-09-24 17:58:07,599 - RH56DFTP - INFO - 开始设置寄存器: POS_SET(0), 值: 1
2026-09-24 17:58:07,610 - RH56DFTP - INFO - 成功设置寄存器 POS_SET(0): 值=1, 起始地址=1474
2026-09-24 17:58:07,610 - RH56DFTP - INFO - 开始设置寄存器: POS_SET(1), 值: 0
2026-09-24 17:58:07,612 - RH56DFTP - INFO - 成功设置寄存器 POS_SET(1): 值=0, 起始地址=1476
2026-09-24 17:58:07,612 - RH56DFTP - INFO - 开始设置寄存器: POS_SET(2), 值: 0
2026-09-24 17:58:07,620 - RH56DFTP - INFO - 成功设置寄存器 POS_SET(2): 值=0, 起始地址=1478
2026-09-24 17:58:07,620 - RH56DFTP - INFO - 开始设置寄存器: POS_SET(3), 值: 0
2026-09-24 17:58:07,622 - RH56DFTP - INFO - 成功设置寄存器 POS_SET(3): 值=0, 起始地址=1480
2026-09-24 17:58:07,622 - RH56DFTP - INFO - 开始设置寄存器: POS_SET(4), 值: 0
2026-09-24 17:58:07,624 - RH56DFTP - INFO - 成功设置寄存器 POS_SET(4): 值=0, 起始地址=1482
2026-09-24 17:58:07,624 - RH56DFTP - INFO - 开始设置寄存器: POS_SET(5), 值: 0
2026-09-24 17:58:07,626 - RH56DFTP - INFO - 成功设置寄存器 POS_SET(5): 值=0, 起始地址=1484
2026-09-24 17:58:07,712 - RH56DFTP - INFO - 开始设置寄存器: POS_SET(0), 值: 1
2026-09-24 17:58:07,714 - RH56DFTP - INFO - 成功设置寄存器 POS_SET(0): 值=1, 起始地址=1474
2026-09-24 17:58:07,714 - RH56DFTP - INFO - 开始设置寄存器: POS_SET(1), 值: 0
2026-09-24 17:58:07,716 - RH56DFTP - INFO - 成功设置寄存器 POS_SET(1): 值=0, 起始地址=1476
2026-09-24 17:58:07,716 - RH56DFTP - INFO - 开始设置寄存器: POS_SET(2), 值: 0
2026-09-24 17:58:07,718 - RH56DFTP - INFO - 成功设置寄存器 POS_SET(2): 值=0, 起始地址=1478
2026-09-24 17:58:07,718 - RH56DFTP - INFO - 开始设置寄存器: POS_SET(3), 值: 0
2026-09-24 17:58:07,720 - RH56DFTP - INFO - 成功设置寄存器 POS_SET(3): 值=0, 起始地址=1480
2026-09-24 17:58:07,720 - RH56DFTP - INFO - 开始设置寄存器: POS_SET(4), 值: 0
2026-09-24 17:58:07,723 - RH56DFTP - INFO - 成功设置寄存器 POS_SET(4): 值=0, 起始地址=1482
2026-09-24 17:58:07,725 - RH56DFTP - INFO - 开始设置寄存器: POS_SET(5), 值: 0
2026-09-24 17:58:07,733 - RH56DFTP - INFO - 成功设置寄存器 POS_SET(5): 值=0, 起始地址=1484
2026-09-24 17:58:07,838 - RH56DFTP - INFO - 开始设置寄存器: POS_SET(0), 值: 1
2026-09-24 17:58:07,840 - RH56DFTP - INFO - 成功设置寄存器 POS_SET(0): 值=1, 起始地址=1474
2026-09-24 17:58:07,840 - RH56DFTP - INFO - 开始设置寄存器: POS_SET(1), 值: 0
2026-09-24 17:58:07,842 - RH56DFTP - INFO - 成功设置寄存器 POS_SET(1): 值=0, 起始地址=1476
2026-09-24 17:58:07,842 - RH56DFTP - INFO - 开始设置寄存器: POS_SET(2), 值: 0
2026-09-24 17:58:07,844 - RH56DFTP - INFO - 成功设置寄存器 POS_SET(2): 值=0, 起始地址=1478
2026-09-24 17:58:07,844 - RH56DFTP - INFO - 开始设置寄存器: POS_SET(3), 值: 0
2026-09-24 17:58:07,857 - RH56DFTP - INFO - 成功设置寄存器 POS_SET(3): 值=0, 起始地址=1480
2026-09-24 17:58:07,859 - RH56DFTP - INFO - 开始设置寄存器: POS_SET(4), 值: 0
2026-09-24 17:58:07,869 - RH56DFTP - INFO - 成功设置寄存器 POS_SET(4): 值=0, 起始地址=1482
2026-09-24 17:58:07,869 - RH56DFTP - INFO - 开始设置寄存器: POS_SET(5), 值: 0
2026-09-24 17:58:07,872 - RH56DFTP - INFO - 成功设置寄存器 POS_SET(5): 值=0, 起始地址=1484
2026-09-24 17:58:08,083 - RH56DFTP - INFO - 开始设置寄存器: POS_SET(0), 值: 1
2026-09-24 17:58:08,086 - RH56DFTP - INFO - 成功设置寄存器 POS_SET(0): 值=1, 起始地址=1474
2026-09-24 17:58:08,086 - RH56DFTP - INFO - 开始设置寄存器: POS_SET(1), 值: 0
2026-09-24 17:58:08,090 - RH56DFTP - INFO - 成功设置寄存器 POS_SET(1): 值=0, 起始地址=1476
2026-09-24 17:58:08,090 - RH56DFTP - INFO - 开始设置寄存器: POS_SET(2), 值: 0
2026-09-24 17:58:08,092 - RH56DFTP - INFO - 成功设置寄存器 POS_SET(2): 值=0, 起始地址=1478
2026-09-24 17:58:08,092 - RH56DFTP - INFO - 开始设置寄存器: POS_SET(3), 值: 0
2026-09-24 17:58:08,094 - RH56DFTP - INFO - 成功设置寄存器 POS_SET(3): 值=0, 起始地址=1480
2026-09-24 17:58:08,094 - RH56DFTP - INFO - 开始设置寄存器: POS_SET(4), 值: 0
2026-09-24 17:58:08,105 - RH56DFTP - INFO - 成功设置寄存器 POS_SET(4): 值=0, 起始地址=1482
2026-09-24 17:58:08,105 - RH56DFTP - INFO - 开始设置寄存器: POS_SET(5), 值: 0
2026-09-24 17:58:08,107 - RH56DFTP - INFO - 成功设置寄存器 POS_SET(5): 值=0, 起始地址=1484
2026-09-24 17:58:08,209 - RH56DFTP - INFO - 开始设置寄存器: POS_SET(0), 值: 1
2026-09-24 17:58:08,212 - RH56DFTP - INFO - 成功设置寄存器 POS_SET(0): 值=1, 起始地址=1474
2026-09-24 17:58:08,212 - RH56DFTP - INFO - 开始设置寄存器: POS_SET(1), 值: 0
2026-09-24 17:58:08,214 - RH56DFTP - INFO - 成功设置寄存器 POS_SET(1): 值=0, 起始地址=1476
2026-09-24 17:58:08,214 - RH56DFTP - INFO - 开始设置寄存器: POS_SET(2), 值: 0
2026-09-24 17:58:08,215 - RH56DFTP - INFO - 成功设置寄存器 POS_SET(2): 值=0, 起始地址=1478
2026-09-24 17:58:08,216 - RH56DFTP - INFO - 开始设置寄存器: POS_SET(3), 值: 0
2026-09-24 17:58:08,218 - RH56DFTP - INFO - 成功设置寄存器 POS_SET(3): 值=0, 起始地址=1480
2026-09-24 17:58:08,218 - RH56DFTP - INFO - 开始设置寄存器: POS_SET(4), 值: 0
2026-09-24 17:58:08,229 - RH56DFTP - INFO - 成功设置寄存器 POS_SET(4): 值=0, 起始地址=1482
2026-09-24 17:58:08,229 - RH56DFTP - INFO - 开始设置寄存器: POS_SET(5), 值: 0
2026-09-24 17:58:08,231 - RH56DFTP - INFO - 成功设置寄存器 POS_SET(5): 值=0, 起始地址=1484
2026-09-24 17:58:08,319 - RH56DFTP - INFO - 开始设置寄存器: POS_SET(0), 值: 1
2026-09-24 17:58:08,322 - RH56DFTP - INFO - 成功设置寄存器 POS_SET(0): 值=1, 起始地址=1474
2026-09-24 17:58:08,322 - RH56DFTP - INFO - 开始设置寄存器: POS_SET(1), 值: 0
2026-09-24 17:58:08,324 - RH56DFTP - INFO - 成功设置寄存器 POS_SET(1): 值=0, 起始地址=1476
2026-09-24 17:58:08,324 - RH56DFTP - INFO - 开始设置寄存器: POS_SET(2), 值: 0
2026-09-24 17:58:08,326 - RH56DFTP - INFO - 成功设置寄存器 POS_SET(2): 值=0, 起始地址=1478
2026-09-24 17:58:08,327 - RH56DFTP - INFO - 开始设置寄存器: POS_SET(3), 值: 0
2026-09-24 17:58:08,333 - RH56DFTP - INFO - 成功设置寄存器 POS_SET(3): 值=0, 起始地址=1480
2026-09-24 17:58:08,333 - RH56DFTP - INFO - 开始设置寄存器: POS_SET(4), 值: 0
2026-09-24 17:58:08,335 - RH56DFTP - INFO - 成功设置寄存器 POS_SET(4): 值=0, 起始地址=1482
2026-09-24 17:58:08,335 - RH56DFTP - INFO - 开始设置寄存器: POS_SET(5), 值: 0
2026-09-24 17:58:08,337 - RH56DFTP - INFO - 成功设置寄存器 POS_SET(5): 值=0, 起始地址=1484
2026-09-24 17:58:08,441 - RH56DFTP - INFO - 开始设置寄存器: POS_SET(0), 值: 1
2026-09-24 17:58:08,447 - RH56DFTP - INFO - 成功设置寄存器 POS_SET(0): 值=1, 起始地址=1474
2026-09-24 17:58:08,448 - RH56DFTP - INFO - 开始设置寄存器: POS_SET(1), 值: 0
2026-09-24 17:58:08,449 - RH56DFTP - INFO - 成功设置寄存器 POS_SET(1): 值=0, 起始地址=1476
2026-09-24 17:58:08,449 - RH56DFTP - INFO - 开始设置寄存器: POS_SET(2), 值: 0
2026-09-24 17:58:08,457 - RH56DFTP - INFO - 成功设置寄存器 POS_SET(2): 值=0, 起始地址=1478
2026-09-24 17:58:08,457 - RH56DFTP - INFO - 开始设置寄存器: POS_SET(3), 值: 0
2026-09-24 17:58:08,460 - RH56DFTP - INFO - 成功设置寄存器 POS_SET(3): 值=0, 起始地址=1480
2026-09-24 17:58:08,460 - RH56DFTP - INFO - 开始设置寄存器: POS_SET(4), 值: 0
2026-09-24 17:58:08,462 - RH56DFTP - INFO - 成功设置寄存器 POS_SET(4): 值=0, 起始地址=1482
2026-09-24 17:58:08,462 - RH56DFTP - INFO - 开始设置寄存器: POS_SET(5), 值: 0
2026-09-24 17:58:08,463 - RH56DFTP - INFO - 成功设置寄存器 POS_SET(5): 值=0, 起始地址=1484
2026-09-24 17:58:08,558 - RH56DFTP - INFO - 开始设置寄存器: POS_SET(0), 值: 1
2026-09-24 17:58:08,560 - RH56DFTP - INFO - 成功设置寄存器 POS_SET(0): 值=1, 起始地址=1474
2026-09-24 17:58:08,560 - RH56DFTP - INFO - 开始设置寄存器: POS_SET(1), 值: 0
2026-09-24 17:58:08,570 - RH56DFTP - INFO - 成功设置寄存器 POS_SET(1): 值=0, 起始地址=1476
2026-09-24 17:58:08,571 - RH56DFTP - INFO - 开始设置寄存器: POS_SET(2), 值: 0
2026-09-24 17:58:08,573 - RH56DFTP - INFO - 成功设置寄存器 POS_SET(2): 值=0, 起始地址=1478
2026-09-24 17:58:08,573 - RH56DFTP - INFO - 开始设置寄存器: POS_SET(3), 值: 0
2026-09-24 17:58:08,575 - RH56DFTP - INFO - 成功设置寄存器 POS_SET(3): 值=0, 起始地址=1480
2026-09-24 17:58:08,575 - RH56DFTP - INFO - 开始设置寄存器: POS_SET(4), 值: 0
2026-09-24 17:58:08,581 - RH56DFTP - INFO - 成功设置寄存器 POS_SET(4): 值=0, 起始地址=1482
2026-09-24 17:58:08,582 - RH56DFTP - INFO - 开始设置寄存器: POS_SET(5), 值: 0
2026-09-24 17:58:08,583 - RH56DFTP - INFO - 成功设置寄存器 POS_SET(5): 值=0, 起始地址=1484
2026-09-24 17:58:08,698 - RH56DFTP - INFO - 开始设置寄存器: POS_SET(0), 值: 1
2026-09-24 17:58:08,705 - RH56DFTP - INFO - 成功设置寄存器 POS_SET(0): 值=1, 起始地址=1474
2026-09-24 17:58:08,705 - RH56DFTP - INFO - 开始设置寄存器: POS_SET(1), 值: 0
2026-09-24 17:58:08,707 - RH56DFTP - INFO - 成功设置寄存器 POS_SET(1): 值=0, 起始地址=1476
2026-09-24 17:58:08,707 - RH56DFTP - INFO - 开始设置寄存器: POS_SET(2), 值: 0
2026-09-24 17:58:08,710 - RH56DFTP - INFO - 成功设置寄存器 POS_SET(2): 值=0, 起始地址=1478
2026-09-24 17:58:08,711 - RH56DFTP - INFO - 开始设置寄存器: POS_SET(3), 值: 0
2026-09-24 17:58:08,724 - RH56DFTP - INFO - 成功设置寄存器 POS_SET(3): 值=0, 起始地址=1480
2026-09-24 17:58:08,724 - RH56DFTP - INFO - 开始设置寄存器: POS_SET(4), 值: 0
2026-09-24 17:58:08,727 - RH56DFTP - INFO - 成功设置寄存器 POS_SET(4): 值=0, 起始地址=1482
2026-09-24 17:58:08,729 - RH56DFTP - INFO - 开始设置寄存器: POS_SET(5), 值: 0
2026-09-24 17:58:08,736 - RH56DFTP - INFO - 成功设置寄存器 POS_SET(5): 值=0, 起始地址=1484
2026-09-24 17:58:08,855 - RH56DFTP - INFO - 开始设置寄存器: POS_SET(0), 值: 1
2026-09-24 17:58:08,860 - RH56DFTP - INFO - 成功设置寄存器 POS_SET(0): 值=1, 起始地址=1474
2026-09-24 17:58:08,860 - RH56DFTP - INFO - 开始设置寄存器: POS_SET(1), 值: 0
2026-09-24 17:58:08,862 - RH56DFTP - INFO - 成功设置寄存器 POS_SET(1): 值=0, 起始地址=1476
2026-09-24 17:58:08,862 - RH56DFTP - INFO - 开始设置寄存器: POS_SET(2), 值: 0
2026-09-24 17:58:08,864 - RH56DFTP - INFO - 成功设置寄存器 POS_SET(2): 值=0, 起始地址=1478
2026-09-24 17:58:08,864 - RH56DFTP - INFO - 开始设置寄存器: POS_SET(3), 值: 0
2026-09-24 17:58:08,865 - RH56DFTP - INFO - 成功设置寄存器 POS_SET(3): 值=0, 起始地址=1480
2026-09-24 17:58:08,866 - RH56DFTP - INFO - 开始设置寄存器: POS_SET(4), 值: 0
2026-09-24 17:58:08,869 - RH56DFTP - INFO - 成功设置寄存器 POS_SET(4): 值=0, 起始地址=1482
2026-09-24 17:58:08,869 - RH56DFTP - INFO - 开始设置寄存器: POS_SET(5), 值: 0
2026-09-24 17:58:08,881 - RH56DFTP - INFO - 成功设置寄存器 POS_SET(5): 值=0, 起始地址=1484
2026-09-24 17:58:08,989 - RH56DFTP - INFO - 开始设置寄存器: POS_SET(0), 值: 1
2026-09-24 17:58:08,992 - RH56DFTP - INFO - 成功设置寄存器 POS_SET(0): 值=1, 起始地址=1474
2026-09-24 17:58:08,992 - RH56DFTP - INFO - 开始设置寄存器: POS_SET(1), 值: 0
2026-09-24 17:58:08,994 - RH56DFTP - INFO - 成功设置寄存器 POS_SET(1): 值=0, 起始地址=1476
2026-09-24 17:58:08,994 - RH56DFTP - INFO - 开始设置寄存器: POS_SET(2), 值: 0
2026-09-24 17:58:09,004 - RH56DFTP - INFO - 成功设置寄存器 POS_SET(2): 值=0, 起始地址=1478
2026-09-24 17:58:09,004 - RH56DFTP - INFO - 开始设置寄存器: POS_SET(3), 值: 0
2026-09-24 17:58:09,006 - RH56DFTP - INFO - 成功设置寄存器 POS_SET(3): 值=0, 起始地址=1480
2026-09-24 17:58:09,007 - RH56DFTP - INFO - 开始设置寄存器: POS_SET(4), 值: 0
2026-09-24 17:58:09,015 - RH56DFTP - INFO - 成功设置寄存器 POS_SET(4): 值=0, 起始地址=1482
2026-09-24 17:58:09,015 - RH56DFTP - INFO - 开始设置寄存器: POS_SET(5), 值: 0
2026-09-24 17:58:09,016 - RH56DFTP - INFO - 成功设置寄存器 POS_SET(5): 值=0, 起始地址=1484
2026-09-24 17:58:09,110 - RH56DFTP - INFO - 开始设置寄存器: POS_SET(0), 值: 1
2026-09-24 17:58:09,112 - RH56DFTP - INFO - 成功设置寄存器 POS_SET(0): 值=1, 起始地址=1474
2026-09-24 17:58:09,112 - RH56DFTP - INFO - 开始设置寄存器: POS_SET(1), 值: 0
2026-09-24 17:58:09,113 - RH56DFTP - INFO - 成功设置寄存器 POS_SET(1): 值=0, 起始地址=1476
2026-09-24 17:58:09,113 - RH56DFTP - INFO - 开始设置寄存器: POS_SET(2), 值: 0
2026-09-24 17:58:09,115 - RH56DFTP - INFO - 成功设置寄存器 POS_SET(2): 值=0, 起始地址=1478
2026-09-24 17:58:09,115 - RH56DFTP - INFO - 开始设置寄存器: POS_SET(3), 值: 0
2026-09-24 17:58:09,117 - RH56DFTP - INFO - 成功设置寄存器 POS_SET(3): 值=0, 起始地址=1480
2026-09-24 17:58:09,117 - RH56DFTP - INFO - 开始设置寄存器: POS_SET(4), 值: 0
2026-09-24 17:58:09,128 - RH56DFTP - INFO - 成功设置寄存器 POS_SET(4): 值=0, 起始地址=1482
2026-09-24 17:58:09,128 - RH56DFTP - INFO - 开始设置寄存器: POS_SET(5), 值: 0
2026-09-24 17:58:09,130 - RH56DFTP - INFO - 成功设置寄存器 POS_SET(5): 值=0, 起始地址=1484
2026-09-24 17:58:09,222 - RH56DFTP - INFO - 开始设置寄存器: POS_SET(0), 值: 1
2026-09-24 17:58:09,224 - RH56DFTP - INFO - 成功设置寄存器 POS_SET(0): 值=1, 起始地址=1474
2026-09-24 17:58:09,224 - RH56DFTP - INFO - 开始设置寄存器: POS_SET(1), 值: 0
2026-09-24 17:58:09,225 - RH56DFTP - INFO - 成功设置寄存器 POS_SET(1): 值=0, 起始地址=1476
2026-09-24 17:58:09,225 - RH56DFTP - INFO - 开始设置寄存器: POS_SET(2), 值: 0
2026-09-24 17:58:09,232 - RH56DFTP - INFO - 成功设置寄存器 POS_SET(2): 值=0, 起始地址=1478
2026-09-24 17:58:09,232 - RH56DFTP - INFO - 开始设置寄存器: POS_SET(3), 值: 0
2026-09-24 17:58:09,234 - RH56DFTP - INFO - 成功设置寄存器 POS_SET(3): 值=0, 起始地址=1480
2026-09-24 17:58:09,235 - RH56DFTP - INFO - 开始设置寄存器: POS_SET(4), 值: 0
2026-09-24 17:58:09,238 - RH56DFTP - INFO - 成功设置寄存器 POS_SET(4): 值=0, 起始地址=1482
2026-09-24 17:58:09,238 - RH56DFTP - INFO - 开始设置寄存器: POS_SET(5), 值: 0
2026-09-24 17:58:09,240 - RH56DFTP - INFO - 成功设置寄存器 POS_SET(5): 值=0, 起始地址=1484
2026-09-24 17:58:09,332 - RH56DFTP - INFO - 开始设置寄存器: POS_SET(0), 值: 1
2026-09-24 17:58:09,335 - RH56DFTP - INFO - 成功设置寄存器 POS_SET(0): 值=1, 起始地址=1474
2026-09-24 17:58:09,335 - RH56DFTP - INFO - 开始设置寄存器: POS_SET(1), 值: 0
2026-09-24 17:58:09,346 - RH56DFTP - INFO - 成功设置寄存器 POS_SET(1): 值=0, 起始地址=1476
2026-09-24 17:58:09,347 - RH56DFTP - INFO - 开始设置寄存器: POS_SET(2), 值: 0
2026-09-24 17:58:09,349 - RH56DFTP - INFO - 成功设置寄存器 POS_SET(2): 值=0, 起始地址=1478
2026-09-24 17:58:09,349 - RH56DFTP - INFO - 开始设置寄存器: POS_SET(3), 值: 0
2026-09-24 17:58:09,356 - RH56DFTP - INFO - 成功设置寄存器 POS_SET(3): 值=0, 起始地址=1480
2026-09-24 17:58:09,356 - RH56DFTP - INFO - 开始设置寄存器: POS_SET(4), 值: 0
2026-09-24 17:58:09,357 - RH56DFTP - INFO - 成功设置寄存器 POS_SET(4): 值=0, 起始地址=1482
2026-09-24 17:58:09,358 - RH56DFTP - INFO - 开始设置寄存器: POS_SET(5), 值: 0
2026-09-24 17:58:09,359 - RH56DFTP - INFO - 成功设置寄存器 POS_SET(5): 值=0, 起始地址=1484
2026-09-24 17:58:09,455 - RH56DFTP - INFO - 开始设置寄存器: POS_SET(0), 值: 1
2026-09-24 17:58:09,457 - RH56DFTP - INFO - 成功设置寄存器 POS_SET(0): 值=1, 起始地址=1474
2026-09-24 17:58:09,457 - RH56DFTP - INFO - 开始设置寄存器: POS_SET(1), 值: 0
2026-09-24 17:58:09,469 - RH56DFTP - INFO - 成功设置寄存器 POS_SET(1): 值=0, 起始地址=1476
2026-09-24 17:58:09,469 - RH56DFTP - INFO - 开始设置寄存器: POS_SET(2), 值: 0
2026-09-24 17:58:09,470 - RH56DFTP - INFO - 成功设置寄存器 POS_SET(2): 值=0, 起始地址=1478
2026-09-24 17:58:09,471 - RH56DFTP - INFO - 开始设置寄存器: POS_SET(3), 值: 0
2026-09-24 17:58:09,472 - RH56DFTP - INFO - 成功设置寄存器 POS_SET(3): 值=0, 起始地址=1480
2026-09-24 17:58:09,473 - RH56DFTP - INFO - 开始设置寄存器: POS_SET(4), 值: 0
2026-09-24 17:58:09,479 - RH56DFTP - INFO - 成功设置寄存器 POS_SET(4): 值=0, 起始地址=1482
2026-09-24 17:58:09,479 - RH56DFTP - INFO - 开始设置寄存器: POS_SET(5), 值: 0
2026-09-24 17:58:09,481 - RH56DFTP - INFO - 成功设置寄存器 POS_SET(5): 值=0, 起始地址=1484
2026-09-24 17:58:09,572 - RH56DFTP - INFO - 开始设置寄存器: POS_SET(0), 值: 1
2026-09-24 17:58:09,575 - RH56DFTP - INFO - 成功设置寄存器 POS_SET(0): 值=1, 起始地址=1474
2026-09-24 17:58:09,575 - RH56DFTP - INFO - 开始设置寄存器: POS_SET(1), 值: 0
2026-09-24 17:58:09,577 - RH56DFTP - INFO - 成功设置寄存器 POS_SET(1): 值=0, 起始地址=1476
2026-09-24 17:58:09,577 - RH56DFTP - INFO - 开始设置寄存器: POS_SET(2), 值: 0
2026-09-24 17:58:09,579 - RH56DFTP - INFO - 成功设置寄存器 POS_SET(2): 值=0, 起始地址=1478
2026-09-24 17:58:09,579 - RH56DFTP - INFO - 开始设置寄存器: POS_SET(3), 值: 0
2026-09-24 17:58:09,581 - RH56DFTP - INFO - 成功设置寄存器 POS_SET(3): 值=0, 起始地址=1480
2026-09-24 17:58:09,581 - RH56DFTP - INFO - 开始设置寄存器: POS_SET(4), 值: 0
2026-09-24 17:58:09,583 - RH56DFTP - INFO - 成功设置寄存器 POS_SET(4): 值=0, 起始地址=1482
2026-09-24 17:58:09,583 - RH56DFTP - INFO - 开始设置寄存器: POS_SET(5), 值: 0
2026-09-24 17:58:09,593 - RH56DFTP - INFO - 成功设置寄存器 POS_SET(5): 值=0, 起始地址=1484
2026-09-24 17:58:09,689 - RH56DFTP - INFO - 开始设置寄存器: POS_SET(0), 值: 1
2026-09-24 17:58:09,697 - RH56DFTP - INFO - 成功设置寄存器 POS_SET(0): 值=1, 起始地址=1474
2026-09-24 17:58:09,697 - RH56DFTP - INFO - 开始设置寄存器: POS_SET(1), 值: 0
2026-09-24 17:58:09,699 - RH56DFTP - INFO - 成功设置寄存器 POS_SET(1): 值=0, 起始地址=1476
2026-09-24 17:58:09,699 - RH56DFTP - INFO - 开始设置寄存器: POS_SET(2), 值: 0
2026-09-24 17:58:09,700 - RH56DFTP - INFO - 成功设置寄存器 POS_SET(2): 值=0, 起始地址=1478
2026-09-24 17:58:09,701 - RH56DFTP - INFO - 开始设置寄存器: POS_SET(3), 值: 0
2026-09-24 17:58:09,703 - RH56DFTP - INFO - 成功设置寄存器 POS_SET(3): 值=0, 起始地址=1480
2026-09-24 17:58:09,704 - RH56DFTP - INFO - 开始设置寄存器: POS_SET(4), 值: 0
2026-09-24 17:58:09,705 - RH56DFTP - INFO - 成功设置寄存器 POS_SET(4): 值=0, 起始地址=1482
2026-09-24 17:58:09,705 - RH56DFTP - INFO - 开始设置寄存器: POS_SET(5), 值: 0
2026-09-24 17:58:09,716 - RH56DFTP - INFO - 成功设置寄存器 POS_SET(5): 值=0, 起始地址=1484
2026-09-24 17:58:09,819 - RH56DFTP - INFO - 开始设置寄存器: POS_SET(0), 值: 1
2026-09-24 17:58:09,821 - RH56DFTP - INFO - 成功设置寄存器 POS_SET(0): 值=1, 起始地址=1474
2026-09-24 17:58:09,821 - RH56DFTP - INFO - 开始设置寄存器: POS_SET(1), 值: 0
2026-09-24 17:58:09,823 - RH56DFTP - INFO - 成功设置寄存器 POS_SET(1): 值=0, 起始地址=1476
2026-09-24 17:58:09,823 - RH56DFTP - INFO - 开始设置寄存器: POS_SET(2), 值: 0
2026-09-24 17:58:09,825 - RH56DFTP - INFO - 成功设置寄存器 POS_SET(2): 值=0, 起始地址=1478
2026-09-24 17:58:09,825 - RH56DFTP - INFO - 开始设置寄存器: POS_SET(3), 值: 0
2026-09-24 17:58:09,827 - RH56DFTP - INFO - 成功设置寄存器 POS_SET(3): 值=0, 起始地址=1480
2026-09-24 17:58:09,827 - RH56DFTP - INFO - 开始设置寄存器: POS_SET(4), 值: 0
2026-09-24 17:58:09,830 - RH56DFTP - INFO - 成功设置寄存器 POS_SET(4): 值=0, 起始地址=1482
2026-09-24 17:58:09,830 - RH56DFTP - INFO - 开始设置寄存器: POS_SET(5), 值: 0
2026-09-24 17:58:09,840 - RH56DFTP - INFO - 成功设置寄存器 POS_SET(5): 值=0, 起始地址=1484
2026-09-24 17:58:09,936 - RH56DFTP - INFO - 开始设置寄存器: POS_SET(0), 值: 1
2026-09-24 17:58:09,938 - RH56DFTP - INFO - 成功设置寄存器 POS_SET(0): 值=1, 起始地址=1474
2026-09-24 17:58:09,938 - RH56DFTP - INFO - 开始设置寄存器: POS_SET(1), 值: 0
2026-09-24 17:58:09,946 - RH56DFTP - INFO - 成功设置寄存器 POS_SET(1): 值=0, 起始地址=1476
2026-09-24 17:58:09,947 - RH56DFTP - INFO - 开始设置寄存器: POS_SET(2), 值: 0
2026-09-24 17:58:09,950 - RH56DFTP - INFO - 成功设置寄存器 POS_SET(2): 值=0, 起始地址=1478
2026-09-24 17:58:09,950 - RH56DFTP - INFO - 开始设置寄存器: POS_SET(3), 值: 0
2026-09-24 17:58:09,952 - RH56DFTP - INFO - 成功设置寄存器 POS_SET(3): 值=0, 起始地址=1480
2026-09-24 17:58:09,952 - RH56DFTP - INFO - 开始设置寄存器: POS_SET(4), 值: 0
2026-09-24 17:58:09,954 - RH56DFTP - INFO - 成功设置寄存器 POS_SET(4): 值=0, 起始地址=1482
2026-09-24 17:58:09,954 - RH56DFTP - INFO - 开始设置寄存器: POS_SET(5), 值: 0
2026-09-24 17:58:09,965 - RH56DFTP - INFO - 成功设置寄存器 POS_SET(5): 值=0, 起始地址=1484
2026-09-24 17:58:10,052 - RH56DFTP - INFO - 开始设置寄存器: POS_SET(0), 值: 1
2026-09-24 17:58:10,058 - RH56DFTP - INFO - 成功设置寄存器 POS_SET(0): 值=1, 起始地址=1474
2026-09-24 17:58:10,058 - RH56DFTP - INFO - 开始设置寄存器: POS_SET(1), 值: 0
2026-09-24 17:58:10,060 - RH56DFTP - INFO - 成功设置寄存器 POS_SET(1): 值=0, 起始地址=1476
2026-09-24 17:58:10,060 - RH56DFTP - INFO - 开始设置寄存器: POS_SET(2), 值: 0
2026-09-24 17:58:10,062 - RH56DFTP - INFO - 成功设置寄存器 POS_SET(2): 值=0, 起始地址=1478
2026-09-24 17:58:10,062 - RH56DFTP - INFO - 开始设置寄存器: POS_SET(3), 值: 0
2026-09-24 17:58:10,068 - RH56DFTP - INFO - 成功设置寄存器 POS_SET(3): 值=0, 起始地址=1480
2026-09-24 17:58:10,068 - RH56DFTP - INFO - 开始设置寄存器: POS_SET(4), 值: 0
2026-09-24 17:58:10,070 - RH56DFTP - INFO - 成功设置寄存器 POS_SET(4): 值=0, 起始地址=1482
2026-09-24 17:58:10,070 - RH56DFTP - INFO - 开始设置寄存器: POS_SET(5), 值: 0
2026-09-24 17:58:10,072 - RH56DFTP - INFO - 成功设置寄存器 POS_SET(5): 值=0, 起始地址=1484
2026-09-24 17:58:10,160 - RH56DFTP - INFO - 开始设置寄存器: POS_SET(0), 值: 1
2026-09-24 17:58:10,163 - RH56DFTP - INFO - 成功设置寄存器 POS_SET(0): 值=1, 起始地址=1474
2026-09-24 17:58:10,163 - RH56DFTP - INFO - 开始设置寄存器: POS_SET(1), 值: 0
2026-09-24 17:58:10,165 - RH56DFTP - INFO - 成功设置寄存器 POS_SET(1): 值=0, 起始地址=1476
2026-09-24 17:58:10,165 - RH56DFTP - INFO - 开始设置寄存器: POS_SET(2), 值: 0
2026-09-24 17:58:10,167 - RH56DFTP - INFO - 成功设置寄存器 POS_SET(2): 值=0, 起始地址=1478
2026-09-24 17:58:10,167 - RH56DFTP - INFO - 开始设置寄存器: POS_SET(3), 值: 0
2026-09-24 17:58:10,170 - RH56DFTP - INFO - 成功设置寄存器 POS_SET(3): 值=0, 起始地址=1480
2026-09-24 17:58:10,170 - RH56DFTP - INFO - 开始设置寄存器: POS_SET(4), 值: 0
2026-09-24 17:58:10,172 - RH56DFTP - INFO - 成功设置寄存器 POS_SET(4): 值=0, 起始地址=1482
2026-09-24 17:58:10,172 - RH56DFTP - INFO - 开始设置寄存器: POS_SET(5), 值: 0
2026-09-24 17:58:10,182 - RH56DFTP - INFO - 成功设置寄存器 POS_SET(5): 值=0, 起始地址=1484
2026-09-24 17:58:10,279 - RH56DFTP - INFO - 开始设置寄存器: POS_SET(0), 值: 1
2026-09-24 17:58:10,286 - RH56DFTP - INFO - 成功设置寄存器 POS_SET(0): 值=1, 起始地址=1474
2026-09-24 17:58:10,287 - RH56DFTP - INFO - 开始设置寄存器: POS_SET(1), 值: 0
2026-09-24 17:58:10,289 - RH56DFTP - INFO - 成功设置寄存器 POS_SET(1): 值=0, 起始地址=1476
2026-09-24 17:58:10,290 - RH56DFTP - INFO - 开始设置寄存器: POS_SET(2), 值: 0
2026-09-24 17:58:10,291 - RH56DFTP - INFO - 成功设置寄存器 POS_SET(2): 值=0, 起始地址=1478
2026-09-24 17:58:10,292 - RH56DFTP - INFO - 开始设置寄存器: POS_SET(3), 值: 0
2026-09-24 17:58:10,294 - RH56DFTP - INFO - 成功设置寄存器 POS_SET(3): 值=0, 起始地址=1480
2026-09-24 17:58:10,294 - RH56DFTP - INFO - 开始设置寄存器: POS_SET(4), 值: 0
2026-09-24 17:58:10,305 - RH56DFTP - INFO - 成功设置寄存器 POS_SET(4): 值=0, 起始地址=1482
2026-09-24 17:58:10,306 - RH56DFTP - INFO - 开始设置寄存器: POS_SET(5), 值: 0
2026-09-24 17:58:10,311 - RH56DFTP - INFO - 成功设置寄存器 POS_SET(5): 值=0, 起始地址=1484
2026-09-24 17:58:10,395 - RH56DFTP - INFO - 开始设置寄存器: POS_SET(0), 值: 1
2026-09-24 17:58:10,399 - RH56DFTP - INFO - 成功设置寄存器 POS_SET(0): 值=1, 起始地址=1474
2026-09-24 17:58:10,399 - RH56DFTP - INFO - 开始设置寄存器: POS_SET(1), 值: 0
2026-09-24 17:58:10,401 - RH56DFTP - INFO - 成功设置寄存器 POS_SET(1): 值=0, 起始地址=1476
2026-09-24 17:58:10,401 - RH56DFTP - INFO - 开始设置寄存器: POS_SET(2), 值: 0
2026-09-24 17:58:10,403 - RH56DFTP - INFO - 成功设置寄存器 POS_SET(2): 值=0, 起始地址=1478
2026-09-24 17:58:10,403 - RH56DFTP - INFO - 开始设置寄存器: POS_SET(3), 值: 0
2026-09-24 17:58:10,409 - RH56DFTP - INFO - 成功设置寄存器 POS_SET(3): 值=0, 起始地址=1480
2026-09-24 17:58:10,409 - RH56DFTP - INFO - 开始设置寄存器: POS_SET(4), 值: 0
2026-09-24 17:58:10,411 - RH56DFTP - INFO - 成功设置寄存器 POS_SET(4): 值=0, 起始地址=1482
2026-09-24 17:58:10,411 - RH56DFTP - INFO - 开始设置寄存器: POS_SET(5), 值: 0
2026-09-24 17:58:10,413 - RH56DFTP - INFO - 成功设置寄存器 POS_SET(5): 值=0, 起始地址=1484
2026-09-24 17:58:10,501 - RH56DFTP - INFO - 开始设置寄存器: POS_SET(0), 值: 1
2026-09-24 17:58:10,503 - RH56DFTP - INFO - 成功设置寄存器 POS_SET(0): 值=1, 起始地址=1474
2026-09-24 17:58:10,503 - RH56DFTP - INFO - 开始设置寄存器: POS_SET(1), 值: 0
2026-09-24 17:58:10,505 - RH56DFTP - INFO - 成功设置寄存器 POS_SET(1): 值=0, 起始地址=1476
2026-09-24 17:58:10,505 - RH56DFTP - INFO - 开始设置寄存器: POS_SET(2), 值: 0
2026-09-24 17:58:10,508 - RH56DFTP - INFO - 成功设置寄存器 POS_SET(2): 值=0, 起始地址=1478
2026-09-24 17:58:10,508 - RH56DFTP - INFO - 开始设置寄存器: POS_SET(3), 值: 0
2026-09-24 17:58:10,510 - RH56DFTP - INFO - 成功设置寄存器 POS_SET(3): 值=0, 起始地址=1480
2026-09-24 17:58:10,510 - RH56DFTP - INFO - 开始设置寄存器: POS_SET(4), 值: 0
2026-09-24 17:58:10,512 - RH56DFTP - INFO - 成功设置寄存器 POS_SET(4): 值=0, 起始地址=1482
2026-09-24 17:58:10,512 - RH56DFTP - INFO - 开始设置寄存器: POS_SET(5), 值: 0
2026-09-24 17:58:10,523 - RH56DFTP - INFO - 成功设置寄存器 POS_SET(5): 值=0, 起始地址=1484
2026-09-24 17:58:10,614 - RH56DFTP - INFO - 开始设置寄存器: POS_SET(0), 值: 1
2026-09-24 17:58:10,616 - RH56DFTP - INFO - 成功设置寄存器 POS_SET(0): 值=1, 起始地址=1474
2026-09-24 17:58:10,616 - RH56DFTP - INFO - 开始设置寄存器: POS_SET(1), 值: 0
2026-09-24 17:58:10,618 - RH56DFTP - INFO - 成功设置寄存器 POS_SET(1): 值=0, 起始地址=1476
2026-09-24 17:58:10,618 - RH56DFTP - INFO - 开始设置寄存器: POS_SET(2), 值: 0
2026-09-24 17:58:10,620 - RH56DFTP - INFO - 成功设置寄存器 POS_SET(2): 值=0, 起始地址=1478
2026-09-24 17:58:10,620 - RH56DFTP - INFO - 开始设置寄存器: POS_SET(3), 值: 0
2026-09-24 17:58:10,628 - RH56DFTP - INFO - 成功设置寄存器 POS_SET(3): 值=0, 起始地址=1480
2026-09-24 17:58:10,628 - RH56DFTP - INFO - 开始设置寄存器: POS_SET(4), 值: 0
2026-09-24 17:58:10,631 - RH56DFTP - INFO - 成功设置寄存器 POS_SET(4): 值=0, 起始地址=1482
2026-09-24 17:58:10,631 - RH56DFTP - INFO - 开始设置寄存器: POS_SET(5), 值: 0
2026-09-24 17:58:10,632 - RH56DFTP - INFO - 成功设置寄存器 POS_SET(5): 值=0, 起始地址=1484
2026-09-24 17:58:10,728 - RH56DFTP - INFO - 开始设置寄存器: POS_SET(0), 值: 1
2026-09-24 17:58:10,739 - RH56DFTP - INFO - 成功设置寄存器 POS_SET(0): 值=1, 起始地址=1474
2026-09-24 17:58:10,740 - RH56DFTP - INFO - 开始设置寄存器: POS_SET(1), 值: 0
2026-09-24 17:58:10,742 - RH56DFTP - INFO - 成功设置寄存器 POS_SET(1): 值=0, 起始地址=1476
2026-09-24 17:58:10,742 - RH56DFTP - INFO - 开始设置寄存器: POS_SET(2), 值: 0
2026-09-24 17:58:10,744 - RH56DFTP - INFO - 成功设置寄存器 POS_SET(2): 值=0, 起始地址=1478
2026-09-24 17:58:10,744 - RH56DFTP - INFO - 开始设置寄存器: POS_SET(3), 值: 0
2026-09-24 17:58:10,750 - RH56DFTP - INFO - 成功设置寄存器 POS_SET(3): 值=0, 起始地址=1480
2026-09-24 17:58:10,750 - RH56DFTP - INFO - 开始设置寄存器: POS_SET(4), 值: 0
2026-09-24 17:58:10,752 - RH56DFTP - INFO - 成功设置寄存器 POS_SET(4): 值=0, 起始地址=1482
2026-09-24 17:58:10,752 - RH56DFTP - INFO - 开始设置寄存器: POS_SET(5), 值: 0
2026-09-24 17:58:10,755 - RH56DFTP - INFO - 成功设置寄存器 POS_SET(5): 值=0, 起始地址=1484
2026-09-24 17:58:10,843 - RH56DFTP - INFO - 开始设置寄存器: POS_SET(0), 值: 1
2026-09-24 17:58:10,847 - RH56DFTP - INFO - 成功设置寄存器 POS_SET(0): 值=1, 起始地址=1474
2026-09-24 17:58:10,848 - RH56DFTP - INFO - 开始设置寄存器: POS_SET(1), 值: 0
2026-09-24 17:58:10,850 - RH56DFTP - INFO - 成功设置寄存器 POS_SET(1): 值=0, 起始地址=1476
2026-09-24 17:58:10,850 - RH56DFTP - INFO - 开始设置寄存器: POS_SET(2), 值: 0
2026-09-24 17:58:10,852 - RH56DFTP - INFO - 成功设置寄存器 POS_SET(2): 值=0, 起始地址=1478
2026-09-24 17:58:10,852 - RH56DFTP - INFO - 开始设置寄存器: POS_SET(3), 值: 0
2026-09-24 17:58:10,854 - RH56DFTP - INFO - 成功设置寄存器 POS_SET(3): 值=0, 起始地址=1480
2026-09-24 17:58:10,854 - RH56DFTP - INFO - 开始设置寄存器: POS_SET(4), 值: 0
2026-09-24 17:58:10,864 - RH56DFTP - INFO - 成功设置寄存器 POS_SET(4): 值=0, 起始地址=1482
2026-09-24 17:58:10,864 - RH56DFTP - INFO - 开始设置寄存器: POS_SET(5), 值: 0
2026-09-24 17:58:10,866 - RH56DFTP - INFO - 成功设置寄存器 POS_SET(5): 值=0, 起始地址=1484
2026-09-24 17:58:10,961 - RH56DFTP - INFO - 开始设置寄存器: POS_SET(0), 值: 1
2026-09-24 17:58:10,969 - RH56DFTP - INFO - 成功设置寄存器 POS_SET(0): 值=1, 起始地址=1474
2026-09-24 17:58:10,969 - RH56DFTP - INFO - 开始设置寄存器: POS_SET(1), 值: 0
2026-09-24 17:58:10,971 - RH56DFTP - INFO - 成功设置寄存器 POS_SET(1): 值=0, 起始地址=1476
2026-09-24 17:58:10,971 - RH56DFTP - INFO - 开始设置寄存器: POS_SET(2), 值: 0
2026-09-24 17:58:10,973 - RH56DFTP - INFO - 成功设置寄存器 POS_SET(2): 值=0, 起始地址=1478
2026-09-24 17:58:10,973 - RH56DFTP - INFO - 开始设置寄存器: POS_SET(3), 值: 0
2026-09-24 17:58:10,975 - RH56DFTP - INFO - 成功设置寄存器 POS_SET(3): 值=0, 起始地址=1480
2026-09-24 17:58:10,976 - RH56DFTP - INFO - 开始设置寄存器: POS_SET(4), 值: 0
2026-09-24 17:58:10,977 - RH56DFTP - INFO - 成功设置寄存器 POS_SET(4): 值=0, 起始地址=1482
2026-09-24 17:58:10,977 - RH56DFTP - INFO - 开始设置寄存器: POS_SET(5), 值: 0
2026-09-24 17:58:10,989 - RH56DFTP - INFO - 成功设置寄存器 POS_SET(5): 值=0, 起始地址=1484
2026-09-24 17:58:11,082 - RH56DFTP - INFO - 开始设置寄存器: POS_SET(0), 值: 1
2026-09-24 17:58:11,083 - RH56DFTP - INFO - 成功设置寄存器 POS_SET(0): 值=1, 起始地址=1474
2026-09-24 17:58:11,084 - RH56DFTP - INFO - 开始设置寄存器: POS_SET(1), 值: 0
2026-09-24 17:58:11,085 - RH56DFTP - INFO - 成功设置寄存器 POS_SET(1): 值=0, 起始地址=1476
2026-09-24 17:58:11,085 - RH56DFTP - INFO - 开始设置寄存器: POS_SET(2), 值: 0
2026-09-24 17:58:11,092 - RH56DFTP - INFO - 成功设置寄存器 POS_SET(2): 值=0, 起始地址=1478
2026-09-24 17:58:11,092 - RH56DFTP - INFO - 开始设置寄存器: POS_SET(3), 值: 0
2026-09-24 17:58:11,094 - RH56DFTP - INFO - 成功设置寄存器 POS_SET(3): 值=0, 起始地址=1480
2026-09-24 17:58:11,094 - RH56DFTP - INFO - 开始设置寄存器: POS_SET(4), 值: 0
2026-09-24 17:58:11,096 - RH56DFTP - INFO - 成功设置寄存器 POS_SET(4): 值=0, 起始地址=1482
2026-09-24 17:58:11,096 - RH56DFTP - INFO - 开始设置寄存器: POS_SET(5), 值: 0
2026-09-24 17:58:11,098 - RH56DFTP - INFO - 成功设置寄存器 POS_SET(5): 值=0, 起始地址=1484
2026-09-24 17:58:11,192 - RH56DFTP - INFO - 开始设置寄存器: POS_SET(0), 值: 1
2026-09-24 17:58:11,204 - RH56DFTP - INFO - 成功设置寄存器 POS_SET(0): 值=1, 起始地址=1474
2026-09-24 17:58:11,204 - RH56DFTP - INFO - 开始设置寄存器: POS_SET(1), 值: 0
2026-09-24 17:58:11,207 - RH56DFTP - INFO - 成功设置寄存器 POS_SET(1): 值=0, 起始地址=1476
2026-09-24 17:58:11,210 - RH56DFTP - INFO - 开始设置寄存器: POS_SET(2), 值: 0
2026-09-24 17:58:11,217 - RH56DFTP - INFO - 成功设置寄存器 POS_SET(2): 值=0, 起始地址=1478
2026-09-24 17:58:11,217 - RH56DFTP - INFO - 开始设置寄存器: POS_SET(3), 值: 0
2026-09-24 17:58:11,221 - RH56DFTP - INFO - 成功设置寄存器 POS_SET(3): 值=0, 起始地址=1480
2026-09-24 17:58:11,221 - RH56DFTP - INFO - 开始设置寄存器: POS_SET(4), 值: 0
2026-09-24 17:58:11,226 - RH56DFTP - INFO - 成功设置寄存器 POS_SET(4): 值=0, 起始地址=1482
2026-09-24 17:58:11,228 - RH56DFTP - INFO - 开始设置寄存器: POS_SET(5), 值: 0
2026-09-24 17:58:11,236 - RH56DFTP - INFO - 成功设置寄存器 POS_SET(5): 值=0, 起始地址=1484
2026-09-24 17:58:11,338 - RH56DFTP - INFO - 开始设置寄存器: POS_SET(0), 值: 1
2026-09-24 17:58:11,340 - RH56DFTP - INFO - 成功设置寄存器 POS_SET(0): 值=1, 起始地址=1474
2026-09-24 17:58:11,340 - RH56DFTP - INFO - 开始设置寄存器: POS_SET(1), 值: 0
2026-09-24 17:58:11,342 - RH56DFTP - INFO - 成功设置寄存器 POS_SET(1): 值=0, 起始地址=1476
2026-09-24 17:58:11,342 - RH56DFTP - INFO - 开始设置寄存器: POS_SET(2), 值: 0
2026-09-24 17:58:11,344 - RH56DFTP - INFO - 成功设置寄存器 POS_SET(2): 值=0, 起始地址=1478
2026-09-24 17:58:11,344 - RH56DFTP - INFO - 开始设置寄存器: POS_SET(3), 值: 0
2026-09-24 17:58:11,347 - RH56DFTP - INFO - 成功设置寄存器 POS_SET(3): 值=0, 起始地址=1480
2026-09-24 17:58:11,347 - RH56DFTP - INFO - 开始设置寄存器: POS_SET(4), 值: 0
2026-09-24 17:58:11,350 - RH56DFTP - INFO - 成功设置寄存器 POS_SET(4): 值=0, 起始地址=1482
2026-09-24 17:58:11,350 - RH56DFTP - INFO - 开始设置寄存器: POS_SET(5), 值: 0
2026-09-24 17:58:11,360 - RH56DFTP - INFO - 成功设置寄存器 POS_SET(5): 值=0, 起始地址=1484
2026-09-24 17:58:11,464 - RH56DFTP - INFO - 开始设置寄存器: POS_SET(0), 值: 1
2026-09-24 17:58:11,467 - RH56DFTP - INFO - 成功设置寄存器 POS_SET(0): 值=1, 起始地址=1474
2026-09-24 17:58:11,468 - RH56DFTP - INFO - 开始设置寄存器: POS_SET(1), 值: 0
2026-09-24 17:58:11,470 - RH56DFTP - INFO - 成功设置寄存器 POS_SET(1): 值=0, 起始地址=1476
2026-09-24 17:58:11,471 - RH56DFTP - INFO - 开始设置寄存器: POS_SET(2), 值: 0
2026-09-24 17:58:11,472 - RH56DFTP - INFO - 成功设置寄存器 POS_SET(2): 值=0, 起始地址=1478
2026-09-24 17:58:11,472 - RH56DFTP - INFO - 开始设置寄存器: POS_SET(3), 值: 0
2026-09-24 17:58:11,483 - RH56DFTP - INFO - 成功设置寄存器 POS_SET(3): 值=0, 起始地址=1480
2026-09-24 17:58:11,484 - RH56DFTP - INFO - 开始设置寄存器: POS_SET(4), 值: 0
2026-09-24 17:58:11,486 - RH56DFTP - INFO - 成功设置寄存器 POS_SET(4): 值=0, 起始地址=1482
2026-09-24 17:58:11,486 - RH56DFTP - INFO - 开始设置寄存器: POS_SET(5), 值: 0
2026-09-24 17:58:11,488 - RH56DFTP - INFO - 成功设置寄存器 POS_SET(5): 值=0, 起始地址=1484
2026-09-24 17:58:11,700 - RH56DFTP - INFO - 开始设置寄存器: POS_SET(0), 值: 1
2026-09-24 17:58:11,703 - RH56DFTP - INFO - 成功设置寄存器 POS_SET(0): 值=1, 起始地址=1474
2026-09-24 17:58:11,703 - RH56DFTP - INFO - 开始设置寄存器: POS_SET(1), 值: 0
2026-09-24 17:58:11,705 - RH56DFTP - INFO - 成功设置寄存器 POS_SET(1): 值=0, 起始地址=1476
2026-09-24 17:58:11,705 - RH56DFTP - INFO - 开始设置寄存器: POS_SET(2), 值: 0
2026-09-24 17:58:11,713 - RH56DFTP - INFO - 成功设置寄存器 POS_SET(2): 值=0, 起始地址=1478
2026-09-24 17:58:11,713 - RH56DFTP - INFO - 开始设置寄存器: POS_SET(3), 值: 0
2026-09-24 17:58:11,715 - RH56DFTP - INFO - 成功设置寄存器 POS_SET(3): 值=0, 起始地址=1480
2026-09-24 17:58:11,715 - RH56DFTP - INFO - 开始设置寄存器: POS_SET(4), 值: 0
2026-09-24 17:58:11,717 - RH56DFTP - INFO - 成功设置寄存器 POS_SET(4): 值=0, 起始地址=1482
2026-09-24 17:58:11,717 - RH56DFTP - INFO - 开始设置寄存器: POS_SET(5), 值: 0
2026-09-24 17:58:11,719 - RH56DFTP - INFO - 成功设置寄存器 POS_SET(5): 值=0, 起始地址=1484
2026-09-24 17:58:11,818 - RH56DFTP - INFO - 开始设置寄存器: POS_SET(0), 值: 1
2026-09-24 17:58:11,828 - RH56DFTP - INFO - 成功设置寄存器 POS_SET(0): 值=1, 起始地址=1474
2026-09-24 17:58:11,829 - RH56DFTP - INFO - 开始设置寄存器: POS_SET(1), 值: 0
2026-09-24 17:58:11,836 - RH56DFTP - INFO - 成功设置寄存器 POS_SET(1): 值=0, 起始地址=1476
2026-09-24 17:58:11,836 - RH56DFTP - INFO - 开始设置寄存器: POS_SET(2), 值: 0
2026-09-24 17:58:11,839 - RH56DFTP - INFO - 成功设置寄存器 POS_SET(2): 值=0, 起始地址=1478
2026-09-24 17:58:11,839 - RH56DFTP - INFO - 开始设置寄存器: POS_SET(3), 值: 0
2026-09-24 17:58:11,841 - RH56DFTP - INFO - 成功设置寄存器 POS_SET(3): 值=0, 起始地址=1480
2026-09-24 17:58:11,841 - RH56DFTP - INFO - 开始设置寄存器: POS_SET(4), 值: 0
2026-09-24 17:58:11,843 - RH56DFTP - INFO - 成功设置寄存器 POS_SET(4): 值=0, 起始地址=1482
2026-09-24 17:58:11,843 - RH56DFTP - INFO - 开始设置寄存器: POS_SET(5), 值: 0
2026-09-24 17:58:11,844 - RH56DFTP - INFO - 成功设置寄存器 POS_SET(5): 值=0, 起始地址=1484
2026-09-24 17:58:11,932 - RH56DFTP - INFO - 开始设置寄存器: POS_SET(0), 值: 1
2026-09-24 17:58:11,935 - RH56DFTP - INFO - 成功设置寄存器 POS_SET(0): 值=1, 起始地址=1474
2026-09-24 17:58:11,935 - RH56DFTP - INFO - 开始设置寄存器: POS_SET(1), 值: 0
2026-09-24 17:58:11,938 - RH56DFTP - INFO - 成功设置寄存器 POS_SET(1): 值=0, 起始地址=1476
2026-09-24 17:58:11,938 - RH56DFTP - INFO - 开始设置寄存器: POS_SET(2), 值: 0
2026-09-24 17:58:11,948 - RH56DFTP - INFO - 成功设置寄存器 POS_SET(2): 值=0, 起始地址=1478
2026-09-24 17:58:11,948 - RH56DFTP - INFO - 开始设置寄存器: POS_SET(3), 值: 0
2026-09-24 17:58:11,951 - RH56DFTP - INFO - 成功设置寄存器 POS_SET(3): 值=0, 起始地址=1480
2026-09-24 17:58:11,951 - RH56DFTP - INFO - 开始设置寄存器: POS_SET(4), 值: 0
2026-09-24 17:58:11,953 - RH56DFTP - INFO - 成功设置寄存器 POS_SET(4): 值=0, 起始地址=1482
2026-09-24 17:58:11,953 - RH56DFTP - INFO - 开始设置寄存器: POS_SET(5), 值: 0
2026-09-24 17:58:11,960 - RH56DFTP - INFO - 成功设置寄存器 POS_SET(5): 值=0, 起始地址=1484
2026-09-24 17:58:12,058 - RH56DFTP - INFO - 开始设置寄存器: POS_SET(0), 值: 1
2026-09-24 17:58:12,060 - RH56DFTP - INFO - 成功设置寄存器 POS_SET(0): 值=1, 起始地址=1474
2026-09-24 17:58:12,060 - RH56DFTP - INFO - 开始设置寄存器: POS_SET(1), 值: 0
2026-09-24 17:58:12,062 - RH56DFTP - INFO - 成功设置寄存器 POS_SET(1): 值=0, 起始地址=1476
2026-09-24 17:58:12,062 - RH56DFTP - INFO - 开始设置寄存器: POS_SET(2), 值: 0
2026-09-24 17:58:12,073 - RH56DFTP - INFO - 成功设置寄存器 POS_SET(2): 值=0, 起始地址=1478
2026-09-24 17:58:12,073 - RH56DFTP - INFO - 开始设置寄存器: POS_SET(3), 值: 0
2026-09-24 17:58:12,076 - RH56DFTP - INFO - 成功设置寄存器 POS_SET(3): 值=0, 起始地址=1480
2026-09-24 17:58:12,076 - RH56DFTP - INFO - 开始设置寄存器: POS_SET(4), 值: 0
2026-09-24 17:58:12,077 - RH56DFTP - INFO - 成功设置寄存器 POS_SET(4): 值=0, 起始地址=1482
2026-09-24 17:58:12,077 - RH56DFTP - INFO - 开始设置寄存器: POS_SET(5), 值: 0
2026-09-24 17:58:12,084 - RH56DFTP - INFO - 成功设置寄存器 POS_SET(5): 值=0, 起始地址=1484
2026-09-24 17:58:12,175 - RH56DFTP - INFO - 开始设置寄存器: POS_SET(0), 值: 1
2026-09-24 17:58:12,177 - RH56DFTP - INFO - 成功设置寄存器 POS_SET(0): 值=1, 起始地址=1474
2026-09-24 17:58:12,177 - RH56DFTP - INFO - 开始设置寄存器: POS_SET(1), 值: 0
2026-09-24 17:58:12,179 - RH56DFTP - INFO - 成功设置寄存器 POS_SET(1): 值=0, 起始地址=1476
2026-09-24 17:58:12,179 - RH56DFTP - INFO - 开始设置寄存器: POS_SET(2), 值: 0
2026-09-24 17:58:12,181 - RH56DFTP - INFO - 成功设置寄存器 POS_SET(2): 值=0, 起始地址=1478
2026-09-24 17:58:12,181 - RH56DFTP - INFO - 开始设置寄存器: POS_SET(3), 值: 0
2026-09-24 17:58:12,184 - RH56DFTP - INFO - 成功设置寄存器 POS_SET(3): 值=0, 起始地址=1480
2026-09-24 17:58:12,184 - RH56DFTP - INFO - 开始设置寄存器: POS_SET(4), 值: 0
2026-09-24 17:58:12,186 - RH56DFTP - INFO - 成功设置寄存器 POS_SET(4): 值=0, 起始地址=1482
2026-09-24 17:58:12,186 - RH56DFTP - INFO - 开始设置寄存器: POS_SET(5), 值: 0
2026-09-24 17:58:12,197 - RH56DFTP - INFO - 成功设置寄存器 POS_SET(5): 值=0, 起始地址=1484
2026-09-24 17:58:12,295 - RH56DFTP - INFO - 开始设置寄存器: POS_SET(0), 值: 1
2026-09-24 17:58:12,301 - RH56DFTP - INFO - 成功设置寄存器 POS_SET(0): 值=1, 起始地址=1474
2026-09-24 17:58:12,301 - RH56DFTP - INFO - 开始设置寄存器: POS_SET(1), 值: 0
2026-09-24 17:58:12,302 - RH56DFTP - INFO - 成功设置寄存器 POS_SET(1): 值=0, 起始地址=1476
2026-09-24 17:58:12,303 - RH56DFTP - INFO - 开始设置寄存器: POS_SET(2), 值: 0
2026-09-24 17:58:12,304 - RH56DFTP - INFO - 成功设置寄存器 POS_SET(2): 值=0, 起始地址=1478
2026-09-24 17:58:12,305 - RH56DFTP - INFO - 开始设置寄存器: POS_SET(3), 值: 0
2026-09-24 17:58:12,306 - RH56DFTP - INFO - 成功设置寄存器 POS_SET(3): 值=0, 起始地址=1480
2026-09-24 17:58:12,308 - RH56DFTP - INFO - 开始设置寄存器: POS_SET(4), 值: 0
2026-09-24 17:58:12,310 - RH56DFTP - INFO - 成功设置寄存器 POS_SET(4): 值=0, 起始地址=1482
2026-09-24 17:58:12,310 - RH56DFTP - INFO - 开始设置寄存器: POS_SET(5), 值: 0
2026-09-24 17:58:12,321 - RH56DFTP - INFO - 成功设置寄存器 POS_SET(5): 值=0, 起始地址=1484
2026-09-24 17:58:12,413 - RH56DFTP - INFO - 开始设置寄存器: POS_SET(0), 值: 1
2026-09-24 17:58:12,415 - RH56DFTP - INFO - 成功设置寄存器 POS_SET(0): 值=1, 起始地址=1474
2026-09-24 17:58:12,416 - RH56DFTP - INFO - 开始设置寄存器: POS_SET(1), 值: 0
2026-09-24 17:58:12,418 - RH56DFTP - INFO - 成功设置寄存器 POS_SET(1): 值=0, 起始地址=1476
2026-09-24 17:58:12,418 - RH56DFTP - INFO - 开始设置寄存器: POS_SET(2), 值: 0
2026-09-24 17:58:12,424 - RH56DFTP - INFO - 成功设置寄存器 POS_SET(2): 值=0, 起始地址=1478
2026-09-24 17:58:12,424 - RH56DFTP - INFO - 开始设置寄存器: POS_SET(3), 值: 0
2026-09-24 17:58:12,426 - RH56DFTP - INFO - 成功设置寄存器 POS_SET(3): 值=0, 起始地址=1480
2026-09-24 17:58:12,427 - RH56DFTP - INFO - 开始设置寄存器: POS_SET(4), 值: 0
2026-09-24 17:58:12,430 - RH56DFTP - INFO - 成功设置寄存器 POS_SET(4): 值=0, 起始地址=1482
2026-09-24 17:58:12,430 - RH56DFTP - INFO - 开始设置寄存器: POS_SET(5), 值: 0
2026-09-24 17:58:12,432 - RH56DFTP - INFO - 成功设置寄存器 POS_SET(5): 值=0, 起始地址=1484
2026-09-24 17:58:12,517 - RH56DFTP - INFO - 开始设置寄存器: POS_SET(0), 值: 1
2026-09-24 17:58:12,519 - RH56DFTP - INFO - 成功设置寄存器 POS_SET(0): 值=1, 起始地址=1474
2026-09-24 17:58:12,519 - RH56DFTP - INFO - 开始设置寄存器: POS_SET(1), 值: 0
2026-09-24 17:58:12,521 - RH56DFTP - INFO - 成功设置寄存器 POS_SET(1): 值=0, 起始地址=1476
2026-09-24 17:58:12,591 - RH56DFTP - INFO - 开始设置寄存器: POS_SET(2), 值: 0
2026-09-24 17:58:12,600 - RH56DFTP - INFO - 成功设置寄存器 POS_SET(2): 值=0, 起始地址=1478
2026-09-24 17:58:12,600 - RH56DFTP - INFO - 开始设置寄存器: POS_SET(3), 值: 0
2026-09-24 17:58:12,602 - RH56DFTP - INFO - 成功设置寄存器 POS_SET(3): 值=0, 起始地址=1480
2026-09-24 17:58:12,602 - RH56DFTP - INFO - 开始设置寄存器: POS_SET(4), 值: 0
2026-09-24 17:58:12,604 - RH56DFTP - INFO - 成功设置寄存器 POS_SET(4): 值=0, 起始地址=1482
2026-09-24 17:58:12,604 - RH56DFTP - INFO - 开始设置寄存器: POS_SET(5), 值: 0
2026-09-24 17:58:12,611 - RH56DFTP - INFO - 成功设置寄存器 POS_SET(5): 值=0, 起始地址=1484
2026-09-24 17:58:12,688 - RH56DFTP - INFO - 开始设置寄存器: POS_SET(0), 值: 1
2026-09-24 17:58:12,693 - RH56DFTP - INFO - 成功设置寄存器 POS_SET(0): 值=1, 起始地址=1474
2026-09-24 17:58:12,693 - RH56DFTP - INFO - 开始设置寄存器: POS_SET(1), 值: 0
2026-09-24 17:58:12,695 - RH56DFTP - INFO - 成功设置寄存器 POS_SET(1): 值=0, 起始地址=1476
2026-09-24 17:58:12,695 - RH56DFTP - INFO - 开始设置寄存器: POS_SET(2), 值: 0
2026-09-24 17:58:12,697 - RH56DFTP - INFO - 成功设置寄存器 POS_SET(2): 值=0, 起始地址=1478
2026-09-24 17:58:12,697 - RH56DFTP - INFO - 开始设置寄存器: POS_SET(3), 值: 0
2026-09-24 17:58:12,704 - RH56DFTP - INFO - 成功设置寄存器 POS_SET(3): 值=0, 起始地址=1480
2026-09-24 17:58:12,705 - RH56DFTP - INFO - 开始设置寄存器: POS_SET(4), 值: 0
2026-09-24 17:58:12,706 - RH56DFTP - INFO - 成功设置寄存器 POS_SET(4): 值=0, 起始地址=1482
2026-09-24 17:58:12,707 - RH56DFTP - INFO - 开始设置寄存器: POS_SET(5), 值: 0
2026-09-24 17:58:12,709 - RH56DFTP - INFO - 成功设置寄存器 POS_SET(5): 值=0, 起始地址=1484
2026-09-24 17:58:12,805 - RH56DFTP - INFO - 开始设置寄存器: POS_SET(0), 值: 1
2026-09-24 17:58:12,817 - RH56DFTP - INFO - 成功设置寄存器 POS_SET(0): 值=1, 起始地址=1474
2026-09-24 17:58:12,817 - RH56DFTP - INFO - 开始设置寄存器: POS_SET(1), 值: 0
2026-09-24 17:58:12,819 - RH56DFTP - INFO - 成功设置寄存器 POS_SET(1): 值=0, 起始地址=1476
2026-09-24 17:58:12,819 - RH56DFTP - INFO - 开始设置寄存器: POS_SET(2), 值: 0
2026-09-24 17:58:12,821 - RH56DFTP - INFO - 成功设置寄存器 POS_SET(2): 值=0, 起始地址=1478
2026-09-24 17:58:12,821 - RH56DFTP - INFO - 开始设置寄存器: POS_SET(3), 值: 0
2026-09-24 17:58:12,828 - RH56DFTP - INFO - 成功设置寄存器 POS_SET(3): 值=0, 起始地址=1480
2026-09-24 17:58:12,828 - RH56DFTP - INFO - 开始设置寄存器: POS_SET(4), 值: 0
2026-09-24 17:58:12,830 - RH56DFTP - INFO - 成功设置寄存器 POS_SET(4): 值=0, 起始地址=1482
2026-09-24 17:58:12,830 - RH56DFTP - INFO - 开始设置寄存器: POS_SET(5), 值: 0
2026-09-24 17:58:12,834 - RH56DFTP - INFO - 成功设置寄存器 POS_SET(5): 值=0, 起始地址=1484
2026-09-24 17:58:12,936 - RH56DFTP - INFO - 开始设置寄存器: POS_SET(0), 值: 1
2026-09-24 17:58:12,941 - RH56DFTP - INFO - 成功设置寄存器 POS_SET(0): 值=1, 起始地址=1474
2026-09-24 17:58:12,941 - RH56DFTP - INFO - 开始设置寄存器: POS_SET(1), 值: 0
2026-09-24 17:58:12,943 - RH56DFTP - INFO - 成功设置寄存器 POS_SET(1): 值=0, 起始地址=1476
2026-09-24 17:58:12,943 - RH56DFTP - INFO - 开始设置寄存器: POS_SET(2), 值: 0
2026-09-24 17:58:12,945 - RH56DFTP - INFO - 成功设置寄存器 POS_SET(2): 值=0, 起始地址=1478
2026-09-24 17:58:12,945 - RH56DFTP - INFO - 开始设置寄存器: POS_SET(3), 值: 0
2026-09-24 17:58:12,952 - RH56DFTP - INFO - 成功设置寄存器 POS_SET(3): 值=0, 起始地址=1480
2026-09-24 17:58:12,953 - RH56DFTP - INFO - 开始设置寄存器: POS_SET(4), 值: 0
2026-09-24 17:58:12,954 - RH56DFTP - INFO - 成功设置寄存器 POS_SET(4): 值=0, 起始地址=1482
2026-09-24 17:58:12,955 - RH56DFTP - INFO - 开始设置寄存器: POS_SET(5), 值: 0
2026-09-24 17:58:12,957 - RH56DFTP - INFO - 成功设置寄存器 POS_SET(5): 值=0, 起始地址=1484
2026-09-24 17:58:13,045 - RH56DFTP - INFO - 开始设置寄存器: POS_SET(0), 值: 1
2026-09-24 17:58:13,048 - RH56DFTP - INFO - 成功设置寄存器 POS_SET(0): 值=1, 起始地址=1474
2026-09-24 17:58:13,049 - RH56DFTP - INFO - 开始设置寄存器: POS_SET(1), 值: 0
2026-09-24 17:58:13,050 - RH56DFTP - INFO - 成功设置寄存器 POS_SET(1): 值=0, 起始地址=1476
2026-09-24 17:58:13,050 - RH56DFTP - INFO - 开始设置寄存器: POS_SET(2), 值: 0
2026-09-24 17:58:13,052 - RH56DFTP - INFO - 成功设置寄存器 POS_SET(2): 值=0, 起始地址=1478
2026-09-24 17:58:13,052 - RH56DFTP - INFO - 开始设置寄存器: POS_SET(3), 值: 0
2026-09-24 17:58:13,054 - RH56DFTP - INFO - 成功设置寄存器 POS_SET(3): 值=0, 起始地址=1480
2026-09-24 17:58:13,054 - RH56DFTP - INFO - 开始设置寄存器: POS_SET(4), 值: 0
2026-09-24 17:58:13,065 - RH56DFTP - INFO - 成功设置寄存器 POS_SET(4): 值=0, 起始地址=1482
2026-09-24 17:58:13,065 - RH56DFTP - INFO - 开始设置寄存器: POS_SET(5), 值: 0
2026-09-24 17:58:13,066 - RH56DFTP - INFO - 成功设置寄存器 POS_SET(5): 值=0, 起始地址=1484
2026-09-24 17:58:13,155 - RH56DFTP - INFO - 开始设置寄存器: POS_SET(0), 值: 1
2026-09-24 17:58:13,158 - RH56DFTP - INFO - 成功设置寄存器 POS_SET(0): 值=1, 起始地址=1474
2026-09-24 17:58:13,159 - RH56DFTP - INFO - 开始设置寄存器: POS_SET(1), 值: 0
2026-09-24 17:58:13,160 - RH56DFTP - INFO - 成功设置寄存器 POS_SET(1): 值=0, 起始地址=1476
2026-09-24 17:58:13,160 - RH56DFTP - INFO - 开始设置寄存器: POS_SET(2), 值: 0
2026-09-24 17:58:13,162 - RH56DFTP - INFO - 成功设置寄存器 POS_SET(2): 值=0, 起始地址=1478
2026-09-24 17:58:13,162 - RH56DFTP - INFO - 开始设置寄存器: POS_SET(3), 值: 0
2026-09-24 17:58:13,169 - RH56DFTP - INFO - 成功设置寄存器 POS_SET(3): 值=0, 起始地址=1480
2026-09-24 17:58:13,169 - RH56DFTP - INFO - 开始设置寄存器: POS_SET(4), 值: 0
2026-09-24 17:58:13,171 - RH56DFTP - INFO - 成功设置寄存器 POS_SET(4): 值=0, 起始地址=1482
2026-09-24 17:58:13,171 - RH56DFTP - INFO - 开始设置寄存器: POS_SET(5), 值: 0
2026-09-24 17:58:13,173 - RH56DFTP - INFO - 成功设置寄存器 POS_SET(5): 值=0, 起始地址=1484
2026-09-24 17:58:13,265 - RH56DFTP - INFO - 开始设置寄存器: POS_SET(0), 值: 1
2026-09-24 17:58:13,269 - RH56DFTP - INFO - 成功设置寄存器 POS_SET(0): 值=1, 起始地址=1474
2026-09-24 17:58:13,269 - RH56DFTP - INFO - 开始设置寄存器: POS_SET(1), 值: 0
2026-09-24 17:58:13,271 - RH56DFTP - INFO - 成功设置寄存器 POS_SET(1): 值=0, 起始地址=1476
2026-09-24 17:58:13,271 - RH56DFTP - INFO - 开始设置寄存器: POS_SET(2), 值: 0
2026-09-24 17:58:13,281 - RH56DFTP - INFO - 成功设置寄存器 POS_SET(2): 值=0, 起始地址=1478
2026-09-24 17:58:13,281 - RH56DFTP - INFO - 开始设置寄存器: POS_SET(3), 值: 0
2026-09-24 17:58:13,284 - RH56DFTP - INFO - 成功设置寄存器 POS_SET(3): 值=0, 起始地址=1480
2026-09-24 17:58:13,284 - RH56DFTP - INFO - 开始设置寄存器: POS_SET(4), 值: 0
2026-09-24 17:58:13,285 - RH56DFTP - INFO - 成功设置寄存器 POS_SET(4): 值=0, 起始地址=1482
2026-09-24 17:58:13,287 - RH56DFTP - INFO - 开始设置寄存器: POS_SET(5), 值: 0
2026-09-24 17:58:13,294 - RH56DFTP - INFO - 成功设置寄存器 POS_SET(5): 值=0, 起始地址=1484
2026-09-24 17:58:13,385 - RH56DFTP - INFO - 开始设置寄存器: POS_SET(0), 值: 1
2026-09-24 17:58:13,387 - RH56DFTP - INFO - 成功设置寄存器 POS_SET(0): 值=1, 起始地址=1474
2026-09-24 17:58:13,388 - RH56DFTP - INFO - 开始设置寄存器: POS_SET(1), 值: 0
2026-09-24 17:58:13,389 - RH56DFTP - INFO - 成功设置寄存器 POS_SET(1): 值=0, 起始地址=1476
2026-09-24 17:58:13,389 - RH56DFTP - INFO - 开始设置寄存器: POS_SET(2), 值: 0
2026-09-24 17:58:13,391 - RH56DFTP - INFO - 成功设置寄存器 POS_SET(2): 值=0, 起始地址=1478
2026-09-24 17:58:13,391 - RH56DFTP - INFO - 开始设置寄存器: POS_SET(3), 值: 0
2026-09-24 17:58:13,393 - RH56DFTP - INFO - 成功设置寄存器 POS_SET(3): 值=0, 起始地址=1480
2026-09-24 17:58:13,393 - RH56DFTP - INFO - 开始设置寄存器: POS_SET(4), 值: 0
2026-09-24 17:58:13,395 - RH56DFTP - INFO - 成功设置寄存器 POS_SET(4): 值=0, 起始地址=1482
2026-09-24 17:58:13,395 - RH56DFTP - INFO - 开始设置寄存器: POS_SET(5), 值: 0
2026-09-24 17:58:13,405 - RH56DFTP - INFO - 成功设置寄存器 POS_SET(5): 值=0, 起始地址=1484
2026-09-24 17:58:13,498 - RH56DFTP - INFO - 开始设置寄存器: POS_SET(0), 值: 1
2026-09-24 17:58:13,500 - RH56DFTP - INFO - 成功设置寄存器 POS_SET(0): 值=1, 起始地址=1474
2026-09-24 17:58:13,501 - RH56DFTP - INFO - 开始设置寄存器: POS_SET(1), 值: 0
2026-09-24 17:58:13,502 - RH56DFTP - INFO - 成功设置寄存器 POS_SET(1): 值=0, 起始地址=1476
2026-09-24 17:58:13,503 - RH56DFTP - INFO - 开始设置寄存器: POS_SET(2), 值: 0
2026-09-24 17:58:13,509 - RH56DFTP - INFO - 成功设置寄存器 POS_SET(2): 值=0, 起始地址=1478
2026-09-24 17:58:13,509 - RH56DFTP - INFO - 开始设置寄存器: POS_SET(3), 值: 0
2026-09-24 17:58:13,511 - RH56DFTP - INFO - 成功设置寄存器 POS_SET(3): 值=0, 起始地址=1480
2026-09-24 17:58:13,511 - RH56DFTP - INFO - 开始设置寄存器: POS_SET(4), 值: 0
2026-09-24 17:58:13,513 - RH56DFTP - INFO - 成功设置寄存器 POS_SET(4): 值=0, 起始地址=1482
2026-09-24 17:58:13,513 - RH56DFTP - INFO - 开始设置寄存器: POS_SET(5), 值: 0
2026-09-24 17:58:13,515 - RH56DFTP - INFO - 成功设置寄存器 POS_SET(5): 值=0, 起始地址=1484
2026-09-24 17:58:13,603 - RH56DFTP - INFO - 开始设置寄存器: POS_SET(0), 值: 1
2026-09-24 17:58:13,606 - RH56DFTP - INFO - 成功设置寄存器 POS_SET(0): 值=1, 起始地址=1474
2026-09-24 17:58:13,606 - RH56DFTP - INFO - 开始设置寄存器: POS_SET(1), 值: 0
2026-09-24 17:58:13,609 - RH56DFTP - INFO - 成功设置寄存器 POS_SET(1): 值=0, 起始地址=1476
2026-09-24 17:58:13,609 - RH56DFTP - INFO - 开始设置寄存器: POS_SET(2), 值: 0
2026-09-24 17:58:13,612 - RH56DFTP - INFO - 成功设置寄存器 POS_SET(2): 值=0, 起始地址=1478
2026-09-24 17:58:13,612 - RH56DFTP - INFO - 开始设置寄存器: POS_SET(3), 值: 0
2026-09-24 17:58:13,622 - RH56DFTP - INFO - 成功设置寄存器 POS_SET(3): 值=0, 起始地址=1480
2026-09-24 17:58:13,622 - RH56DFTP - INFO - 开始设置寄存器: POS_SET(4), 值: 0
2026-09-24 17:58:13,624 - RH56DFTP - INFO - 成功设置寄存器 POS_SET(4): 值=0, 起始地址=1482
2026-09-24 17:58:13,624 - RH56DFTP - INFO - 开始设置寄存器: POS_SET(5), 值: 0
2026-09-24 17:58:13,626 - RH56DFTP - INFO - 成功设置寄存器 POS_SET(5): 值=0, 起始地址=1484
2026-09-24 17:58:13,721 - RH56DFTP - INFO - 开始设置寄存器: POS_SET(0), 值: 1
2026-09-24 17:58:13,728 - RH56DFTP - INFO - 成功设置寄存器 POS_SET(0): 值=1, 起始地址=1474
2026-09-24 17:58:13,728 - RH56DFTP - INFO - 开始设置寄存器: POS_SET(1), 值: 0
2026-09-24 17:58:13,730 - RH56DFTP - INFO - 成功设置寄存器 POS_SET(1): 值=0, 起始地址=1476
2026-09-24 17:58:13,731 - RH56DFTP - INFO - 开始设置寄存器: POS_SET(2), 值: 0
2026-09-24 17:58:13,732 - RH56DFTP - INFO - 成功设置寄存器 POS_SET(2): 值=0, 起始地址=1478
2026-09-24 17:58:13,732 - RH56DFTP - INFO - 开始设置寄存器: POS_SET(3), 值: 0
2026-09-24 17:58:13,734 - RH56DFTP - INFO - 成功设置寄存器 POS_SET(3): 值=0, 起始地址=1480
2026-09-24 17:58:13,734 - RH56DFTP - INFO - 开始设置寄存器: POS_SET(4), 值: 0
2026-09-24 17:58:13,736 - RH56DFTP - INFO - 成功设置寄存器 POS_SET(4): 值=0, 起始地址=1482
2026-09-24 17:58:13,736 - RH56DFTP - INFO - 开始设置寄存器: POS_SET(5), 值: 0
2026-09-24 17:58:13,747 - RH56DFTP - INFO - 成功设置寄存器 POS_SET(5): 值=0, 起始地址=1484
2026-09-24 17:58:13,839 - RH56DFTP - INFO - 开始设置寄存器: POS_SET(0), 值: 1
2026-09-24 17:58:13,841 - RH56DFTP - INFO - 成功设置寄存器 POS_SET(0): 值=1, 起始地址=1474
2026-09-24 17:58:13,841 - RH56DFTP - INFO - 开始设置寄存器: POS_SET(1), 值: 0
2026-09-24 17:58:13,844 - RH56DFTP - INFO - 成功设置寄存器 POS_SET(1): 值=0, 起始地址=1476
2026-09-24 17:58:13,844 - RH56DFTP - INFO - 开始设置寄存器: POS_SET(2), 值: 0
2026-09-24 17:58:13,850 - RH56DFTP - INFO - 成功设置寄存器 POS_SET(2): 值=0, 起始地址=1478
2026-09-24 17:58:13,850 - RH56DFTP - INFO - 开始设置寄存器: POS_SET(3), 值: 0
2026-09-24 17:58:13,852 - RH56DFTP - INFO - 成功设置寄存器 POS_SET(3): 值=0, 起始地址=1480
2026-09-24 17:58:13,852 - RH56DFTP - INFO - 开始设置寄存器: POS_SET(4), 值: 0
2026-09-24 17:58:13,854 - RH56DFTP - INFO - 成功设置寄存器 POS_SET(4): 值=0, 起始地址=1482
2026-09-24 17:58:13,854 - RH56DFTP - INFO - 开始设置寄存器: POS_SET(5), 值: 0
2026-09-24 17:58:13,856 - RH56DFTP - INFO - 成功设置寄存器 POS_SET(5): 值=0, 起始地址=1484
2026-09-24 17:58:13,948 - RH56DFTP - INFO - 开始设置寄存器: POS_SET(0), 值: 1
2026-09-24 17:58:13,951 - RH56DFTP - INFO - 成功设置寄存器 POS_SET(0): 值=1, 起始地址=1474
2026-09-24 17:58:13,951 - RH56DFTP - INFO - 开始设置寄存器: POS_SET(1), 值: 0
2026-09-24 17:58:13,954 - RH56DFTP - INFO - 成功设置寄存器 POS_SET(1): 值=0, 起始地址=1476
2026-09-24 17:58:13,954 - RH56DFTP - INFO - 开始设置寄存器: POS_SET(2), 值: 0
2026-09-24 17:58:13,964 - RH56DFTP - INFO - 成功设置寄存器 POS_SET(2): 值=0, 起始地址=1478
2026-09-24 17:58:13,964 - RH56DFTP - INFO - 开始设置寄存器: POS_SET(3), 值: 0
2026-09-24 17:58:13,966 - RH56DFTP - INFO - 成功设置寄存器 POS_SET(3): 值=0, 起始地址=1480
2026-09-24 17:58:13,968 - RH56DFTP - INFO - 开始设置寄存器: POS_SET(4), 值: 0
2026-09-24 17:58:13,975 - RH56DFTP - INFO - 成功设置寄存器 POS_SET(4): 值=0, 起始地址=1482
2026-09-24 17:58:13,975 - RH56DFTP - INFO - 开始设置寄存器: POS_SET(5), 值: 0
2026-09-24 17:58:13,977 - RH56DFTP - INFO - 成功设置寄存器 POS_SET(5): 值=0, 起始地址=1484
2026-09-24 17:58:14,069 - RH56DFTP - INFO - 开始设置寄存器: POS_SET(0), 值: 1
2026-09-24 17:58:14,070 - RH56DFTP - INFO - 成功设置寄存器 POS_SET(0): 值=1, 起始地址=1474
2026-09-24 17:58:14,070 - RH56DFTP - INFO - 开始设置寄存器: POS_SET(1), 值: 0
2026-09-24 17:58:14,072 - RH56DFTP - INFO - 成功设置寄存器 POS_SET(1): 值=0, 起始地址=1476
2026-09-24 17:58:14,073 - RH56DFTP - INFO - 开始设置寄存器: POS_SET(2), 值: 0
2026-09-24 17:58:14,075 - RH56DFTP - INFO - 成功设置寄存器 POS_SET(2): 值=0, 起始地址=1478
2026-09-24 17:58:14,075 - RH56DFTP - INFO - 开始设置寄存器: POS_SET(3), 值: 0
2026-09-24 17:58:14,077 - RH56DFTP - INFO - 成功设置寄存器 POS_SET(3): 值=0, 起始地址=1480
2026-09-24 17:58:14,077 - RH56DFTP - INFO - 开始设置寄存器: POS_SET(4), 值: 0
2026-09-24 17:58:14,088 - RH56DFTP - INFO - 成功设置寄存器 POS_SET(4): 值=0, 起始地址=1482
2026-09-24 17:58:14,088 - RH56DFTP - INFO - 开始设置寄存器: POS_SET(5), 值: 0
2026-09-24 17:58:14,090 - RH56DFTP - INFO - 成功设置寄存器 POS_SET(5): 值=0, 起始地址=1484
2026-09-24 17:58:14,179 - RH56DFTP - INFO - 开始设置寄存器: POS_SET(0), 值: 1
2026-09-24 17:58:14,181 - RH56DFTP - INFO - 成功设置寄存器 POS_SET(0): 值=1, 起始地址=1474
2026-09-24 17:58:14,181 - RH56DFTP - INFO - 开始设置寄存器: POS_SET(1), 值: 0
2026-09-24 17:58:14,183 - RH56DFTP - INFO - 成功设置寄存器 POS_SET(1): 值=0, 起始地址=1476
2026-09-24 17:58:14,183 - RH56DFTP - INFO - 开始设置寄存器: POS_SET(2), 值: 0
2026-09-24 17:58:14,184 - RH56DFTP - INFO - 成功设置寄存器 POS_SET(2): 值=0, 起始地址=1478
2026-09-24 17:58:14,184 - RH56DFTP - INFO - 开始设置寄存器: POS_SET(3), 值: 0
2026-09-24 17:58:14,191 - RH56DFTP - INFO - 成功设置寄存器 POS_SET(3): 值=0, 起始地址=1480
2026-09-24 17:58:14,191 - RH56DFTP - INFO - 开始设置寄存器: POS_SET(4), 值: 0
2026-09-24 17:58:14,194 - RH56DFTP - INFO - 成功设置寄存器 POS_SET(4): 值=0, 起始地址=1482
2026-09-24 17:58:14,194 - RH56DFTP - INFO - 开始设置寄存器: POS_SET(5), 值: 0
2026-09-24 17:58:14,196 - RH56DFTP - INFO - 成功设置寄存器 POS_SET(5): 值=0, 起始地址=1484
2026-09-24 17:58:14,288 - RH56DFTP - INFO - 开始设置寄存器: POS_SET(0), 值: 1
2026-09-24 17:58:14,290 - RH56DFTP - INFO - 成功设置寄存器 POS_SET(0): 值=1, 起始地址=1474
2026-09-24 17:58:14,290 - RH56DFTP - INFO - 开始设置寄存器: POS_SET(1), 值: 0
2026-09-24 17:58:14,292 - RH56DFTP - INFO - 成功设置寄存器 POS_SET(1): 值=0, 起始地址=1476
2026-09-24 17:58:14,292 - RH56DFTP - INFO - 开始设置寄存器: POS_SET(2), 值: 0
2026-09-24 17:58:14,294 - RH56DFTP - INFO - 成功设置寄存器 POS_SET(2): 值=0, 起始地址=1478
2026-09-24 17:58:14,294 - RH56DFTP - INFO - 开始设置寄存器: POS_SET(3), 值: 0
2026-09-24 17:58:14,305 - RH56DFTP - INFO - 成功设置寄存器 POS_SET(3): 值=0, 起始地址=1480
2026-09-24 17:58:14,305 - RH56DFTP - INFO - 开始设置寄存器: POS_SET(4), 值: 0
2026-09-24 17:58:14,309 - RH56DFTP - INFO - 成功设置寄存器 POS_SET(4): 值=0, 起始地址=1482
2026-09-24 17:58:14,309 - RH56DFTP - INFO - 开始设置寄存器: POS_SET(5), 值: 0
2026-09-24 17:58:14,317 - RH56DFTP - INFO - 成功设置寄存器 POS_SET(5): 值=0, 起始地址=1484
2026-09-24 17:58:14,417 - RH56DFTP - INFO - 开始设置寄存器: POS_SET(0), 值: 1
2026-09-24 17:58:14,428 - RH56DFTP - INFO - 成功设置寄存器 POS_SET(0): 值=1, 起始地址=1474
2026-09-24 17:58:14,428 - RH56DFTP - INFO - 开始设置寄存器: POS_SET(1), 值: 0
2026-09-24 17:58:14,431 - RH56DFTP - INFO - 成功设置寄存器 POS_SET(1): 值=0, 起始地址=1476
2026-09-24 17:58:14,431 - RH56DFTP - INFO - 开始设置寄存器: POS_SET(2), 值: 0
2026-09-24 17:58:14,433 - RH56DFTP - INFO - 成功设置寄存器 POS_SET(2): 值=0, 起始地址=1478
2026-09-24 17:58:14,433 - RH56DFTP - INFO - 开始设置寄存器: POS_SET(3), 值: 0
2026-09-24 17:58:14,439 - RH56DFTP - INFO - 成功设置寄存器 POS_SET(3): 值=0, 起始地址=1480
2026-09-24 17:58:14,439 - RH56DFTP - INFO - 开始设置寄存器: POS_SET(4), 值: 0
2026-09-24 17:58:14,441 - RH56DFTP - INFO - 成功设置寄存器 POS_SET(4): 值=0, 起始地址=1482
2026-09-24 17:58:14,441 - RH56DFTP - INFO - 开始设置寄存器: POS_SET(5), 值: 0
2026-09-24 17:58:14,443 - RH56DFTP - INFO - 成功设置寄存器 POS_SET(5): 值=0, 起始地址=1484
2026-09-24 17:58:14,547 - RH56DFTP - INFO - 开始设置寄存器: POS_SET(0), 值: 1
2026-09-24 17:58:14,553 - RH56DFTP - INFO - 成功设置寄存器 POS_SET(0): 值=1, 起始地址=1474
2026-09-24 17:58:14,554 - RH56DFTP - INFO - 开始设置寄存器: POS_SET(1), 值: 0
2026-09-24 17:58:14,556 - RH56DFTP - INFO - 成功设置寄存器 POS_SET(1): 值=0, 起始地址=1476
2026-09-24 17:58:14,556 - RH56DFTP - INFO - 开始设置寄存器: POS_SET(2), 值: 0
2026-09-24 17:58:14,564 - RH56DFTP - INFO - 成功设置寄存器 POS_SET(2): 值=0, 起始地址=1478
2026-09-24 17:58:14,564 - RH56DFTP - INFO - 开始设置寄存器: POS_SET(3), 值: 0
2026-09-24 17:58:14,566 - RH56DFTP - INFO - 成功设置寄存器 POS_SET(3): 值=0, 起始地址=1480
2026-09-24 17:58:14,567 - RH56DFTP - INFO - 开始设置寄存器: POS_SET(4), 值: 0
2026-09-24 17:58:14,570 - RH56DFTP - INFO - 成功设置寄存器 POS_SET(4): 值=0, 起始地址=1482
2026-09-24 17:58:14,570 - RH56DFTP - INFO - 开始设置寄存器: POS_SET(5), 值: 0
2026-09-24 17:58:14,572 - RH56DFTP - INFO - 成功设置寄存器 POS_SET(5): 值=0, 起始地址=1484
2026-09-24 17:58:14,669 - RH56DFTP - INFO - 开始设置寄存器: POS_SET(0), 值: 1
2026-09-24 17:58:14,677 - RH56DFTP - INFO - 成功设置寄存器 POS_SET(0): 值=1, 起始地址=1474
2026-09-24 17:58:14,677 - RH56DFTP - INFO - 开始设置寄存器: POS_SET(1), 值: 0
2026-09-24 17:58:14,678 - RH56DFTP - INFO - 成功设置寄存器 POS_SET(1): 值=0, 起始地址=1476
2026-09-24 17:58:14,679 - RH56DFTP - INFO - 开始设置寄存器: POS_SET(2), 值: 0
2026-09-24 17:58:14,680 - RH56DFTP - INFO - 成功设置寄存器 POS_SET(2): 值=0, 起始地址=1478
2026-09-24 17:58:14,680 - RH56DFTP - INFO - 开始设置寄存器: POS_SET(3), 值: 0
2026-09-24 17:58:14,688 - RH56DFTP - INFO - 成功设置寄存器 POS_SET(3): 值=0, 起始地址=1480
2026-09-24 17:58:14,688 - RH56DFTP - INFO - 开始设置寄存器: POS_SET(4), 值: 0
2026-09-24 17:58:14,690 - RH56DFTP - INFO - 成功设置寄存器 POS_SET(4): 值=0, 起始地址=1482
2026-09-24 17:58:14,691 - RH56DFTP - INFO - 开始设置寄存器: POS_SET(5), 值: 0
2026-09-24 17:58:14,693 - RH56DFTP - INFO - 成功设置寄存器 POS_SET(5): 值=0, 起始地址=1484
2026-09-24 17:58:14,780 - RH56DFTP - INFO - 开始设置寄存器: POS_SET(0), 值: 1
2026-09-24 17:58:14,783 - RH56DFTP - INFO - 成功设置寄存器 POS_SET(0): 值=1, 起始地址=1474
2026-09-24 17:58:14,783 - RH56DFTP - INFO - 开始设置寄存器: POS_SET(1), 值: 0
2026-09-24 17:58:14,785 - RH56DFTP - INFO - 成功设置寄存器 POS_SET(1): 值=0, 起始地址=1476
2026-09-24 17:58:14,785 - RH56DFTP - INFO - 开始设置寄存器: POS_SET(2), 值: 0
2026-09-24 17:58:14,787 - RH56DFTP - INFO - 成功设置寄存器 POS_SET(2): 值=0, 起始地址=1478
2026-09-24 17:58:14,788 - RH56DFTP - INFO - 开始设置寄存器: POS_SET(3), 值: 0
2026-09-24 17:58:14,790 - RH56DFTP - INFO - 成功设置寄存器 POS_SET(3): 值=0, 起始地址=1480
2026-09-24 17:58:14,790 - RH56DFTP - INFO - 开始设置寄存器: POS_SET(4), 值: 0
2026-09-24 17:58:14,800 - RH56DFTP - INFO - 成功设置寄存器 POS_SET(4): 值=0, 起始地址=1482
2026-09-24 17:58:14,800 - RH56DFTP - INFO - 开始设置寄存器: POS_SET(5), 值: 0
2026-09-24 17:58:14,802 - RH56DFTP - INFO - 成功设置寄存器 POS_SET(5): 值=0, 起始地址=1484
2026-09-24 17:58:14,899 - RH56DFTP - INFO - 开始设置寄存器: POS_SET(0), 值: 1
2026-09-24 17:58:14,905 - RH56DFTP - INFO - 成功设置寄存器 POS_SET(0): 值=1, 起始地址=1474
2026-09-24 17:58:14,905 - RH56DFTP - INFO - 开始设置寄存器: POS_SET(1), 值: 0
2026-09-24 17:58:14,907 - RH56DFTP - INFO - 成功设置寄存器 POS_SET(1): 值=0, 起始地址=1476
2026-09-24 17:58:14,908 - RH56DFTP - INFO - 开始设置寄存器: POS_SET(2), 值: 0
2026-09-24 17:58:14,909 - RH56DFTP - INFO - 成功设置寄存器 POS_SET(2): 值=0, 起始地址=1478
2026-09-24 17:58:14,909 - RH56DFTP - INFO - 开始设置寄存器: POS_SET(3), 值: 0
2026-09-24 17:58:14,911 - RH56DFTP - INFO - 成功设置寄存器 POS_SET(3): 值=0, 起始地址=1480
2026-09-24 17:58:14,911 - RH56DFTP - INFO - 开始设置寄存器: POS_SET(4), 值: 0
2026-09-24 17:58:14,914 - RH56DFTP - INFO - 成功设置寄存器 POS_SET(4): 值=0, 起始地址=1482
2026-09-24 17:58:14,914 - RH56DFTP - INFO - 开始设置寄存器: POS_SET(5), 值: 0
2026-09-24 17:58:14,925 - RH56DFTP - INFO - 成功设置寄存器 POS_SET(5): 值=0, 起始地址=1484
2026-09-24 17:58:15,023 - RH56DFTP - INFO - 开始设置寄存器: POS_SET(0), 值: 1
2026-09-24 17:58:15,029 - RH56DFTP - INFO - 成功设置寄存器 POS_SET(0): 值=1, 起始地址=1474
2026-09-24 17:58:15,030 - RH56DFTP - INFO - 开始设置寄存器: POS_SET(1), 值: 0
2026-09-24 17:58:15,032 - RH56DFTP - INFO - 成功设置寄存器 POS_SET(1): 值=0, 起始地址=1476
2026-09-24 17:58:15,032 - RH56DFTP - INFO - 开始设置寄存器: POS_SET(2), 值: 0
2026-09-24 17:58:15,035 - RH56DFTP - INFO - 成功设置寄存器 POS_SET(2): 值=0, 起始地址=1478
2026-09-24 17:58:15,035 - RH56DFTP - INFO - 开始设置寄存器: POS_SET(3), 值: 0
2026-09-24 17:58:15,040 - RH56DFTP - INFO - 成功设置寄存器 POS_SET(3): 值=0, 起始地址=1480
2026-09-24 17:58:15,042 - RH56DFTP - INFO - 开始设置寄存器: POS_SET(4), 值: 0
2026-09-24 17:58:15,049 - RH56DFTP - INFO - 成功设置寄存器 POS_SET(4): 值=0, 起始地址=1482
2026-09-24 17:58:15,051 - RH56DFTP - INFO - 开始设置寄存器: POS_SET(5), 值: 0
2026-09-24 17:58:15,054 - RH56DFTP - INFO - 成功设置寄存器 POS_SET(5): 值=0, 起始地址=1484
2026-09-24 17:58:15,223 - RH56DFTP - INFO - 开始设置寄存器: POS_SET(0), 值: 1
2026-09-24 17:58:15,234 - RH56DFTP - INFO - 成功设置寄存器 POS_SET(0): 值=1, 起始地址=1474
2026-09-24 17:58:15,235 - RH56DFTP - INFO - 开始设置寄存器: POS_SET(1), 值: 0
2026-09-24 17:58:15,236 - RH56DFTP - INFO - 成功设置寄存器 POS_SET(1): 值=0, 起始地址=1476
2026-09-24 17:58:15,237 - RH56DFTP - INFO - 开始设置寄存器: POS_SET(2), 值: 0
2026-09-24 17:58:15,239 - RH56DFTP - INFO - 成功设置寄存器 POS_SET(2): 值=0, 起始地址=1478
2026-09-24 17:58:15,239 - RH56DFTP - INFO - 开始设置寄存器: POS_SET(3), 值: 0
2026-09-24 17:58:15,246 - RH56DFTP - INFO - 成功设置寄存器 POS_SET(3): 值=0, 起始地址=1480
2026-09-24 17:58:15,247 - RH56DFTP - INFO - 开始设置寄存器: POS_SET(4), 值: 0
2026-09-24 17:58:15,251 - RH56DFTP - INFO - 成功设置寄存器 POS_SET(4): 值=0, 起始地址=1482
2026-09-24 17:58:15,251 - RH56DFTP - INFO - 开始设置寄存器: POS_SET(5), 值: 0
2026-09-24 17:58:15,253 - RH56DFTP - INFO - 成功设置寄存器 POS_SET(5): 值=0, 起始地址=1484
2026-09-24 17:58:15,361 - RH56DFTP - INFO - 开始设置寄存器: POS_SET(0), 值: 1
2026-09-24 17:58:15,363 - RH56DFTP - INFO - 成功设置寄存器 POS_SET(0): 值=1, 起始地址=1474
2026-09-24 17:58:15,363 - RH56DFTP - INFO - 开始设置寄存器: POS_SET(1), 值: 0
2026-09-24 17:58:15,369 - RH56DFTP - INFO - 成功设置寄存器 POS_SET(1): 值=0, 起始地址=1476
2026-09-24 17:58:15,369 - RH56DFTP - INFO - 开始设置寄存器: POS_SET(2), 值: 0
2026-09-24 17:58:15,372 - RH56DFTP - INFO - 成功设置寄存器 POS_SET(2): 值=0, 起始地址=1478
2026-09-24 17:58:15,372 - RH56DFTP - INFO - 开始设置寄存器: POS_SET(3), 值: 0
2026-09-24 17:58:15,375 - RH56DFTP - INFO - 成功设置寄存器 POS_SET(3): 值=0, 起始地址=1480
2026-09-24 17:58:15,375 - RH56DFTP - INFO - 开始设置寄存器: POS_SET(4), 值: 0
2026-09-24 17:58:15,377 - RH56DFTP - INFO - 成功设置寄存器 POS_SET(4): 值=0, 起始地址=1482
2026-09-24 17:58:15,377 - RH56DFTP - INFO - 开始设置寄存器: POS_SET(5), 值: 0
2026-09-24 17:58:15,379 - RH56DFTP - INFO - 成功设置寄存器 POS_SET(5): 值=0, 起始地址=1484
2026-09-24 17:58:15,475 - RH56DFTP - INFO - 开始设置寄存器: POS_SET(0), 值: 1
2026-09-24 17:58:15,483 - RH56DFTP - INFO - 成功设置寄存器 POS_SET(0): 值=1, 起始地址=1474
2026-09-24 17:58:15,484 - RH56DFTP - INFO - 开始设置寄存器: POS_SET(1), 值: 0
2026-09-24 17:58:15,487 - RH56DFTP - INFO - 成功设置寄存器 POS_SET(1): 值=0, 起始地址=1476
2026-09-24 17:58:15,487 - RH56DFTP - INFO - 开始设置寄存器: POS_SET(2), 值: 0
2026-09-24 17:58:15,495 - RH56DFTP - INFO - 成功设置寄存器 POS_SET(2): 值=0, 起始地址=1478
2026-09-24 17:58:15,495 - RH56DFTP - INFO - 开始设置寄存器: POS_SET(3), 值: 0
2026-09-24 17:58:15,498 - RH56DFTP - INFO - 成功设置寄存器 POS_SET(3): 值=0, 起始地址=1480
2026-09-24 17:58:15,499 - RH56DFTP - INFO - 开始设置寄存器: POS_SET(4), 值: 0
2026-09-24 17:58:15,500 - RH56DFTP - INFO - 成功设置寄存器 POS_SET(4): 值=0, 起始地址=1482
2026-09-24 17:58:15,500 - RH56DFTP - INFO - 开始设置寄存器: POS_SET(5), 值: 0
2026-09-24 17:58:15,502 - RH56DFTP - INFO - 成功设置寄存器 POS_SET(5): 值=0, 起始地址=1484
2026-09-24 17:58:15,599 - RH56DFTP - INFO - 开始设置寄存器: POS_SET(0), 值: 1
2026-09-24 17:58:15,608 - RH56DFTP - INFO - 成功设置寄存器 POS_SET(0): 值=1, 起始地址=1474
2026-09-24 17:58:15,608 - RH56DFTP - INFO - 开始设置寄存器: POS_SET(1), 值: 0
2026-09-24 17:58:15,610 - RH56DFTP - INFO - 成功设置寄存器 POS_SET(1): 值=0, 起始地址=1476
2026-09-24 17:58:15,611 - RH56DFTP - INFO - 开始设置寄存器: POS_SET(2), 值: 0
2026-09-24 17:58:15,617 - RH56DFTP - INFO - 成功设置寄存器 POS_SET(2): 值=0, 起始地址=1478
2026-09-24 17:58:15,617 - RH56DFTP - INFO - 开始设置寄存器: POS_SET(3), 值: 0
2026-09-24 17:58:15,620 - RH56DFTP - INFO - 成功设置寄存器 POS_SET(3): 值=0, 起始地址=1480
2026-09-24 17:58:15,620 - RH56DFTP - INFO - 开始设置寄存器: POS_SET(4), 值: 0
2026-09-24 17:58:15,622 - RH56DFTP - INFO - 成功设置寄存器 POS_SET(4): 值=0, 起始地址=1482
2026-09-24 17:58:15,622 - RH56DFTP - INFO - 开始设置寄存器: POS_SET(5), 值: 0
2026-09-24 17:58:15,624 - RH56DFTP - INFO - 成功设置寄存器 POS_SET(5): 值=0, 起始地址=1484
2026-09-24 17:58:15,724 - RH56DFTP - INFO - 开始设置寄存器: POS_SET(0), 值: 1
2026-09-24 17:58:15,731 - RH56DFTP - INFO - 成功设置寄存器 POS_SET(0): 值=1, 起始地址=1474
2026-09-24 17:58:15,731 - RH56DFTP - INFO - 开始设置寄存器: POS_SET(1), 值: 0
2026-09-24 17:58:15,733 - RH56DFTP - INFO - 成功设置寄存器 POS_SET(1): 值=0, 起始地址=1476
2026-09-24 17:58:15,733 - RH56DFTP - INFO - 开始设置寄存器: POS_SET(2), 值: 0
2026-09-24 17:58:15,735 - RH56DFTP - INFO - 成功设置寄存器 POS_SET(2): 值=0, 起始地址=1478
2026-09-24 17:58:15,735 - RH56DFTP - INFO - 开始设置寄存器: POS_SET(3), 值: 0
2026-09-24 17:58:15,742 - RH56DFTP - INFO - 成功设置寄存器 POS_SET(3): 值=0, 起始地址=1480
2026-09-24 17:58:15,743 - RH56DFTP - INFO - 开始设置寄存器: POS_SET(4), 值: 0
2026-09-24 17:58:15,744 - RH56DFTP - INFO - 成功设置寄存器 POS_SET(4): 值=0, 起始地址=1482
2026-09-24 17:58:15,745 - RH56DFTP - INFO - 开始设置寄存器: POS_SET(5), 值: 0
2026-09-24 17:58:15,748 - RH56DFTP - INFO - 成功设置寄存器 POS_SET(5): 值=0, 起始地址=1484
2026-09-24 17:58:15,854 - RH56DFTP - INFO - 开始设置寄存器: POS_SET(0), 值: 1
2026-09-24 17:58:15,857 - RH56DFTP - INFO - 成功设置寄存器 POS_SET(0): 值=1, 起始地址=1474
2026-09-24 17:58:15,857 - RH56DFTP - INFO - 开始设置寄存器: POS_SET(1), 值: 0
2026-09-24 17:58:15,860 - RH56DFTP - INFO - 成功设置寄存器 POS_SET(1): 值=0, 起始地址=1476
2026-09-24 17:58:15,861 - RH56DFTP - INFO - 开始设置寄存器: POS_SET(2), 值: 0
2026-09-24 17:58:15,867 - RH56DFTP - INFO - 成功设置寄存器 POS_SET(2): 值=0, 起始地址=1478
2026-09-24 17:58:15,869 - RH56DFTP - INFO - 开始设置寄存器: POS_SET(3), 值: 0
2026-09-24 17:58:15,872 - RH56DFTP - INFO - 成功设置寄存器 POS_SET(3): 值=0, 起始地址=1480
2026-09-24 17:58:15,872 - RH56DFTP - INFO - 开始设置寄存器: POS_SET(4), 值: 0
2026-09-24 17:58:15,874 - RH56DFTP - INFO - 成功设置寄存器 POS_SET(4): 值=0, 起始地址=1482
2026-09-24 17:58:15,874 - RH56DFTP - INFO - 开始设置寄存器: POS_SET(5), 值: 0
2026-09-24 17:58:15,876 - RH56DFTP - INFO - 成功设置寄存器 POS_SET(5): 值=0, 起始地址=1484
2026-09-24 17:58:15,984 - RH56DFTP - INFO - 开始设置寄存器: POS_SET(0), 值: 1
2026-09-24 17:58:15,991 - RH56DFTP - INFO - 成功设置寄存器 POS_SET(0): 值=1, 起始地址=1474
2026-09-24 17:58:15,991 - RH56DFTP - INFO - 开始设置寄存器: POS_SET(1), 值: 0
2026-09-24 17:58:15,992 - RH56DFTP - INFO - 成功设置寄存器 POS_SET(1): 值=0, 起始地址=1476
2026-09-24 17:58:15,993 - RH56DFTP - INFO - 开始设置寄存器: POS_SET(2), 值: 0
2026-09-24 17:58:15,994 - RH56DFTP - INFO - 成功设置寄存器 POS_SET(2): 值=0, 起始地址=1478
2026-09-24 17:58:15,994 - RH56DFTP - INFO - 开始设置寄存器: POS_SET(3), 值: 0
2026-09-24 17:58:15,996 - RH56DFTP - INFO - 成功设置寄存器 POS_SET(3): 值=0, 起始地址=1480
2026-09-24 17:58:15,996 - RH56DFTP - INFO - 开始设置寄存器: POS_SET(4), 值: 0
2026-09-24 17:58:15,998 - RH56DFTP - INFO - 成功设置寄存器 POS_SET(4): 值=0, 起始地址=1482
2026-09-24 17:58:15,998 - RH56DFTP - INFO - 开始设置寄存器: POS_SET(5), 值: 0
2026-09-24 17:58:16,010 - RH56DFTP - INFO - 成功设置寄存器 POS_SET(5): 值=0, 起始地址=1484
2026-09-24 17:58:16,114 - RH56DFTP - INFO - 开始设置寄存器: POS_SET(0), 值: 1
2026-09-24 17:58:16,118 - RH56DFTP - INFO - 成功设置寄存器 POS_SET(0): 值=1, 起始地址=1474
2026-09-24 17:58:16,118 - RH56DFTP - INFO - 开始设置寄存器: POS_SET(1), 值: 0
2026-09-24 17:58:16,120 - RH56DFTP - INFO - 成功设置寄存器 POS_SET(1): 值=0, 起始地址=1476
2026-09-24 17:58:16,120 - RH56DFTP - INFO - 开始设置寄存器: POS_SET(2), 值: 0
2026-09-24 17:58:16,122 - RH56DFTP - INFO - 成功设置寄存器 POS_SET(2): 值=0, 起始地址=1478
2026-09-24 17:58:16,122 - RH56DFTP - INFO - 开始设置寄存器: POS_SET(3), 值: 0
2026-09-24 17:58:16,133 - RH56DFTP - INFO - 成功设置寄存器 POS_SET(3): 值=0, 起始地址=1480
2026-09-24 17:58:16,133 - RH56DFTP - INFO - 开始设置寄存器: POS_SET(4), 值: 0
2026-09-24 17:58:16,135 - RH56DFTP - INFO - 成功设置寄存器 POS_SET(4): 值=0, 起始地址=1482
2026-09-24 17:58:16,135 - RH56DFTP - INFO - 开始设置寄存器: POS_SET(5), 值: 0
2026-09-24 17:58:16,137 - RH56DFTP - INFO - 成功设置寄存器 POS_SET(5): 值=0, 起始地址=1484
2026-09-24 17:58:16,243 - RH56DFTP - INFO - 开始设置寄存器: POS_SET(0), 值: 1
2026-09-24 17:58:16,246 - RH56DFTP - INFO - 成功设置寄存器 POS_SET(0): 值=1, 起始地址=1474
2026-09-24 17:58:16,247 - RH56DFTP - INFO - 开始设置寄存器: POS_SET(1), 值: 0
2026-09-24 17:58:16,258 - RH56DFTP - INFO - 成功设置寄存器 POS_SET(1): 值=0, 起始地址=1476
2026-09-24 17:58:16,258 - RH56DFTP - INFO - 开始设置寄存器: POS_SET(2), 值: 0
2026-09-24 17:58:16,260 - RH56DFTP - INFO - 成功设置寄存器 POS_SET(2): 值=0, 起始地址=1478
2026-09-24 17:58:16,261 - RH56DFTP - INFO - 开始设置寄存器: POS_SET(3), 值: 0
2026-09-24 17:58:16,262 - RH56DFTP - INFO - 成功设置寄存器 POS_SET(3): 值=0, 起始地址=1480
2026-09-24 17:58:16,263 - RH56DFTP - INFO - 开始设置寄存器: POS_SET(4), 值: 0
2026-09-24 17:58:16,269 - RH56DFTP - INFO - 成功设置寄存器 POS_SET(4): 值=0, 起始地址=1482
2026-09-24 17:58:16,270 - RH56DFTP - INFO - 开始设置寄存器: POS_SET(5), 值: 0
2026-09-24 17:58:16,272 - RH56DFTP - INFO - 成功设置寄存器 POS_SET(5): 值=0, 起始地址=1484
2026-09-24 17:58:16,378 - RH56DFTP - INFO - 开始设置寄存器: POS_SET(0), 值: 1
2026-09-24 17:58:16,382 - RH56DFTP - INFO - 成功设置寄存器 POS_SET(0): 值=1, 起始地址=1474
2026-09-24 17:58:16,382 - RH56DFTP - INFO - 开始设置寄存器: POS_SET(1), 值: 0
2026-09-24 17:58:16,384 - RH56DFTP - INFO - 成功设置寄存器 POS_SET(1): 值=0, 起始地址=1476
2026-09-24 17:58:16,384 - RH56DFTP - INFO - 开始设置寄存器: POS_SET(2), 值: 0
2026-09-24 17:58:16,386 - RH56DFTP - INFO - 成功设置寄存器 POS_SET(2): 值=0, 起始地址=1478
2026-09-24 17:58:16,388 - RH56DFTP - INFO - 开始设置寄存器: POS_SET(3), 值: 0
2026-09-24 17:58:16,393 - RH56DFTP - INFO - 成功设置寄存器 POS_SET(3): 值=0, 起始地址=1480
2026-09-24 17:58:16,394 - RH56DFTP - INFO - 开始设置寄存器: POS_SET(4), 值: 0
2026-09-24 17:58:16,396 - RH56DFTP - INFO - 成功设置寄存器 POS_SET(4): 值=0, 起始地址=1482
2026-09-24 17:58:16,396 - RH56DFTP - INFO - 开始设置寄存器: POS_SET(5), 值: 0
2026-09-24 17:58:16,398 - RH56DFTP - INFO - 成功设置寄存器 POS_SET(5): 值=0, 起始地址=1484
2026-09-24 17:58:16,502 - RH56DFTP - INFO - 开始设置寄存器: POS_SET(0), 值: 1
2026-09-24 17:58:16,506 - RH56DFTP - INFO - 成功设置寄存器 POS_SET(0): 值=1, 起始地址=1474
2026-09-24 17:58:16,506 - RH56DFTP - INFO - 开始设置寄存器: POS_SET(1), 值: 0
2026-09-24 17:58:16,509 - RH56DFTP - INFO - 成功设置寄存器 POS_SET(1): 值=0, 起始地址=1476
2026-09-24 17:58:16,509 - RH56DFTP - INFO - 开始设置寄存器: POS_SET(2), 值: 0
2026-09-24 17:58:16,516 - RH56DFTP - INFO - 成功设置寄存器 POS_SET(2): 值=0, 起始地址=1478
2026-09-24 17:58:16,516 - RH56DFTP - INFO - 开始设置寄存器: POS_SET(3), 值: 0
2026-09-24 17:58:16,519 - RH56DFTP - INFO - 成功设置寄存器 POS_SET(3): 值=0, 起始地址=1480
2026-09-24 17:58:16,519 - RH56DFTP - INFO - 开始设置寄存器: POS_SET(4), 值: 0
2026-09-24 17:58:16,521 - RH56DFTP - INFO - 成功设置寄存器 POS_SET(4): 值=0, 起始地址=1482
2026-09-24 17:58:16,521 - RH56DFTP - INFO - 开始设置寄存器: POS_SET(5), 值: 0
2026-09-24 17:58:16,522 - RH56DFTP - INFO - 成功设置寄存器 POS_SET(5): 值=0, 起始地址=1484
2026-09-24 17:58:16,626 - RH56DFTP - INFO - 开始设置寄存器: POS_SET(0), 值: 1
2026-09-24 17:58:16,630 - RH56DFTP - INFO - 成功设置寄存器 POS_SET(0): 值=1, 起始地址=1474
2026-09-24 17:58:16,630 - RH56DFTP - INFO - 开始设置寄存器: POS_SET(1), 值: 0
2026-09-24 17:58:16,632 - RH56DFTP - INFO - 成功设置寄存器 POS_SET(1): 值=0, 起始地址=1476
2026-09-24 17:58:16,632 - RH56DFTP - INFO - 开始设置寄存器: POS_SET(2), 值: 0
2026-09-24 17:58:16,633 - RH56DFTP - INFO - 成功设置寄存器 POS_SET(2): 值=0, 起始地址=1478
2026-09-24 17:58:16,634 - RH56DFTP - INFO - 开始设置寄存器: POS_SET(3), 值: 0
2026-09-24 17:58:16,640 - RH56DFTP - INFO - 成功设置寄存器 POS_SET(3): 值=0, 起始地址=1480
2026-09-24 17:58:16,641 - RH56DFTP - INFO - 开始设置寄存器: POS_SET(4), 值: 0
2026-09-24 17:58:16,643 - RH56DFTP - INFO - 成功设置寄存器 POS_SET(4): 值=0, 起始地址=1482
2026-09-24 17:58:16,643 - RH56DFTP - INFO - 开始设置寄存器: POS_SET(5), 值: 0
2026-09-24 17:58:16,645 - RH56DFTP - INFO - 成功设置寄存器 POS_SET(5): 值=0, 起始地址=1484
2026-09-24 17:58:16,743 - RH56DFTP - INFO - 开始设置寄存器: POS_SET(0), 值: 1
2026-09-24 17:58:16,754 - RH56DFTP - INFO - 成功设置寄存器 POS_SET(0): 值=1, 起始地址=1474
2026-09-24 17:58:16,755 - RH56DFTP - INFO - 开始设置寄存器: POS_SET(1), 值: 0
2026-09-24 17:58:16,757 - RH56DFTP - INFO - 成功设置寄存器 POS_SET(1): 值=0, 起始地址=1476
2026-09-24 17:58:16,757 - RH56DFTP - INFO - 开始设置寄存器: POS_SET(2), 值: 0
2026-09-24 17:58:16,765 - RH56DFTP - INFO - 成功设置寄存器 POS_SET(2): 值=0, 起始地址=1478
2026-09-24 17:58:16,765 - RH56DFTP - INFO - 开始设置寄存器: POS_SET(3), 值: 0
2026-09-24 17:58:16,767 - RH56DFTP - INFO - 成功设置寄存器 POS_SET(3): 值=0, 起始地址=1480
2026-09-24 17:58:16,767 - RH56DFTP - INFO - 开始设置寄存器: POS_SET(4), 值: 0
2026-09-24 17:58:16,769 - RH56DFTP - INFO - 成功设置寄存器 POS_SET(4): 值=0, 起始地址=1482
2026-09-24 17:58:16,770 - RH56DFTP - INFO - 开始设置寄存器: POS_SET(5), 值: 0
2026-09-24 17:58:16,771 - RH56DFTP - INFO - 成功设置寄存器 POS_SET(5): 值=0, 起始地址=1484
2026-09-24 17:58:16,876 - RH56DFTP - INFO - 开始设置寄存器: POS_SET(0), 值: 1
2026-09-24 17:58:16,878 - RH56DFTP - INFO - 成功设置寄存器 POS_SET(0): 值=1, 起始地址=1474
2026-09-24 17:58:16,878 - RH56DFTP - INFO - 开始设置寄存器: POS_SET(1), 值: 0
2026-09-24 17:58:16,881 - RH56DFTP - INFO - 成功设置寄存器 POS_SET(1): 值=0, 起始地址=1476
2026-09-24 17:58:16,881 - RH56DFTP - INFO - 开始设置寄存器: POS_SET(2), 值: 0
2026-09-24 17:58:16,882 - RH56DFTP - INFO - 成功设置寄存器 POS_SET(2): 值=0, 起始地址=1478
2026-09-24 17:58:16,882 - RH56DFTP - INFO - 开始设置寄存器: POS_SET(3), 值: 0
2026-09-24 17:58:16,889 - RH56DFTP - INFO - 成功设置寄存器 POS_SET(3): 值=0, 起始地址=1480
2026-09-24 17:58:16,889 - RH56DFTP - INFO - 开始设置寄存器: POS_SET(4), 值: 0
2026-09-24 17:58:16,892 - RH56DFTP - INFO - 成功设置寄存器 POS_SET(4): 值=0, 起始地址=1482
2026-09-24 17:58:16,892 - RH56DFTP - INFO - 开始设置寄存器: POS_SET(5), 值: 0
2026-09-24 17:58:16,894 - RH56DFTP - INFO - 成功设置寄存器 POS_SET(5): 值=0, 起始地址=1484
2026-09-24 17:58:16,995 - RH56DFTP - INFO - 开始设置寄存器: POS_SET(0), 值: 1
2026-09-24 17:58:17,002 - RH56DFTP - INFO - 成功设置寄存器 POS_SET(0): 值=1, 起始地址=1474
2026-09-24 17:58:17,002 - RH56DFTP - INFO - 开始设置寄存器: POS_SET(1), 值: 0
2026-09-24 17:58:17,004 - RH56DFTP - INFO - 成功设置寄存器 POS_SET(1): 值=0, 起始地址=1476
2026-09-24 17:58:17,004 - RH56DFTP - INFO - 开始设置寄存器: POS_SET(2), 值: 0
2026-09-24 17:58:17,006 - RH56DFTP - INFO - 成功设置寄存器 POS_SET(2): 值=0, 起始地址=1478
2026-09-24 17:58:17,007 - RH56DFTP - INFO - 开始设置寄存器: POS_SET(3), 值: 0
2026-09-24 17:58:17,014 - RH56DFTP - INFO - 成功设置寄存器 POS_SET(3): 值=0, 起始地址=1480
2026-09-24 17:58:17,014 - RH56DFTP - INFO - 开始设置寄存器: POS_SET(4), 值: 0
2026-09-24 17:58:17,016 - RH56DFTP - INFO - 成功设置寄存器 POS_SET(4): 值=0, 起始地址=1482
2026-09-24 17:58:17,016 - RH56DFTP - INFO - 开始设置寄存器: POS_SET(5), 值: 0
2026-09-24 17:58:17,017 - RH56DFTP - INFO - 成功设置寄存器 POS_SET(5): 值=0, 起始地址=1484
2026-09-24 17:58:17,122 - RH56DFTP - INFO - 开始设置寄存器: POS_SET(0), 值: 1
2026-09-24 17:58:17,126 - RH56DFTP - INFO - 成功设置寄存器 POS_SET(0): 值=1, 起始地址=1474
2026-09-24 17:58:17,127 - RH56DFTP - INFO - 开始设置寄存器: POS_SET(1), 值: 0
2026-09-24 17:58:17,129 - RH56DFTP - INFO - 成功设置寄存器 POS_SET(1): 值=0, 起始地址=1476
2026-09-24 17:58:17,130 - RH56DFTP - INFO - 开始设置寄存器: POS_SET(2), 值: 0
2026-09-24 17:58:17,136 - RH56DFTP - INFO - 成功设置寄存器 POS_SET(2): 值=0, 起始地址=1478
2026-09-24 17:58:17,137 - RH56DFTP - INFO - 开始设置寄存器: POS_SET(3), 值: 0
2026-09-24 17:58:17,139 - RH56DFTP - INFO - 成功设置寄存器 POS_SET(3): 值=0, 起始地址=1480
2026-09-24 17:58:17,139 - RH56DFTP - INFO - 开始设置寄存器: POS_SET(4), 值: 0
2026-09-24 17:58:17,141 - RH56DFTP - INFO - 成功设置寄存器 POS_SET(4): 值=0, 起始地址=1482
2026-09-24 17:58:17,141 - RH56DFTP - INFO - 开始设置寄存器: POS_SET(5), 值: 0
2026-09-24 17:58:17,143 - RH56DFTP - INFO - 成功设置寄存器 POS_SET(5): 值=0, 起始地址=1484
2026-09-24 17:58:17,248 - RH56DFTP - INFO - 开始设置寄存器: POS_SET(0), 值: 1
2026-09-24 17:58:17,250 - RH56DFTP - INFO - 成功设置寄存器 POS_SET(0): 值=1, 起始地址=1474
2026-09-24 17:58:17,250 - RH56DFTP - INFO - 开始设置寄存器: POS_SET(1), 值: 0
2026-09-24 17:58:17,252 - RH56DFTP - INFO - 成功设置寄存器 POS_SET(1): 值=0, 起始地址=1476
2026-09-24 17:58:17,252 - RH56DFTP - INFO - 开始设置寄存器: POS_SET(2), 值: 0
2026-09-24 17:58:17,254 - RH56DFTP - INFO - 成功设置寄存器 POS_SET(2): 值=0, 起始地址=1478
2026-09-24 17:58:17,254 - RH56DFTP - INFO - 开始设置寄存器: POS_SET(3), 值: 0
2026-09-24 17:58:17,262 - RH56DFTP - INFO - 成功设置寄存器 POS_SET(3): 值=0, 起始地址=1480
2026-09-24 17:58:17,263 - RH56DFTP - INFO - 开始设置寄存器: POS_SET(4), 值: 0
2026-09-24 17:58:17,264 - RH56DFTP - INFO - 成功设置寄存器 POS_SET(4): 值=0, 起始地址=1482
2026-09-24 17:58:17,265 - RH56DFTP - INFO - 开始设置寄存器: POS_SET(5), 值: 0
2026-09-24 17:58:17,267 - RH56DFTP - INFO - 成功设置寄存器 POS_SET(5): 值=0, 起始地址=1484
2026-09-24 17:58:17,367 - RH56DFTP - INFO - 开始设置寄存器: POS_SET(0), 值: 1
2026-09-24 17:58:17,374 - RH56DFTP - INFO - 成功设置寄存器 POS_SET(0): 值=1, 起始地址=1474
2026-09-24 17:58:17,374 - RH56DFTP - INFO - 开始设置寄存器: POS_SET(1), 值: 0
2026-09-24 17:58:17,376 - RH56DFTP - INFO - 成功设置寄存器 POS_SET(1): 值=0, 起始地址=1476
2026-09-24 17:58:17,376 - RH56DFTP - INFO - 开始设置寄存器: POS_SET(2), 值: 0
2026-09-24 17:58:17,378 - RH56DFTP - INFO - 成功设置寄存器 POS_SET(2): 值=0, 起始地址=1478
2026-09-24 17:58:17,378 - RH56DFTP - INFO - 开始设置寄存器: POS_SET(3), 值: 0
2026-09-24 17:58:17,384 - RH56DFTP - INFO - 成功设置寄存器 POS_SET(3): 值=0, 起始地址=1480
2026-09-24 17:58:17,385 - RH56DFTP - INFO - 开始设置寄存器: POS_SET(4), 值: 0
2026-09-24 17:58:17,388 - RH56DFTP - INFO - 成功设置寄存器 POS_SET(4): 值=0, 起始地址=1482
2026-09-24 17:58:17,388 - RH56DFTP - INFO - 开始设置寄存器: POS_SET(5), 值: 0
2026-09-24 17:58:17,390 - RH56DFTP - INFO - 成功设置寄存器 POS_SET(5): 值=0, 起始地址=1484
2026-09-24 17:58:17,487 - RH56DFTP - INFO - 开始设置寄存器: POS_SET(0), 值: 1
2026-09-24 17:58:17,498 - RH56DFTP - INFO - 成功设置寄存器 POS_SET(0): 值=1, 起始地址=1474
2026-09-24 17:58:17,498 - RH56DFTP - INFO - 开始设置寄存器: POS_SET(1), 值: 0
2026-09-24 17:58:17,500 - RH56DFTP - INFO - 成功设置寄存器 POS_SET(1): 值=0, 起始地址=1476
2026-09-24 17:58:17,500 - RH56DFTP - INFO - 开始设置寄存器: POS_SET(2), 值: 0
2026-09-24 17:58:17,502 - RH56DFTP - INFO - 成功设置寄存器 POS_SET(2): 值=0, 起始地址=1478
2026-09-24 17:58:17,502 - RH56DFTP - INFO - 开始设置寄存器: POS_SET(3), 值: 0
2026-09-24 17:58:17,509 - RH56DFTP - INFO - 成功设置寄存器 POS_SET(3): 值=0, 起始地址=1480
2026-09-24 17:58:17,509 - RH56DFTP - INFO - 开始设置寄存器: POS_SET(4), 值: 0
2026-09-24 17:58:17,511 - RH56DFTP - INFO - 成功设置寄存器 POS_SET(4): 值=0, 起始地址=1482
2026-09-24 17:58:17,511 - RH56DFTP - INFO - 开始设置寄存器: POS_SET(5), 值: 0
2026-09-24 17:58:17,512 - RH56DFTP - INFO - 成功设置寄存器 POS_SET(5): 值=0, 起始地址=1484
2026-09-24 17:58:17,614 - RH56DFTP - INFO - 开始设置寄存器: POS_SET(0), 值: 1
2026-09-24 17:58:17,622 - RH56DFTP - INFO - 成功设置寄存器 POS_SET(0): 值=1, 起始地址=1474
2026-09-24 17:58:17,622 - RH56DFTP - INFO - 开始设置寄存器: POS_SET(1), 值: 0
2026-09-24 17:58:17,625 - RH56DFTP - INFO - 成功设置寄存器 POS_SET(1): 值=0, 起始地址=1476
2026-09-24 17:58:17,625 - RH56DFTP - INFO - 开始设置寄存器: POS_SET(2), 值: 0
2026-09-24 17:58:17,632 - RH56DFTP - INFO - 成功设置寄存器 POS_SET(2): 值=0, 起始地址=1478
2026-09-24 17:58:17,632 - RH56DFTP - INFO - 开始设置寄存器: POS_SET(3), 值: 0
2026-09-24 17:58:17,634 - RH56DFTP - INFO - 成功设置寄存器 POS_SET(3): 值=0, 起始地址=1480
2026-09-24 17:58:17,634 - RH56DFTP - INFO - 开始设置寄存器: POS_SET(4), 值: 0
2026-09-24 17:58:17,636 - RH56DFTP - INFO - 成功设置寄存器 POS_SET(4): 值=0, 起始地址=1482
2026-09-24 17:58:17,636 - RH56DFTP - INFO - 开始设置寄存器: POS_SET(5), 值: 0
2026-09-24 17:58:17,639 - RH56DFTP - INFO - 成功设置寄存器 POS_SET(5): 值=0, 起始地址=1484
2026-09-24 17:58:17,742 - RH56DFTP - INFO - 开始设置寄存器: POS_SET(0), 值: 1
2026-09-24 17:58:17,746 - RH56DFTP - INFO - 成功设置寄存器 POS_SET(0): 值=1, 起始地址=1474
2026-09-24 17:58:17,747 - RH56DFTP - INFO - 开始设置寄存器: POS_SET(1), 值: 0
2026-09-24 17:58:17,749 - RH56DFTP - INFO - 成功设置寄存器 POS_SET(1): 值=0, 起始地址=1476
2026-09-24 17:58:17,749 - RH56DFTP - INFO - 开始设置寄存器: POS_SET(2), 值: 0
2026-09-24 17:58:17,757 - RH56DFTP - INFO - 成功设置寄存器 POS_SET(2): 值=0, 起始地址=1478
2026-09-24 17:58:17,757 - RH56DFTP - INFO - 开始设置寄存器: POS_SET(3), 值: 0
2026-09-24 17:58:17,759 - RH56DFTP - INFO - 成功设置寄存器 POS_SET(3): 值=0, 起始地址=1480
2026-09-24 17:58:17,759 - RH56DFTP - INFO - 开始设置寄存器: POS_SET(4), 值: 0
2026-09-24 17:58:17,760 - RH56DFTP - INFO - 成功设置寄存器 POS_SET(4): 值=0, 起始地址=1482
2026-09-24 17:58:17,761 - RH56DFTP - INFO - 开始设置寄存器: POS_SET(5), 值: 0
2026-09-24 17:58:17,762 - RH56DFTP - INFO - 成功设置寄存器 POS_SET(5): 值=0, 起始地址=1484
2026-09-24 17:58:17,872 - RH56DFTP - INFO - 开始设置寄存器: POS_SET(0), 值: 1
2026-09-24 17:58:17,874 - RH56DFTP - INFO - 成功设置寄存器 POS_SET(0): 值=1, 起始地址=1474
2026-09-24 17:58:17,875 - RH56DFTP - INFO - 开始设置寄存器: POS_SET(1), 值: 0
2026-09-24 17:58:17,881 - RH56DFTP - INFO - 成功设置寄存器 POS_SET(1): 值=0, 起始地址=1476
2026-09-24 17:58:17,881 - RH56DFTP - INFO - 开始设置寄存器: POS_SET(2), 值: 0
2026-09-24 17:58:17,883 - RH56DFTP - INFO - 成功设置寄存器 POS_SET(2): 值=0, 起始地址=1478
2026-09-24 17:58:17,883 - RH56DFTP - INFO - 开始设置寄存器: POS_SET(3), 值: 0
2026-09-24 17:58:17,887 - RH56DFTP - INFO - 成功设置寄存器 POS_SET(3): 值=0, 起始地址=1480
2026-09-24 17:58:17,887 - RH56DFTP - INFO - 开始设置寄存器: POS_SET(4), 值: 0
2026-09-24 17:58:17,891 - RH56DFTP - INFO - 成功设置寄存器 POS_SET(4): 值=0, 起始地址=1482
2026-09-24 17:58:17,891 - RH56DFTP - INFO - 开始设置寄存器: POS_SET(5), 值: 0
2026-09-24 17:58:17,901 - RH56DFTP - INFO - 成功设置寄存器 POS_SET(5): 值=0, 起始地址=1484
2026-09-24 17:58:18,025 - RH56DFTP - INFO - 开始设置寄存器: POS_SET(0), 值: 1
2026-09-24 17:58:18,029 - RH56DFTP - INFO - 成功设置寄存器 POS_SET(0): 值=1, 起始地址=1474
2026-09-24 17:58:18,030 - RH56DFTP - INFO - 开始设置寄存器: POS_SET(1), 值: 0
2026-09-24 17:58:18,036 - RH56DFTP - INFO - 成功设置寄存器 POS_SET(1): 值=0, 起始地址=1476
2026-09-24 17:58:18,036 - RH56DFTP - INFO - 开始设置寄存器: POS_SET(2), 值: 0
2026-09-24 17:58:18,038 - RH56DFTP - INFO - 成功设置寄存器 POS_SET(2): 值=0, 起始地址=1478
2026-09-24 17:58:18,038 - RH56DFTP - INFO - 开始设置寄存器: POS_SET(3), 值: 0
2026-09-24 17:58:18,040 - RH56DFTP - INFO - 成功设置寄存器 POS_SET(3): 值=0, 起始地址=1480
2026-09-24 17:58:18,040 - RH56DFTP - INFO - 开始设置寄存器: POS_SET(4), 值: 0
2026-09-24 17:58:18,042 - RH56DFTP - INFO - 成功设置寄存器 POS_SET(4): 值=0, 起始地址=1482
2026-09-24 17:58:18,042 - RH56DFTP - INFO - 开始设置寄存器: POS_SET(5), 值: 0
2026-09-24 17:58:18,043 - RH56DFTP - INFO - 成功设置寄存器 POS_SET(5): 值=0, 起始地址=1484
2026-09-24 17:58:18,151 - RH56DFTP - INFO - 开始设置寄存器: POS_SET(0), 值: 1
2026-09-24 17:58:18,154 - RH56DFTP - INFO - 成功设置寄存器 POS_SET(0): 值=1, 起始地址=1474
2026-09-24 17:58:18,154 - RH56DFTP - INFO - 开始设置寄存器: POS_SET(1), 值: 0
2026-09-24 17:58:18,160 - RH56DFTP - INFO - 成功设置寄存器 POS_SET(1): 值=0, 起始地址=1476
2026-09-24 17:58:18,160 - RH56DFTP - INFO - 开始设置寄存器: POS_SET(2), 值: 0
2026-09-24 17:58:18,162 - RH56DFTP - INFO - 成功设置寄存器 POS_SET(2): 值=0, 起始地址=1478
2026-09-24 17:58:18,162 - RH56DFTP - INFO - 开始设置寄存器: POS_SET(3), 值: 0
2026-09-24 17:58:18,164 - RH56DFTP - INFO - 成功设置寄存器 POS_SET(3): 值=0, 起始地址=1480
2026-09-24 17:58:18,164 - RH56DFTP - INFO - 开始设置寄存器: POS_SET(4), 值: 0
2026-09-24 17:58:18,165 - RH56DFTP - INFO - 成功设置寄存器 POS_SET(4): 值=0, 起始地址=1482
2026-09-24 17:58:18,166 - RH56DFTP - INFO - 开始设置寄存器: POS_SET(5), 值: 0
2026-09-24 17:58:18,168 - RH56DFTP - INFO - 成功设置寄存器 POS_SET(5): 值=0, 起始地址=1484
2026-09-24 17:58:18,266 - RH56DFTP - INFO - 开始设置寄存器: POS_SET(0), 值: 1
2026-09-24 17:58:18,273 - RH56DFTP - INFO - 成功设置寄存器 POS_SET(0): 值=1, 起始地址=1474
2026-09-24 17:58:18,273 - RH56DFTP - INFO - 开始设置寄存器: POS_SET(1), 值: 0
2026-09-24 17:58:18,275 - RH56DFTP - INFO - 成功设置寄存器 POS_SET(1): 值=0, 起始地址=1476
2026-09-24 17:58:18,275 - RH56DFTP - INFO - 开始设置寄存器: POS_SET(2), 值: 0
2026-09-24 17:58:18,277 - RH56DFTP - INFO - 成功设置寄存器 POS_SET(2): 值=0, 起始地址=1478
2026-09-24 17:58:18,277 - RH56DFTP - INFO - 开始设置寄存器: POS_SET(3), 值: 0
2026-09-24 17:58:18,284 - RH56DFTP - INFO - 成功设置寄存器 POS_SET(3): 值=0, 起始地址=1480
2026-09-24 17:58:18,284 - RH56DFTP - INFO - 开始设置寄存器: POS_SET(4), 值: 0
2026-09-24 17:58:18,286 - RH56DFTP - INFO - 成功设置寄存器 POS_SET(4): 值=0, 起始地址=1482
2026-09-24 17:58:18,287 - RH56DFTP - INFO - 开始设置寄存器: POS_SET(5), 值: 0
2026-09-24 17:58:18,290 - RH56DFTP - INFO - 成功设置寄存器 POS_SET(5): 值=0, 起始地址=1484
2026-09-24 17:58:18,381 - RH56DFTP - INFO - 开始设置寄存器: POS_SET(0), 值: 1
2026-09-24 17:58:18,384 - RH56DFTP - INFO - 成功设置寄存器 POS_SET(0): 值=1, 起始地址=1474
2026-09-24 17:58:18,384 - RH56DFTP - INFO - 开始设置寄存器: POS_SET(1), 值: 0
2026-09-24 17:58:18,387 - RH56DFTP - INFO - 成功设置寄存器 POS_SET(1): 值=0, 起始地址=1476
2026-09-24 17:58:18,388 - RH56DFTP - INFO - 开始设置寄存器: POS_SET(2), 值: 0
2026-09-24 17:58:18,397 - RH56DFTP - INFO - 成功设置寄存器 POS_SET(2): 值=0, 起始地址=1478
2026-09-24 17:58:18,397 - RH56DFTP - INFO - 开始设置寄存器: POS_SET(3), 值: 0
2026-09-24 17:58:18,399 - RH56DFTP - INFO - 成功设置寄存器 POS_SET(3): 值=0, 起始地址=1480
2026-09-24 17:58:18,399 - RH56DFTP - INFO - 开始设置寄存器: POS_SET(4), 值: 0
2026-09-24 17:58:18,400 - RH56DFTP - INFO - 成功设置寄存器 POS_SET(4): 值=0, 起始地址=1482
2026-09-24 17:58:18,401 - RH56DFTP - INFO - 开始设置寄存器: POS_SET(5), 值: 0
2026-09-24 17:58:18,407 - RH56DFTP - INFO - 成功设置寄存器 POS_SET(5): 值=0, 起始地址=1484
2026-09-24 17:58:18,523 - RH56DFTP - INFO - 开始设置寄存器: POS_SET(0), 值: 1
2026-09-24 17:58:18,525 - RH56DFTP - INFO - 成功设置寄存器 POS_SET(0): 值=1, 起始地址=1474
2026-09-24 17:58:18,525 - RH56DFTP - INFO - 开始设置寄存器: POS_SET(1), 值: 0
2026-09-24 17:58:18,532 - RH56DFTP - INFO - 成功设置寄存器 POS_SET(1): 值=0, 起始地址=1476
2026-09-24 17:58:18,532 - RH56DFTP - INFO - 开始设置寄存器: POS_SET(2), 值: 0
2026-09-24 17:58:18,534 - RH56DFTP - INFO - 成功设置寄存器 POS_SET(2): 值=0, 起始地址=1478
2026-09-24 17:58:18,535 - RH56DFTP - INFO - 开始设置寄存器: POS_SET(3), 值: 0
2026-09-24 17:58:18,537 - RH56DFTP - INFO - 成功设置寄存器 POS_SET(3): 值=0, 起始地址=1480
2026-09-24 17:58:18,538 - RH56DFTP - INFO - 开始设置寄存器: POS_SET(4), 值: 0
2026-09-24 17:58:18,539 - RH56DFTP - INFO - 成功设置寄存器 POS_SET(4): 值=0, 起始地址=1482
2026-09-24 17:58:18,540 - RH56DFTP - INFO - 开始设置寄存器: POS_SET(5), 值: 0
2026-09-24 17:58:18,541 - RH56DFTP - INFO - 成功设置寄存器 POS_SET(5): 值=0, 起始地址=1484
2026-09-24 17:58:18,653 - RH56DFTP - INFO - 开始设置寄存器: POS_SET(0), 值: 1
2026-09-24 17:58:18,656 - RH56DFTP - INFO - 成功设置寄存器 POS_SET(0): 值=1, 起始地址=1474
2026-09-24 17:58:18,656 - RH56DFTP - INFO - 开始设置寄存器: POS_SET(1), 值: 0
2026-09-24 17:58:18,658 - RH56DFTP - INFO - 成功设置寄存器 POS_SET(1): 值=0, 起始地址=1476
2026-09-24 17:58:18,658 - RH56DFTP - INFO - 开始设置寄存器: POS_SET(2), 值: 0
2026-09-24 17:58:18,660 - RH56DFTP - INFO - 成功设置寄存器 POS_SET(2): 值=0, 起始地址=1478
2026-09-24 17:58:18,660 - RH56DFTP - INFO - 开始设置寄存器: POS_SET(3), 值: 0
2026-09-24 17:58:18,662 - RH56DFTP - INFO - 成功设置寄存器 POS_SET(3): 值=0, 起始地址=1480
2026-09-24 17:58:18,662 - RH56DFTP - INFO - 开始设置寄存器: POS_SET(4), 值: 0
2026-09-24 17:58:18,664 - RH56DFTP - INFO - 成功设置寄存器 POS_SET(4): 值=0, 起始地址=1482
2026-09-24 17:58:18,664 - RH56DFTP - INFO - 开始设置寄存器: POS_SET(5), 值: 0
2026-09-24 17:58:18,675 - RH56DFTP - INFO - 成功设置寄存器 POS_SET(5): 值=0, 起始地址=1484
2026-09-24 17:58:18,878 - RH56DFTP - INFO - 开始设置寄存器: POS_SET(0), 值: 1
2026-09-24 17:58:18,880 - RH56DFTP - INFO - 成功设置寄存器 POS_SET(0): 值=1, 起始地址=1474
2026-09-24 17:58:18,880 - RH56DFTP - INFO - 开始设置寄存器: POS_SET(1), 值: 0
2026-09-24 17:58:18,881 - RH56DFTP - INFO - 成功设置寄存器 POS_SET(1): 值=0, 起始地址=1476
2026-09-24 17:58:18,882 - RH56DFTP - INFO - 开始设置寄存器: POS_SET(2), 值: 0
2026-09-24 17:58:18,892 - RH56DFTP - INFO - 成功设置寄存器 POS_SET(2): 值=0, 起始地址=1478
2026-09-24 17:58:18,893 - RH56DFTP - INFO - 开始设置寄存器: POS_SET(3), 值: 0
2026-09-24 17:58:18,895 - RH56DFTP - INFO - 成功设置寄存器 POS_SET(3): 值=0, 起始地址=1480
2026-09-24 17:58:18,895 - RH56DFTP - INFO - 开始设置寄存器: POS_SET(4), 值: 0
2026-09-24 17:58:18,896 - RH56DFTP - INFO - 成功设置寄存器 POS_SET(4): 值=0, 起始地址=1482
2026-09-24 17:58:18,897 - RH56DFTP - INFO - 开始设置寄存器: POS_SET(5), 值: 0
2026-09-24 17:58:18,903 - RH56DFTP - INFO - 成功设置寄存器 POS_SET(5): 值=0, 起始地址=1484
2026-09-24 17:58:19,001 - RH56DFTP - INFO - 开始设置寄存器: POS_SET(0), 值: 1
2026-09-24 17:58:19,004 - RH56DFTP - INFO - 成功设置寄存器 POS_SET(0): 值=1, 起始地址=1474
2026-09-24 17:58:19,004 - RH56DFTP - INFO - 开始设置寄存器: POS_SET(1), 值: 0
2026-09-24 17:58:19,006 - RH56DFTP - INFO - 成功设置寄存器 POS_SET(1): 值=0, 起始地址=1476
2026-09-24 17:58:19,007 - RH56DFTP - INFO - 开始设置寄存器: POS_SET(2), 值: 0
2026-09-24 17:58:19,017 - RH56DFTP - INFO - 成功设置寄存器 POS_SET(2): 值=0, 起始地址=1478
2026-09-24 17:58:19,017 - RH56DFTP - INFO - 开始设置寄存器: POS_SET(3), 值: 0
2026-09-24 17:58:19,019 - RH56DFTP - INFO - 成功设置寄存器 POS_SET(3): 值=0, 起始地址=1480
2026-09-24 17:58:19,019 - RH56DFTP - INFO - 开始设置寄存器: POS_SET(4), 值: 0
2026-09-24 17:58:19,022 - RH56DFTP - INFO - 成功设置寄存器 POS_SET(4): 值=0, 起始地址=1482
2026-09-24 17:58:19,022 - RH56DFTP - INFO - 开始设置寄存器: POS_SET(5), 值: 0
2026-09-24 17:58:19,028 - RH56DFTP - INFO - 成功设置寄存器 POS_SET(5): 值=0, 起始地址=1484
2026-09-24 17:58:19,141 - RH56DFTP - INFO - 开始设置寄存器: POS_SET(0), 值: 1
2026-09-24 17:58:19,143 - RH56DFTP - INFO - 成功设置寄存器 POS_SET(0): 值=1, 起始地址=1474
2026-09-24 17:58:19,143 - RH56DFTP - INFO - 开始设置寄存器: POS_SET(1), 值: 0
2026-09-24 17:58:19,144 - RH56DFTP - INFO - 成功设置寄存器 POS_SET(1): 值=0, 起始地址=1476
2026-09-24 17:58:19,145 - RH56DFTP - INFO - 开始设置寄存器: POS_SET(2), 值: 0
2026-09-24 17:58:19,151 - RH56DFTP - INFO - 成功设置寄存器 POS_SET(2): 值=0, 起始地址=1478
2026-09-24 17:58:19,152 - RH56DFTP - INFO - 开始设置寄存器: POS_SET(3), 值: 0
2026-09-24 17:58:19,154 - RH56DFTP - INFO - 成功设置寄存器 POS_SET(3): 值=0, 起始地址=1480
2026-09-24 17:58:19,154 - RH56DFTP - INFO - 开始设置寄存器: POS_SET(4), 值: 0
2026-09-24 17:58:19,156 - RH56DFTP - INFO - 成功设置寄存器 POS_SET(4): 值=0, 起始地址=1482
2026-09-24 17:58:19,156 - RH56DFTP - INFO - 开始设置寄存器: POS_SET(5), 值: 0
2026-09-24 17:58:19,158 - RH56DFTP - INFO - 成功设置寄存器 POS_SET(5): 值=0, 起始地址=1484
2026-09-24 17:58:19,254 - RH56DFTP - INFO - 开始设置寄存器: POS_SET(0), 值: 1
2026-09-24 17:58:19,265 - RH56DFTP - INFO - 成功设置寄存器 POS_SET(0): 值=1, 起始地址=1474
2026-09-24 17:58:19,265 - RH56DFTP - INFO - 开始设置寄存器: POS_SET(1), 值: 0
2026-09-24 17:58:19,268 - RH56DFTP - INFO - 成功设置寄存器 POS_SET(1): 值=0, 起始地址=1476
2026-09-24 17:58:19,269 - RH56DFTP - INFO - 开始设置寄存器: POS_SET(2), 值: 0
2026-09-24 17:58:19,276 - RH56DFTP - INFO - 成功设置寄存器 POS_SET(2): 值=0, 起始地址=1478
2026-09-24 17:58:19,276 - RH56DFTP - INFO - 开始设置寄存器: POS_SET(3), 值: 0
2026-09-24 17:58:19,278 - RH56DFTP - INFO - 成功设置寄存器 POS_SET(3): 值=0, 起始地址=1480
2026-09-24 17:58:19,278 - RH56DFTP - INFO - 开始设置寄存器: POS_SET(4), 值: 0
2026-09-24 17:58:19,279 - RH56DFTP - INFO - 成功设置寄存器 POS_SET(4): 值=0, 起始地址=1482
2026-09-24 17:58:19,279 - RH56DFTP - INFO - 开始设置寄存器: POS_SET(5), 值: 0
2026-09-24 17:58:19,281 - RH56DFTP - INFO - 成功设置寄存器 POS_SET(5): 值=0, 起始地址=1484
2026-09-24 17:58:19,381 - RH56DFTP - INFO - 开始设置寄存器: POS_SET(0), 值: 1
2026-09-24 17:58:19,389 - RH56DFTP - INFO - 成功设置寄存器 POS_SET(0): 值=1, 起始地址=1474
2026-09-24 17:58:19,389 - RH56DFTP - INFO - 开始设置寄存器: POS_SET(1), 值: 0
2026-09-24 17:58:19,391 - RH56DFTP - INFO - 成功设置寄存器 POS_SET(1): 值=0, 起始地址=1476
2026-09-24 17:58:19,391 - RH56DFTP - INFO - 开始设置寄存器: POS_SET(2), 值: 0
2026-09-24 17:58:19,393 - RH56DFTP - INFO - 成功设置寄存器 POS_SET(2): 值=0, 起始地址=1478
2026-09-24 17:58:19,394 - RH56DFTP - INFO - 开始设置寄存器: POS_SET(3), 值: 0
2026-09-24 17:58:19,400 - RH56DFTP - INFO - 成功设置寄存器 POS_SET(3): 值=0, 起始地址=1480
2026-09-24 17:58:19,400 - RH56DFTP - INFO - 开始设置寄存器: POS_SET(4), 值: 0
2026-09-24 17:58:19,402 - RH56DFTP - INFO - 成功设置寄存器 POS_SET(4): 值=0, 起始地址=1482
2026-09-24 17:58:19,402 - RH56DFTP - INFO - 开始设置寄存器: POS_SET(5), 值: 0
2026-09-24 17:58:19,404 - RH56DFTP - INFO - 成功设置寄存器 POS_SET(5): 值=0, 起始地址=1484
2026-09-24 17:58:19,503 - RH56DFTP - INFO - 开始设置寄存器: POS_SET(0), 值: 1
2026-09-24 17:58:19,513 - RH56DFTP - INFO - 成功设置寄存器 POS_SET(0): 值=1, 起始地址=1474
2026-09-24 17:58:19,513 - RH56DFTP - INFO - 开始设置寄存器: POS_SET(1), 值: 0
2026-09-24 17:58:19,516 - RH56DFTP - INFO - 成功设置寄存器 POS_SET(1): 值=0, 起始地址=1476
2026-09-24 17:58:19,517 - RH56DFTP - INFO - 开始设置寄存器: POS_SET(2), 值: 0
2026-09-24 17:58:19,524 - RH56DFTP - INFO - 成功设置寄存器 POS_SET(2): 值=0, 起始地址=1478
2026-09-24 17:58:19,525 - RH56DFTP - INFO - 开始设置寄存器: POS_SET(3), 值: 0
2026-09-24 17:58:19,526 - RH56DFTP - INFO - 成功设置寄存器 POS_SET(3): 值=0, 起始地址=1480
2026-09-24 17:58:19,527 - RH56DFTP - INFO - 开始设置寄存器: POS_SET(4), 值: 0
2026-09-24 17:58:19,529 - RH56DFTP - INFO - 成功设置寄存器 POS_SET(4): 值=0, 起始地址=1482
2026-09-24 17:58:19,529 - RH56DFTP - INFO - 开始设置寄存器: POS_SET(5), 值: 0
2026-09-24 17:58:19,531 - RH56DFTP - INFO - 成功设置寄存器 POS_SET(5): 值=0, 起始地址=1484
2026-09-24 17:58:19,619 - RH56DFTP - INFO - 开始设置寄存器: POS_SET(0), 值: 1
2026-09-24 17:58:19,621 - RH56DFTP - INFO - 成功设置寄存器 POS_SET(0): 值=1, 起始地址=1474
2026-09-24 17:58:19,621 - RH56DFTP - INFO - 开始设置寄存器: POS_SET(1), 值: 0
2026-09-24 17:58:19,623 - RH56DFTP - INFO - 成功设置寄存器 POS_SET(1): 值=0, 起始地址=1476
2026-09-24 17:58:19,623 - RH56DFTP - INFO - 开始设置寄存器: POS_SET(2), 值: 0
2026-09-24 17:58:19,625 - RH56DFTP - INFO - 成功设置寄存器 POS_SET(2): 值=0, 起始地址=1478
2026-09-24 17:58:19,625 - RH56DFTP - INFO - 开始设置寄存器: POS_SET(3), 值: 0
2026-09-24 17:58:19,637 - RH56DFTP - INFO - 成功设置寄存器 POS_SET(3): 值=0, 起始地址=1480
2026-09-24 17:58:19,637 - RH56DFTP - INFO - 开始设置寄存器: POS_SET(4), 值: 0
2026-09-24 17:58:19,640 - RH56DFTP - INFO - 成功设置寄存器 POS_SET(4): 值=0, 起始地址=1482
2026-09-24 17:58:19,640 - RH56DFTP - INFO - 开始设置寄存器: POS_SET(5), 值: 0
2026-09-24 17:58:19,642 - RH56DFTP - INFO - 成功设置寄存器 POS_SET(5): 值=0, 起始地址=1484
2026-09-24 17:58:19,732 - RH56DFTP - INFO - 开始设置寄存器: POS_SET(0), 值: 1
2026-09-24 17:58:19,735 - RH56DFTP - INFO - 成功设置寄存器 POS_SET(0): 值=1, 起始地址=1474
2026-09-24 17:58:19,735 - RH56DFTP - INFO - 开始设置寄存器: POS_SET(1), 值: 0
2026-09-24 17:58:19,741 - RH56DFTP - INFO - 成功设置寄存器 POS_SET(1): 值=0, 起始地址=1476
2026-09-24 17:58:19,741 - RH56DFTP - INFO - 开始设置寄存器: POS_SET(2), 值: 0
2026-09-24 17:58:19,743 - RH56DFTP - INFO - 成功设置寄存器 POS_SET(2): 值=0, 起始地址=1478
2026-09-24 17:58:19,743 - RH56DFTP - INFO - 开始设置寄存器: POS_SET(3), 值: 0
2026-09-24 17:58:19,745 - RH56DFTP - INFO - 成功设置寄存器 POS_SET(3): 值=0, 起始地址=1480
2026-09-24 17:58:19,745 - RH56DFTP - INFO - 开始设置寄存器: POS_SET(4), 值: 0
2026-09-24 17:58:19,747 - RH56DFTP - INFO - 成功设置寄存器 POS_SET(4): 值=0, 起始地址=1482
2026-09-24 17:58:19,748 - RH56DFTP - INFO - 开始设置寄存器: POS_SET(5), 值: 0
2026-09-24 17:58:19,750 - RH56DFTP - INFO - 成功设置寄存器 POS_SET(5): 值=0, 起始地址=1484
2026-09-24 17:58:19,838 - RH56DFTP - INFO - 开始设置寄存器: POS_SET(0), 值: 1
2026-09-24 17:58:19,840 - RH56DFTP - INFO - 成功设置寄存器 POS_SET(0): 值=1, 起始地址=1474
2026-09-24 17:58:19,840 - RH56DFTP - INFO - 开始设置寄存器: POS_SET(1), 值: 0
2026-09-24 17:58:19,842 - RH56DFTP - INFO - 成功设置寄存器 POS_SET(1): 值=0, 起始地址=1476
2026-09-24 17:58:19,842 - RH56DFTP - INFO - 开始设置寄存器: POS_SET(2), 值: 0
2026-09-24 17:58:19,844 - RH56DFTP - INFO - 成功设置寄存器 POS_SET(2): 值=0, 起始地址=1478
2026-09-24 17:58:19,844 - RH56DFTP - INFO - 开始设置寄存器: POS_SET(3), 值: 0
2026-09-24 17:58:19,854 - RH56DFTP - INFO - 成功设置寄存器 POS_SET(3): 值=0, 起始地址=1480
2026-09-24 17:58:19,854 - RH56DFTP - INFO - 开始设置寄存器: POS_SET(4), 值: 0
2026-09-24 17:58:19,856 - RH56DFTP - INFO - 成功设置寄存器 POS_SET(4): 值=0, 起始地址=1482
2026-09-24 17:58:19,856 - RH56DFTP - INFO - 开始设置寄存器: POS_SET(5), 值: 0
2026-09-24 17:58:19,858 - RH56DFTP - INFO - 成功设置寄存器 POS_SET(5): 值=0, 起始地址=1484
2026-09-24 17:58:19,950 - RH56DFTP - INFO - 开始设置寄存器: POS_SET(0), 值: 1
2026-09-24 17:58:19,957 - RH56DFTP - INFO - 成功设置寄存器 POS_SET(0): 值=1, 起始地址=1474
2026-09-24 17:58:19,957 - RH56DFTP - INFO - 开始设置寄存器: POS_SET(1), 值: 0
2026-09-24 17:58:19,960 - RH56DFTP - INFO - 成功设置寄存器 POS_SET(1): 值=0, 起始地址=1476
2026-09-24 17:58:19,960 - RH56DFTP - INFO - 开始设置寄存器: POS_SET(2), 值: 0
2026-09-24 17:58:19,962 - RH56DFTP - INFO - 成功设置寄存器 POS_SET(2): 值=0, 起始地址=1478
2026-09-24 17:58:19,962 - RH56DFTP - INFO - 开始设置寄存器: POS_SET(3), 值: 0
2026-09-24 17:58:19,963 - RH56DFTP - INFO - 成功设置寄存器 POS_SET(3): 值=0, 起始地址=1480
2026-09-24 17:58:19,964 - RH56DFTP - INFO - 开始设置寄存器: POS_SET(4), 值: 0
2026-09-24 17:58:19,965 - RH56DFTP - INFO - 成功设置寄存器 POS_SET(4): 值=0, 起始地址=1482
2026-09-24 17:58:19,965 - RH56DFTP - INFO - 开始设置寄存器: POS_SET(5), 值: 0
2026-09-24 17:58:19,967 - RH56DFTP - INFO - 成功设置寄存器 POS_SET(5): 值=0, 起始地址=1484
2026-09-24 17:58:20,062 - RH56DFTP - INFO - 开始设置寄存器: POS_SET(0), 值: 1
2026-09-24 17:58:20,071 - RH56DFTP - INFO - 成功设置寄存器 POS_SET(0): 值=1, 起始地址=1474
2026-09-24 17:58:20,071 - RH56DFTP - INFO - 开始设置寄存器: POS_SET(1), 值: 0
2026-09-24 17:58:20,073 - RH56DFTP - INFO - 成功设置寄存器 POS_SET(1): 值=0, 起始地址=1476
2026-09-24 17:58:20,073 - RH56DFTP - INFO - 开始设置寄存器: POS_SET(2), 值: 0
2026-09-24 17:58:20,076 - RH56DFTP - INFO - 成功设置寄存器 POS_SET(2): 值=0, 起始地址=1478
2026-09-24 17:58:20,076 - RH56DFTP - INFO - 开始设置寄存器: POS_SET(3), 值: 0
2026-09-24 17:58:20,082 - RH56DFTP - INFO - 成功设置寄存器 POS_SET(3): 值=0, 起始地址=1480
2026-09-24 17:58:20,082 - RH56DFTP - INFO - 开始设置寄存器: POS_SET(4), 值: 0
2026-09-24 17:58:20,084 - RH56DFTP - INFO - 成功设置寄存器 POS_SET(4): 值=0, 起始地址=1482
2026-09-24 17:58:20,084 - RH56DFTP - INFO - 开始设置寄存器: POS_SET(5), 值: 0
2026-09-24 17:58:20,087 - RH56DFTP - INFO - 成功设置寄存器 POS_SET(5): 值=0, 起始地址=1484
2026-09-24 17:58:20,177 - RH56DFTP - INFO - 开始设置寄存器: POS_SET(0), 值: 1
2026-09-24 17:58:20,179 - RH56DFTP - INFO - 成功设置寄存器 POS_SET(0): 值=1, 起始地址=1474
2026-09-24 17:58:20,179 - RH56DFTP - INFO - 开始设置寄存器: POS_SET(1), 值: 0
2026-09-24 17:58:20,181 - RH56DFTP - INFO - 成功设置寄存器 POS_SET(1): 值=0, 起始地址=1476
2026-09-24 17:58:20,181 - RH56DFTP - INFO - 开始设置寄存器: POS_SET(2), 值: 0
2026-09-24 17:58:20,183 - RH56DFTP - INFO - 成功设置寄存器 POS_SET(2): 值=0, 起始地址=1478
2026-09-24 17:58:20,183 - RH56DFTP - INFO - 开始设置寄存器: POS_SET(3), 值: 0
2026-09-24 17:58:20,194 - RH56DFTP - INFO - 成功设置寄存器 POS_SET(3): 值=0, 起始地址=1480
2026-09-24 17:58:20,194 - RH56DFTP - INFO - 开始设置寄存器: POS_SET(4), 值: 0
2026-09-24 17:58:20,196 - RH56DFTP - INFO - 成功设置寄存器 POS_SET(4): 值=0, 起始地址=1482
2026-09-24 17:58:20,197 - RH56DFTP - INFO - 开始设置寄存器: POS_SET(5), 值: 0
2026-09-24 17:58:20,198 - RH56DFTP - INFO - 成功设置寄存器 POS_SET(5): 值=0, 起始地址=1484
2026-09-24 17:58:20,293 - RH56DFTP - INFO - 开始设置寄存器: POS_SET(0), 值: 1
2026-09-24 17:58:20,299 - RH56DFTP - INFO - 成功设置寄存器 POS_SET(0): 值=1, 起始地址=1474
2026-09-24 17:58:20,299 - RH56DFTP - INFO - 开始设置寄存器: POS_SET(1), 值: 0
2026-09-24 17:58:20,301 - RH56DFTP - INFO - 成功设置寄存器 POS_SET(1): 值=0, 起始地址=1476
2026-09-24 17:58:20,301 - RH56DFTP - INFO - 开始设置寄存器: POS_SET(2), 值: 0
2026-09-24 17:58:20,302 - RH56DFTP - INFO - 成功设置寄存器 POS_SET(2): 值=0, 起始地址=1478
2026-09-24 17:58:20,303 - RH56DFTP - INFO - 开始设置寄存器: POS_SET(3), 值: 0
2026-09-24 17:58:20,304 - RH56DFTP - INFO - 成功设置寄存器 POS_SET(3): 值=0, 起始地址=1480
2026-09-24 17:58:20,305 - RH56DFTP - INFO - 开始设置寄存器: POS_SET(4), 值: 0
2026-09-24 17:58:20,306 - RH56DFTP - INFO - 成功设置寄存器 POS_SET(4): 值=0, 起始地址=1482
2026-09-24 17:58:20,307 - RH56DFTP - INFO - 开始设置寄存器: POS_SET(5), 值: 0
2026-09-24 17:58:20,318 - RH56DFTP - INFO - 成功设置寄存器 POS_SET(5): 值=0, 起始地址=1484
2026-09-24 17:58:20,421 - RH56DFTP - INFO - 开始设置寄存器: POS_SET(0), 值: 1
2026-09-24 17:58:20,423 - RH56DFTP - INFO - 成功设置寄存器 POS_SET(0): 值=1, 起始地址=1474
2026-09-24 17:58:20,423 - RH56DFTP - INFO - 开始设置寄存器: POS_SET(1), 值: 0
2026-09-24 17:58:20,425 - RH56DFTP - INFO - 成功设置寄存器 POS_SET(1): 值=0, 起始地址=1476
2026-09-24 17:58:20,425 - RH56DFTP - INFO - 开始设置寄存器: POS_SET(2), 值: 0
2026-09-24 17:58:20,428 - RH56DFTP - INFO - 成功设置寄存器 POS_SET(2): 值=0, 起始地址=1478
2026-09-24 17:58:20,428 - RH56DFTP - INFO - 开始设置寄存器: POS_SET(3), 值: 0
2026-09-24 17:58:20,430 - RH56DFTP - INFO - 成功设置寄存器 POS_SET(3): 值=0, 起始地址=1480
2026-09-24 17:58:20,430 - RH56DFTP - INFO - 开始设置寄存器: POS_SET(4), 值: 0
2026-09-24 17:58:20,432 - RH56DFTP - INFO - 成功设置寄存器 POS_SET(4): 值=0, 起始地址=1482
2026-09-24 17:58:20,432 - RH56DFTP - INFO - 开始设置寄存器: POS_SET(5), 值: 0
2026-09-24 17:58:20,443 - RH56DFTP - INFO - 成功设置寄存器 POS_SET(5): 值=0, 起始地址=1484
2026-09-24 17:58:20,545 - RH56DFTP - INFO - 开始设置寄存器: POS_SET(0), 值: 1
2026-09-24 17:58:20,549 - RH56DFTP - INFO - 成功设置寄存器 POS_SET(0): 值=1, 起始地址=1474
2026-09-24 17:58:20,550 - RH56DFTP - INFO - 开始设置寄存器: POS_SET(1), 值: 0
2026-09-24 17:58:20,551 - RH56DFTP - INFO - 成功设置寄存器 POS_SET(1): 值=0, 起始地址=1476
2026-09-24 17:58:20,552 - RH56DFTP - INFO - 开始设置寄存器: POS_SET(2), 值: 0
2026-09-24 17:58:20,553 - RH56DFTP - INFO - 成功设置寄存器 POS_SET(2): 值=0, 起始地址=1478
2026-09-24 17:58:20,554 - RH56DFTP - INFO - 开始设置寄存器: POS_SET(3), 值: 0
2026-09-24 17:58:20,555 - RH56DFTP - INFO - 成功设置寄存器 POS_SET(3): 值=0, 起始地址=1480
2026-09-24 17:58:20,555 - RH56DFTP - INFO - 开始设置寄存器: POS_SET(4), 值: 0
2026-09-24 17:58:20,566 - RH56DFTP - INFO - 成功设置寄存器 POS_SET(4): 值=0, 起始地址=1482
2026-09-24 17:58:20,567 - RH56DFTP - INFO - 开始设置寄存器: POS_SET(5), 值: 0
2026-09-24 17:58:20,569 - RH56DFTP - INFO - 成功设置寄存器 POS_SET(5): 值=0, 起始地址=1484
2026-09-24 17:58:20,662 - RH56DFTP - INFO - 开始设置寄存器: POS_SET(0), 值: 1
2026-09-24 17:58:20,664 - RH56DFTP - INFO - 成功设置寄存器 POS_SET(0): 值=1, 起始地址=1474
2026-09-24 17:58:20,665 - RH56DFTP - INFO - 开始设置寄存器: POS_SET(1), 值: 0
2026-09-24 17:58:20,671 - RH56DFTP - INFO - 成功设置寄存器 POS_SET(1): 值=0, 起始地址=1476
2026-09-24 17:58:20,671 - RH56DFTP - INFO - 开始设置寄存器: POS_SET(2), 值: 0
2026-09-24 17:58:20,673 - RH56DFTP - INFO - 成功设置寄存器 POS_SET(2): 值=0, 起始地址=1478
2026-09-24 17:58:20,673 - RH56DFTP - INFO - 开始设置寄存器: POS_SET(3), 值: 0
2026-09-24 17:58:20,675 - RH56DFTP - INFO - 成功设置寄存器 POS_SET(3): 值=0, 起始地址=1480
2026-09-24 17:58:20,675 - RH56DFTP - INFO - 开始设置寄存器: POS_SET(4), 值: 0
2026-09-24 17:58:20,677 - RH56DFTP - INFO - 成功设置寄存器 POS_SET(4): 值=0, 起始地址=1482
2026-09-24 17:58:20,677 - RH56DFTP - INFO - 开始设置寄存器: POS_SET(5), 值: 0
2026-09-24 17:58:20,679 - RH56DFTP - INFO - 成功设置寄存器 POS_SET(5): 值=0, 起始地址=1484
2026-09-24 17:58:20,773 - RH56DFTP - INFO - 开始设置寄存器: POS_SET(0), 值: 1
2026-09-24 17:58:20,784 - RH56DFTP - INFO - 成功设置寄存器 POS_SET(0): 值=1, 起始地址=1474
2026-09-24 17:58:20,785 - RH56DFTP - INFO - 开始设置寄存器: POS_SET(1), 值: 0
2026-09-24 17:58:20,788 - RH56DFTP - INFO - 成功设置寄存器 POS_SET(1): 值=0, 起始地址=1476
2026-09-24 17:58:20,788 - RH56DFTP - INFO - 开始设置寄存器: POS_SET(2), 值: 0
2026-09-24 17:58:20,795 - RH56DFTP - INFO - 成功设置寄存器 POS_SET(2): 值=0, 起始地址=1478
2026-09-24 17:58:20,795 - RH56DFTP - INFO - 开始设置寄存器: POS_SET(3), 值: 0
2026-09-24 17:58:20,797 - RH56DFTP - INFO - 成功设置寄存器 POS_SET(3): 值=0, 起始地址=1480
2026-09-24 17:58:20,797 - RH56DFTP - INFO - 开始设置寄存器: POS_SET(4), 值: 0
2026-09-24 17:58:20,798 - RH56DFTP - INFO - 成功设置寄存器 POS_SET(4): 值=0, 起始地址=1482
2026-09-24 17:58:20,798 - RH56DFTP - INFO - 开始设置寄存器: POS_SET(5), 值: 0
2026-09-24 17:58:20,800 - RH56DFTP - INFO - 成功设置寄存器 POS_SET(5): 值=0, 起始地址=1484
2026-09-24 17:58:20,896 - RH56DFTP - INFO - 开始设置寄存器: POS_SET(0), 值: 1
2026-09-24 17:58:20,907 - RH56DFTP - INFO - 成功设置寄存器 POS_SET(0): 值=1, 起始地址=1474
2026-09-24 17:58:20,909 - RH56DFTP - INFO - 开始设置寄存器: POS_SET(1), 值: 0
2026-09-24 17:58:20,912 - RH56DFTP - INFO - 成功设置寄存器 POS_SET(1): 值=0, 起始地址=1476
2026-09-24 17:58:20,912 - RH56DFTP - INFO - 开始设置寄存器: POS_SET(2), 值: 0
2026-09-24 17:58:20,919 - RH56DFTP - INFO - 成功设置寄存器 POS_SET(2): 值=0, 起始地址=1478
2026-09-24 17:58:20,919 - RH56DFTP - INFO - 开始设置寄存器: POS_SET(3), 值: 0
2026-09-24 17:58:20,922 - RH56DFTP - INFO - 成功设置寄存器 POS_SET(3): 值=0, 起始地址=1480
2026-09-24 17:58:20,922 - RH56DFTP - INFO - 开始设置寄存器: POS_SET(4), 值: 0
2026-09-24 17:58:20,924 - RH56DFTP - INFO - 成功设置寄存器 POS_SET(4): 值=0, 起始地址=1482
2026-09-24 17:58:20,924 - RH56DFTP - INFO - 开始设置寄存器: POS_SET(5), 值: 0
2026-09-24 17:58:20,927 - RH56DFTP - INFO - 成功设置寄存器 POS_SET(5): 值=0, 起始地址=1484
2026-09-24 17:58:21,019 - RH56DFTP - INFO - 开始设置寄存器: POS_SET(0), 值: 1
2026-09-24 17:58:21,022 - RH56DFTP - INFO - 成功设置寄存器 POS_SET(0): 值=1, 起始地址=1474
2026-09-24 17:58:21,022 - RH56DFTP - INFO - 开始设置寄存器: POS_SET(1), 值: 0
2026-09-24 17:58:21,032 - RH56DFTP - INFO - 成功设置寄存器 POS_SET(1): 值=0, 起始地址=1476
2026-09-24 17:58:21,032 - RH56DFTP - INFO - 开始设置寄存器: POS_SET(2), 值: 0
2026-09-24 17:58:21,034 - RH56DFTP - INFO - 成功设置寄存器 POS_SET(2): 值=0, 起始地址=1478
2026-09-24 17:58:21,034 - RH56DFTP - INFO - 开始设置寄存器: POS_SET(3), 值: 0
2026-09-24 17:58:21,036 - RH56DFTP - INFO - 成功设置寄存器 POS_SET(3): 值=0, 起始地址=1480
2026-09-24 17:58:21,036 - RH56DFTP - INFO - 开始设置寄存器: POS_SET(4), 值: 0
2026-09-24 17:58:21,043 - RH56DFTP - INFO - 成功设置寄存器 POS_SET(4): 值=0, 起始地址=1482
2026-09-24 17:58:21,043 - RH56DFTP - INFO - 开始设置寄存器: POS_SET(5), 值: 0
2026-09-24 17:58:21,045 - RH56DFTP - INFO - 成功设置寄存器 POS_SET(5): 值=0, 起始地址=1484
2026-09-24 17:58:21,135 - RH56DFTP - INFO - 开始设置寄存器: POS_SET(0), 值: 1
2026-09-24 17:58:21,138 - RH56DFTP - INFO - 成功设置寄存器 POS_SET(0): 值=1, 起始地址=1474
2026-09-24 17:58:21,138 - RH56DFTP - INFO - 开始设置寄存器: POS_SET(1), 值: 0
2026-09-24 17:58:21,139 - RH56DFTP - INFO - 成功设置寄存器 POS_SET(1): 值=0, 起始地址=1476
2026-09-24 17:58:21,139 - RH56DFTP - INFO - 开始设置寄存器: POS_SET(2), 值: 0
2026-09-24 17:58:21,141 - RH56DFTP - INFO - 成功设置寄存器 POS_SET(2): 值=0, 起始地址=1478
2026-09-24 17:58:21,141 - RH56DFTP - INFO - 开始设置寄存器: POS_SET(3), 值: 0
2026-09-24 17:58:21,144 - RH56DFTP - INFO - 成功设置寄存器 POS_SET(3): 值=0, 起始地址=1480
2026-09-24 17:58:21,145 - RH56DFTP - INFO - 开始设置寄存器: POS_SET(4), 值: 0
2026-09-24 17:58:21,156 - RH56DFTP - INFO - 成功设置寄存器 POS_SET(4): 值=0, 起始地址=1482
2026-09-24 17:58:21,156 - RH56DFTP - INFO - 开始设置寄存器: POS_SET(5), 值: 0
2026-09-24 17:58:21,158 - RH56DFTP - INFO - 成功设置寄存器 POS_SET(5): 值=0, 起始地址=1484
2026-09-24 17:58:21,255 - RH56DFTP - INFO - 开始设置寄存器: POS_SET(0), 值: 1
2026-09-24 17:58:21,260 - RH56DFTP - INFO - 成功设置寄存器 POS_SET(0): 值=1, 起始地址=1474
2026-09-24 17:58:21,260 - RH56DFTP - INFO - 开始设置寄存器: POS_SET(1), 值: 0
2026-09-24 17:58:21,262 - RH56DFTP - INFO - 成功设置寄存器 POS_SET(1): 值=0, 起始地址=1476
2026-09-24 17:58:21,262 - RH56DFTP - INFO - 开始设置寄存器: POS_SET(2), 值: 0
2026-09-24 17:58:21,264 - RH56DFTP - INFO - 成功设置寄存器 POS_SET(2): 值=0, 起始地址=1478
2026-09-24 17:58:21,264 - RH56DFTP - INFO - 开始设置寄存器: POS_SET(3), 值: 0
2026-09-24 17:58:21,266 - RH56DFTP - INFO - 成功设置寄存器 POS_SET(3): 值=0, 起始地址=1480
2026-09-24 17:58:21,268 - RH56DFTP - INFO - 开始设置寄存器: POS_SET(4), 值: 0
2026-09-24 17:58:21,279 - RH56DFTP - INFO - 成功设置寄存器 POS_SET(4): 值=0, 起始地址=1482
2026-09-24 17:58:21,279 - RH56DFTP - INFO - 开始设置寄存器: POS_SET(5), 值: 0
2026-09-24 17:58:21,281 - RH56DFTP - INFO - 成功设置寄存器 POS_SET(5): 值=0, 起始地址=1484
2026-09-24 17:58:21,380 - RH56DFTP - INFO - 开始设置寄存器: POS_SET(0), 值: 1
2026-09-24 17:58:21,385 - RH56DFTP - INFO - 成功设置寄存器 POS_SET(0): 值=1, 起始地址=1474
2026-09-24 17:58:21,385 - RH56DFTP - INFO - 开始设置寄存器: POS_SET(1), 值: 0
2026-09-24 17:58:21,388 - RH56DFTP - INFO - 成功设置寄存器 POS_SET(1): 值=0, 起始地址=1476
2026-09-24 17:58:21,388 - RH56DFTP - INFO - 开始设置寄存器: POS_SET(2), 值: 0
2026-09-24 17:58:21,390 - RH56DFTP - INFO - 成功设置寄存器 POS_SET(2): 值=0, 起始地址=1478
2026-09-24 17:58:21,390 - RH56DFTP - INFO - 开始设置寄存器: POS_SET(3), 值: 0
2026-09-24 17:58:21,392 - RH56DFTP - INFO - 成功设置寄存器 POS_SET(3): 值=0, 起始地址=1480
2026-09-24 17:58:21,393 - RH56DFTP - INFO - 开始设置寄存器: POS_SET(4), 值: 0
2026-09-24 17:58:21,404 - RH56DFTP - INFO - 成功设置寄存器 POS_SET(4): 值=0, 起始地址=1482
2026-09-24 17:58:21,404 - RH56DFTP - INFO - 开始设置寄存器: POS_SET(5), 值: 0
2026-09-24 17:58:21,405 - RH56DFTP - INFO - 成功设置寄存器 POS_SET(5): 值=0, 起始地址=1484
2026-09-24 17:58:21,495 - RH56DFTP - INFO - 开始设置寄存器: POS_SET(0), 值: 1
2026-09-24 17:58:21,497 - RH56DFTP - INFO - 成功设置寄存器 POS_SET(0): 值=1, 起始地址=1474
2026-09-24 17:58:21,497 - RH56DFTP - INFO - 开始设置寄存器: POS_SET(1), 值: 0
2026-09-24 17:58:21,499 - RH56DFTP - INFO - 成功设置寄存器 POS_SET(1): 值=0, 起始地址=1476
2026-09-24 17:58:21,499 - RH56DFTP - INFO - 开始设置寄存器: POS_SET(2), 值: 0
2026-09-24 17:58:21,500 - RH56DFTP - INFO - 成功设置寄存器 POS_SET(2): 值=0, 起始地址=1478
2026-09-24 17:58:21,501 - RH56DFTP - INFO - 开始设置寄存器: POS_SET(3), 值: 0
2026-09-24 17:58:21,507 - RH56DFTP - INFO - 成功设置寄存器 POS_SET(3): 值=0, 起始地址=1480
2026-09-24 17:58:21,508 - RH56DFTP - INFO - 开始设置寄存器: POS_SET(4), 值: 0
2026-09-24 17:58:21,510 - RH56DFTP - INFO - 成功设置寄存器 POS_SET(4): 值=0, 起始地址=1482
2026-09-24 17:58:21,510 - RH56DFTP - INFO - 开始设置寄存器: POS_SET(5), 值: 0
2026-09-24 17:58:21,512 - RH56DFTP - INFO - 成功设置寄存器 POS_SET(5): 值=0, 起始地址=1484
2026-09-24 17:58:21,607 - RH56DFTP - INFO - 开始设置寄存器: POS_SET(0), 值: 1
2026-09-24 17:58:21,610 - RH56DFTP - INFO - 成功设置寄存器 POS_SET(0): 值=1, 起始地址=1474
2026-09-24 17:58:21,610 - RH56DFTP - INFO - 开始设置寄存器: POS_SET(1), 值: 0
2026-09-24 17:58:21,620 - RH56DFTP - INFO - 成功设置寄存器 POS_SET(1): 值=0, 起始地址=1476
2026-09-24 17:58:21,621 - RH56DFTP - INFO - 开始设置寄存器: POS_SET(2), 值: 0
2026-09-24 17:58:21,623 - RH56DFTP - INFO - 成功设置寄存器 POS_SET(2): 值=0, 起始地址=1478
2026-09-24 17:58:21,623 - RH56DFTP - INFO - 开始设置寄存器: POS_SET(3), 值: 0
2026-09-24 17:58:21,625 - RH56DFTP - INFO - 成功设置寄存器 POS_SET(3): 值=0, 起始地址=1480
2026-09-24 17:58:21,626 - RH56DFTP - INFO - 开始设置寄存器: POS_SET(4), 值: 0
2026-09-24 17:58:21,632 - RH56DFTP - INFO - 成功设置寄存器 POS_SET(4): 值=0, 起始地址=1482
2026-09-24 17:58:21,632 - RH56DFTP - INFO - 开始设置寄存器: POS_SET(5), 值: 0
2026-09-24 17:58:21,635 - RH56DFTP - INFO - 成功设置寄存器 POS_SET(5): 值=0, 起始地址=1484
2026-09-24 17:58:21,737 - RH56DFTP - INFO - 开始设置寄存器: POS_SET(0), 值: 1
2026-09-24 17:58:21,745 - RH56DFTP - INFO - 成功设置寄存器 POS_SET(0): 值=1, 起始地址=1474
2026-09-24 17:58:21,745 - RH56DFTP - INFO - 开始设置寄存器: POS_SET(1), 值: 0
2026-09-24 17:58:21,747 - RH56DFTP - INFO - 成功设置寄存器 POS_SET(1): 值=0, 起始地址=1476
2026-09-24 17:58:21,748 - RH56DFTP - INFO - 开始设置寄存器: POS_SET(2), 值: 0
2026-09-24 17:58:21,755 - RH56DFTP - INFO - 成功设置寄存器 POS_SET(2): 值=0, 起始地址=1478
2026-09-24 17:58:21,756 - RH56DFTP - INFO - 开始设置寄存器: POS_SET(3), 值: 0
2026-09-24 17:58:21,758 - RH56DFTP - INFO - 成功设置寄存器 POS_SET(3): 值=0, 起始地址=1480
2026-09-24 17:58:21,758 - RH56DFTP - INFO - 开始设置寄存器: POS_SET(4), 值: 0
2026-09-24 17:58:21,760 - RH56DFTP - INFO - 成功设置寄存器 POS_SET(4): 值=0, 起始地址=1482
2026-09-24 17:58:21,760 - RH56DFTP - INFO - 开始设置寄存器: POS_SET(5), 值: 0
2026-09-24 17:58:21,762 - RH56DFTP - INFO - 成功设置寄存器 POS_SET(5): 值=0, 起始地址=1484
2026-09-24 17:58:21,860 - RH56DFTP - INFO - 开始设置寄存器: POS_SET(0), 值: 1
2026-09-24 17:58:21,869 - RH56DFTP - INFO - 成功设置寄存器 POS_SET(0): 值=1, 起始地址=1474
2026-09-24 17:58:21,869 - RH56DFTP - INFO - 开始设置寄存器: POS_SET(1), 值: 0
2026-09-24 17:58:21,871 - RH56DFTP - INFO - 成功设置寄存器 POS_SET(1): 值=0, 起始地址=1476
2026-09-24 17:58:21,871 - RH56DFTP - INFO - 开始设置寄存器: POS_SET(2), 值: 0
2026-09-24 17:58:21,873 - RH56DFTP - INFO - 成功设置寄存器 POS_SET(2): 值=0, 起始地址=1478
2026-09-24 17:58:21,873 - RH56DFTP - INFO - 开始设置寄存器: POS_SET(3), 值: 0
2026-09-24 17:58:21,880 - RH56DFTP - INFO - 成功设置寄存器 POS_SET(3): 值=0, 起始地址=1480
2026-09-24 17:58:21,881 - RH56DFTP - INFO - 开始设置寄存器: POS_SET(4), 值: 0
2026-09-24 17:58:21,882 - RH56DFTP - INFO - 成功设置寄存器 POS_SET(4): 值=0, 起始地址=1482
2026-09-24 17:58:21,882 - RH56DFTP - INFO - 开始设置寄存器: POS_SET(5), 值: 0
2026-09-24 17:58:21,885 - RH56DFTP - INFO - 成功设置寄存器 POS_SET(5): 值=0, 起始地址=1484
2026-09-24 17:58:21,978 - RH56DFTP - INFO - 开始设置寄存器: POS_SET(0), 值: 1
2026-09-24 17:58:21,980 - RH56DFTP - INFO - 成功设置寄存器 POS_SET(0): 值=1, 起始地址=1474
2026-09-24 17:58:21,980 - RH56DFTP - INFO - 开始设置寄存器: POS_SET(1), 值: 0
2026-09-24 17:58:21,982 - RH56DFTP - INFO - 成功设置寄存器 POS_SET(1): 值=0, 起始地址=1476
2026-09-24 17:58:21,982 - RH56DFTP - INFO - 开始设置寄存器: POS_SET(2), 值: 0
2026-09-24 17:58:21,993 - RH56DFTP - INFO - 成功设置寄存器 POS_SET(2): 值=0, 起始地址=1478
2026-09-24 17:58:21,993 - RH56DFTP - INFO - 开始设置寄存器: POS_SET(3), 值: 0
2026-09-24 17:58:21,995 - RH56DFTP - INFO - 成功设置寄存器 POS_SET(3): 值=0, 起始地址=1480
2026-09-24 17:58:21,996 - RH56DFTP - INFO - 开始设置寄存器: POS_SET(4), 值: 0
2026-09-24 17:58:21,997 - RH56DFTP - INFO - 成功设置寄存器 POS_SET(4): 值=0, 起始地址=1482
2026-09-24 17:58:21,998 - RH56DFTP - INFO - 开始设置寄存器: POS_SET(5), 值: 0
2026-09-24 17:58:22,003 - RH56DFTP - INFO - 成功设置寄存器 POS_SET(5): 值=0, 起始地址=1484
2026-09-24 17:58:22,109 - RH56DFTP - INFO - 开始设置寄存器: POS_SET(0), 值: 1
2026-09-24 17:58:22,117 - RH56DFTP - INFO - 成功设置寄存器 POS_SET(0): 值=1, 起始地址=1474
2026-09-24 17:58:22,117 - RH56DFTP - INFO - 开始设置寄存器: POS_SET(1), 值: 0
2026-09-24 17:58:22,119 - RH56DFTP - INFO - 成功设置寄存器 POS_SET(1): 值=0, 起始地址=1476
2026-09-24 17:58:22,119 - RH56DFTP - INFO - 开始设置寄存器: POS_SET(2), 值: 0
2026-09-24 17:58:22,121 - RH56DFTP - INFO - 成功设置寄存器 POS_SET(2): 值=0, 起始地址=1478
2026-09-24 17:58:22,121 - RH56DFTP - INFO - 开始设置寄存器: POS_SET(3), 值: 0
2026-09-24 17:58:22,129 - RH56DFTP - INFO - 成功设置寄存器 POS_SET(3): 值=0, 起始地址=1480
2026-09-24 17:58:22,129 - RH56DFTP - INFO - 开始设置寄存器: POS_SET(4), 值: 0
2026-09-24 17:58:22,130 - RH56DFTP - INFO - 成功设置寄存器 POS_SET(4): 值=0, 起始地址=1482
2026-09-24 17:58:22,130 - RH56DFTP - INFO - 开始设置寄存器: POS_SET(5), 值: 0
2026-09-24 17:58:22,132 - RH56DFTP - INFO - 成功设置寄存器 POS_SET(5): 值=0, 起始地址=1484
2026-09-24 17:58:22,229 - RH56DFTP - INFO - 开始设置寄存器: POS_SET(0), 值: 1
2026-09-24 17:58:22,240 - RH56DFTP - INFO - 成功设置寄存器 POS_SET(0): 值=1, 起始地址=1474
2026-09-24 17:58:22,240 - RH56DFTP - INFO - 开始设置寄存器: POS_SET(1), 值: 0
2026-09-24 17:58:22,243 - RH56DFTP - INFO - 成功设置寄存器 POS_SET(1): 值=0, 起始地址=1476
2026-09-24 17:58:22,243 - RH56DFTP - INFO - 开始设置寄存器: POS_SET(2), 值: 0
2026-09-24 17:58:22,244 - RH56DFTP - INFO - 成功设置寄存器 POS_SET(2): 值=0, 起始地址=1478
2026-09-24 17:58:22,244 - RH56DFTP - INFO - 开始设置寄存器: POS_SET(3), 值: 0
2026-09-24 17:58:22,251 - RH56DFTP - INFO - 成功设置寄存器 POS_SET(3): 值=0, 起始地址=1480
2026-09-24 17:58:22,251 - RH56DFTP - INFO - 开始设置寄存器: POS_SET(4), 值: 0
2026-09-24 17:58:22,253 - RH56DFTP - INFO - 成功设置寄存器 POS_SET(4): 值=0, 起始地址=1482
2026-09-24 17:58:22,253 - RH56DFTP - INFO - 开始设置寄存器: POS_SET(5), 值: 0
2026-09-24 17:58:22,255 - RH56DFTP - INFO - 成功设置寄存器 POS_SET(5): 值=0, 起始地址=1484
2026-09-24 17:58:22,340 - RH56DFTP - INFO - 开始设置寄存器: POS_SET(0), 值: 1
2026-09-24 17:58:22,345 - RH56DFTP - INFO - 成功设置寄存器 POS_SET(0): 值=1, 起始地址=1474
2026-09-24 17:58:22,345 - RH56DFTP - INFO - 开始设置寄存器: POS_SET(1), 值: 0
2026-09-24 17:58:22,348 - RH56DFTP - INFO - 成功设置寄存器 POS_SET(1): 值=0, 起始地址=1476
2026-09-24 17:58:22,349 - RH56DFTP - INFO - 开始设置寄存器: POS_SET(2), 值: 0
2026-09-24 17:58:22,351 - RH56DFTP - INFO - 成功设置寄存器 POS_SET(2): 值=0, 起始地址=1478
2026-09-24 17:58:22,351 - RH56DFTP - INFO - 开始设置寄存器: POS_SET(3), 值: 0
2026-09-24 17:58:22,353 - RH56DFTP - INFO - 成功设置寄存器 POS_SET(3): 值=0, 起始地址=1480
2026-09-24 17:58:22,353 - RH56DFTP - INFO - 开始设置寄存器: POS_SET(4), 值: 0
2026-09-24 17:58:22,368 - RH56DFTP - INFO - 成功设置寄存器 POS_SET(4): 值=0, 起始地址=1482
2026-09-24 17:58:22,370 - RH56DFTP - INFO - 开始设置寄存器: POS_SET(5), 值: 0
2026-09-24 17:58:22,376 - RH56DFTP - INFO - 成功设置寄存器 POS_SET(5): 值=0, 起始地址=1484
2026-09-24 17:58:22,550 - RH56DFTP - INFO - 开始设置寄存器: POS_SET(0), 值: 1
2026-09-24 17:58:22,552 - RH56DFTP - INFO - 成功设置寄存器 POS_SET(0): 值=1, 起始地址=1474
2026-09-24 17:58:22,552 - RH56DFTP - INFO - 开始设置寄存器: POS_SET(1), 值: 0
2026-09-24 17:58:22,554 - RH56DFTP - INFO - 成功设置寄存器 POS_SET(1): 值=0, 起始地址=1476
2026-09-24 17:58:22,554 - RH56DFTP - INFO - 开始设置寄存器: POS_SET(2), 值: 0
2026-09-24 17:58:22,561 - RH56DFTP - INFO - 成功设置寄存器 POS_SET(2): 值=0, 起始地址=1478
2026-09-24 17:58:22,561 - RH56DFTP - INFO - 开始设置寄存器: POS_SET(3), 值: 0
2026-09-24 17:58:22,564 - RH56DFTP - INFO - 成功设置寄存器 POS_SET(3): 值=0, 起始地址=1480
2026-09-24 17:58:22,578 - RH56DFTP - INFO - 开始设置寄存器: POS_SET(4), 值: 0
2026-09-24 17:58:22,582 - RH56DFTP - INFO - 成功设置寄存器 POS_SET(4): 值=0, 起始地址=1482
2026-09-24 17:58:22,582 - RH56DFTP - INFO - 开始设置寄存器: POS_SET(5), 值: 0
2026-09-24 17:58:22,584 - RH56DFTP - INFO - 成功设置寄存器 POS_SET(5): 值=0, 起始地址=1484
2026-09-24 17:58:22,771 - RH56DFTP - INFO - 开始设置寄存器: POS_SET(0), 值: 1
2026-09-24 17:58:22,779 - RH56DFTP - INFO - 成功设置寄存器 POS_SET(0): 值=1, 起始地址=1474
2026-09-24 17:58:22,779 - RH56DFTP - INFO - 开始设置寄存器: POS_SET(1), 值: 0
2026-09-24 17:58:22,781 - RH56DFTP - INFO - 成功设置寄存器 POS_SET(1): 值=0, 起始地址=1476
2026-09-24 17:58:22,781 - RH56DFTP - INFO - 开始设置寄存器: POS_SET(2), 值: 0
2026-09-24 17:58:22,783 - RH56DFTP - INFO - 成功设置寄存器 POS_SET(2): 值=0, 起始地址=1478
2026-09-24 17:58:22,783 - RH56DFTP - INFO - 开始设置寄存器: POS_SET(3), 值: 0
2026-09-24 17:58:22,785 - RH56DFTP - INFO - 成功设置寄存器 POS_SET(3): 值=0, 起始地址=1480
2026-09-24 17:58:22,785 - RH56DFTP - INFO - 开始设置寄存器: POS_SET(4), 值: 0
2026-09-24 17:58:22,787 - RH56DFTP - INFO - 成功设置寄存器 POS_SET(4): 值=0, 起始地址=1482
2026-09-24 17:58:22,787 - RH56DFTP - INFO - 开始设置寄存器: POS_SET(5), 值: 0
2026-09-24 17:58:22,789 - RH56DFTP - INFO - 成功设置寄存器 POS_SET(5): 值=0, 起始地址=1484
2026-09-24 17:58:22,870 - RH56DFTP - INFO - 开始设置寄存器: POS_SET(0), 值: 1
2026-09-24 17:58:22,872 - RH56DFTP - INFO - 成功设置寄存器 POS_SET(0): 值=1, 起始地址=1474
2026-09-24 17:58:22,872 - RH56DFTP - INFO - 开始设置寄存器: POS_SET(1), 值: 0
2026-09-24 17:58:22,874 - RH56DFTP - INFO - 成功设置寄存器 POS_SET(1): 值=0, 起始地址=1476
2026-09-24 17:58:22,874 - RH56DFTP - INFO - 开始设置寄存器: POS_SET(2), 值: 0
2026-09-24 17:58:22,876 - RH56DFTP - INFO - 成功设置寄存器 POS_SET(2): 值=0, 起始地址=1478
2026-09-24 17:58:22,876 - RH56DFTP - INFO - 开始设置寄存器: POS_SET(3), 值: 0
2026-09-24 17:58:22,878 - RH56DFTP - INFO - 成功设置寄存器 POS_SET(3): 值=0, 起始地址=1480
2026-09-24 17:58:22,878 - RH56DFTP - INFO - 开始设置寄存器: POS_SET(4), 值: 0
2026-09-24 17:58:22,880 - RH56DFTP - INFO - 成功设置寄存器 POS_SET(4): 值=0, 起始地址=1482
2026-09-24 17:58:22,880 - RH56DFTP - INFO - 开始设置寄存器: POS_SET(5), 值: 0
2026-09-24 17:58:22,882 - RH56DFTP - INFO - 成功设置寄存器 POS_SET(5): 值=0, 起始地址=1484
2026-09-24 17:58:22,997 - RH56DFTP - INFO - 开始设置寄存器: POS_SET(0), 值: 1
2026-09-24 17:58:23,000 - RH56DFTP - INFO - 成功设置寄存器 POS_SET(0): 值=1, 起始地址=1474
2026-09-24 17:58:23,000 - RH56DFTP - INFO - 开始设置寄存器: POS_SET(1), 值: 0
2026-09-24 17:58:23,002 - RH56DFTP - INFO - 成功设置寄存器 POS_SET(1): 值=0, 起始地址=1476
2026-09-24 17:58:23,003 - RH56DFTP - INFO - 开始设置寄存器: POS_SET(2), 值: 0
2026-09-24 17:58:23,005 - RH56DFTP - INFO - 成功设置寄存器 POS_SET(2): 值=0, 起始地址=1478
2026-09-24 17:58:23,005 - RH56DFTP - INFO - 开始设置寄存器: POS_SET(3), 值: 0
2026-09-24 17:58:23,016 - RH56DFTP - INFO - 成功设置寄存器 POS_SET(3): 值=0, 起始地址=1480
2026-09-24 17:58:23,016 - RH56DFTP - INFO - 开始设置寄存器: POS_SET(4), 值: 0
2026-09-24 17:58:23,018 - RH56DFTP - INFO - 成功设置寄存器 POS_SET(4): 值=0, 起始地址=1482
2026-09-24 17:58:23,018 - RH56DFTP - INFO - 开始设置寄存器: POS_SET(5), 值: 0
2026-09-24 17:58:23,020 - RH56DFTP - INFO - 成功设置寄存器 POS_SET(5): 值=0, 起始地址=1484
2026-09-24 17:58:23,129 - RH56DFTP - INFO - 开始设置寄存器: POS_SET(0), 值: 1
2026-09-24 17:58:23,139 - RH56DFTP - INFO - 成功设置寄存器 POS_SET(0): 值=1, 起始地址=1474
2026-09-24 17:58:23,140 - RH56DFTP - INFO - 开始设置寄存器: POS_SET(1), 值: 0
2026-09-24 17:58:23,141 - RH56DFTP - INFO - 成功设置寄存器 POS_SET(1): 值=0, 起始地址=1476
2026-09-24 17:58:23,141 - RH56DFTP - INFO - 开始设置寄存器: POS_SET(2), 值: 0
2026-09-24 17:58:23,143 - RH56DFTP - INFO - 成功设置寄存器 POS_SET(2): 值=0, 起始地址=1478
2026-09-24 17:58:23,143 - RH56DFTP - INFO - 开始设置寄存器: POS_SET(3), 值: 0
2026-09-24 17:58:23,152 - RH56DFTP - INFO - 成功设置寄存器 POS_SET(3): 值=0, 起始地址=1480
2026-09-24 17:58:23,152 - RH56DFTP - INFO - 开始设置寄存器: POS_SET(4), 值: 0
2026-09-24 17:58:23,154 - RH56DFTP - INFO - 成功设置寄存器 POS_SET(4): 值=0, 起始地址=1482
2026-09-24 17:58:23,154 - RH56DFTP - INFO - 开始设置寄存器: POS_SET(5), 值: 0
2026-09-24 17:58:23,155 - RH56DFTP - INFO - 成功设置寄存器 POS_SET(5): 值=0, 起始地址=1484
2026-09-24 17:58:23,263 - RH56DFTP - INFO - 开始设置寄存器: POS_SET(0), 值: 1
2026-09-24 17:58:23,266 - RH56DFTP - INFO - 成功设置寄存器 POS_SET(0): 值=1, 起始地址=1474
2026-09-24 17:58:23,267 - RH56DFTP - INFO - 开始设置寄存器: POS_SET(1), 值: 0
2026-09-24 17:58:23,275 - RH56DFTP - INFO - 成功设置寄存器 POS_SET(1): 值=0, 起始地址=1476
2026-09-24 17:58:23,276 - RH56DFTP - INFO - 开始设置寄存器: POS_SET(2), 值: 0
2026-09-24 17:58:23,278 - RH56DFTP - INFO - 成功设置寄存器 POS_SET(2): 值=0, 起始地址=1478
2026-09-24 17:58:23,278 - RH56DFTP - INFO - 开始设置寄存器: POS_SET(3), 值: 0
2026-09-24 17:58:23,280 - RH56DFTP - INFO - 成功设置寄存器 POS_SET(3): 值=0, 起始地址=1480
2026-09-24 17:58:23,280 - RH56DFTP - INFO - 开始设置寄存器: POS_SET(4), 值: 0
2026-09-24 17:58:23,282 - RH56DFTP - INFO - 成功设置寄存器 POS_SET(4): 值=0, 起始地址=1482
2026-09-24 17:58:23,282 - RH56DFTP - INFO - 开始设置寄存器: POS_SET(5), 值: 0
2026-09-24 17:58:23,284 - RH56DFTP - INFO - 成功设置寄存器 POS_SET(5): 值=0, 起始地址=1484
2026-09-24 17:58:23,382 - RH56DFTP - INFO - 开始设置寄存器: POS_SET(0), 值: 1
2026-09-24 17:58:23,388 - RH56DFTP - INFO - 成功设置寄存器 POS_SET(0): 值=1, 起始地址=1474
2026-09-24 17:58:23,389 - RH56DFTP - INFO - 开始设置寄存器: POS_SET(1), 值: 0
2026-09-24 17:58:23,398 - RH56DFTP - INFO - 成功设置寄存器 POS_SET(1): 值=0, 起始地址=1476
2026-09-24 17:58:23,398 - RH56DFTP - INFO - 开始设置寄存器: POS_SET(2), 值: 0
2026-09-24 17:58:23,401 - RH56DFTP - INFO - 成功设置寄存器 POS_SET(2): 值=0, 起始地址=1478
2026-09-24 17:58:23,401 - RH56DFTP - INFO - 开始设置寄存器: POS_SET(3), 值: 0
2026-09-24 17:58:23,402 - RH56DFTP - INFO - 成功设置寄存器 POS_SET(3): 值=0, 起始地址=1480
2026-09-24 17:58:23,403 - RH56DFTP - INFO - 开始设置寄存器: POS_SET(4), 值: 0
2026-09-24 17:58:23,404 - RH56DFTP - INFO - 成功设置寄存器 POS_SET(4): 值=0, 起始地址=1482
2026-09-24 17:58:23,404 - RH56DFTP - INFO - 开始设置寄存器: POS_SET(5), 值: 0
2026-09-24 17:58:23,406 - RH56DFTP - INFO - 成功设置寄存器 POS_SET(5): 值=0, 起始地址=1484
2026-09-24 17:58:23,496 - RH56DFTP - INFO - 开始设置寄存器: POS_SET(0), 值: 1
2026-09-24 17:58:23,498 - RH56DFTP - INFO - 成功设置寄存器 POS_SET(0): 值=1, 起始地址=1474
2026-09-24 17:58:23,498 - RH56DFTP - INFO - 开始设置寄存器: POS_SET(1), 值: 0
2026-09-24 17:58:23,500 - RH56DFTP - INFO - 成功设置寄存器 POS_SET(1): 值=0, 起始地址=1476
2026-09-24 17:58:23,500 - RH56DFTP - INFO - 开始设置寄存器: POS_SET(2), 值: 0
2026-09-24 17:58:23,511 - RH56DFTP - INFO - 成功设置寄存器 POS_SET(2): 值=0, 起始地址=1478
2026-09-24 17:58:23,512 - RH56DFTP - INFO - 开始设置寄存器: POS_SET(3), 值: 0
2026-09-24 17:58:23,513 - RH56DFTP - INFO - 成功设置寄存器 POS_SET(3): 值=0, 起始地址=1480
2026-09-24 17:58:23,514 - RH56DFTP - INFO - 开始设置寄存器: POS_SET(4), 值: 0
2026-09-24 17:58:23,516 - RH56DFTP - INFO - 成功设置寄存器 POS_SET(4): 值=0, 起始地址=1482
2026-09-24 17:58:23,516 - RH56DFTP - INFO - 开始设置寄存器: POS_SET(5), 值: 0
2026-09-24 17:58:23,522 - RH56DFTP - INFO - 成功设置寄存器 POS_SET(5): 值=0, 起始地址=1484
2026-09-24 17:58:23,618 - RH56DFTP - INFO - 开始设置寄存器: POS_SET(0), 值: 1
2026-09-24 17:58:23,620 - RH56DFTP - INFO - 成功设置寄存器 POS_SET(0): 值=1, 起始地址=1474
2026-09-24 17:58:23,620 - RH56DFTP - INFO - 开始设置寄存器: POS_SET(1), 值: 0
2026-09-24 17:58:23,622 - RH56DFTP - INFO - 成功设置寄存器 POS_SET(1): 值=0, 起始地址=1476
2026-09-24 17:58:23,622 - RH56DFTP - INFO - 开始设置寄存器: POS_SET(2), 值: 0
2026-09-24 17:58:23,624 - RH56DFTP - INFO - 成功设置寄存器 POS_SET(2): 值=0, 起始地址=1478
2026-09-24 17:58:23,624 - RH56DFTP - INFO - 开始设置寄存器: POS_SET(3), 值: 0
2026-09-24 17:58:23,635 - RH56DFTP - INFO - 成功设置寄存器 POS_SET(3): 值=0, 起始地址=1480
2026-09-24 17:58:23,635 - RH56DFTP - INFO - 开始设置寄存器: POS_SET(4), 值: 0
2026-09-24 17:58:23,637 - RH56DFTP - INFO - 成功设置寄存器 POS_SET(4): 值=0, 起始地址=1482
2026-09-24 17:58:23,637 - RH56DFTP - INFO - 开始设置寄存器: POS_SET(5), 值: 0
2026-09-24 17:58:23,639 - RH56DFTP - INFO - 成功设置寄存器 POS_SET(5): 值=0, 起始地址=1484
2026-09-24 17:58:23,740 - RH56DFTP - INFO - 开始设置寄存器: POS_SET(0), 值: 1
2026-09-24 17:58:23,743 - RH56DFTP - INFO - 成功设置寄存器 POS_SET(0): 值=1, 起始地址=1474
2026-09-24 17:58:23,743 - RH56DFTP - INFO - 开始设置寄存器: POS_SET(1), 值: 0
2026-09-24 17:58:23,744 - RH56DFTP - INFO - 成功设置寄存器 POS_SET(1): 值=0, 起始地址=1476
2026-09-24 17:58:23,745 - RH56DFTP - INFO - 开始设置寄存器: POS_SET(2), 值: 0
2026-09-24 17:58:23,746 - RH56DFTP - INFO - 成功设置寄存器 POS_SET(2): 值=0, 起始地址=1478
2026-09-24 17:58:23,747 - RH56DFTP - INFO - 开始设置寄存器: POS_SET(3), 值: 0
2026-09-24 17:58:23,749 - RH56DFTP - INFO - 成功设置寄存器 POS_SET(3): 值=0, 起始地址=1480
2026-09-24 17:58:23,749 - RH56DFTP - INFO - 开始设置寄存器: POS_SET(4), 值: 0
2026-09-24 17:58:23,760 - RH56DFTP - INFO - 成功设置寄存器 POS_SET(4): 值=0, 起始地址=1482
2026-09-24 17:58:23,760 - RH56DFTP - INFO - 开始设置寄存器: POS_SET(5), 值: 0
2026-09-24 17:58:23,762 - RH56DFTP - INFO - 成功设置寄存器 POS_SET(5): 值=0, 起始地址=1484
2026-09-24 17:58:23,853 - RH56DFTP - INFO - 开始设置寄存器: POS_SET(0), 值: 1
2026-09-24 17:58:23,855 - RH56DFTP - INFO - 成功设置寄存器 POS_SET(0): 值=1, 起始地址=1474
2026-09-24 17:58:23,855 - RH56DFTP - INFO - 开始设置寄存器: POS_SET(1), 值: 0
2026-09-24 17:58:23,856 - RH56DFTP - INFO - 成功设置寄存器 POS_SET(1): 值=0, 起始地址=1476
2026-09-24 17:58:23,856 - RH56DFTP - INFO - 开始设置寄存器: POS_SET(2), 值: 0
2026-09-24 17:58:23,863 - RH56DFTP - INFO - 成功设置寄存器 POS_SET(2): 值=0, 起始地址=1478
2026-09-24 17:58:23,863 - RH56DFTP - INFO - 开始设置寄存器: POS_SET(3), 值: 0
2026-09-24 17:58:23,865 - RH56DFTP - INFO - 成功设置寄存器 POS_SET(3): 值=0, 起始地址=1480
2026-09-24 17:58:23,865 - RH56DFTP - INFO - 开始设置寄存器: POS_SET(4), 值: 0
2026-09-24 17:58:23,867 - RH56DFTP - INFO - 成功设置寄存器 POS_SET(4): 值=0, 起始地址=1482
2026-09-24 17:58:23,868 - RH56DFTP - INFO - 开始设置寄存器: POS_SET(5), 值: 0
2026-09-24 17:58:23,870 - RH56DFTP - INFO - 成功设置寄存器 POS_SET(5): 值=0, 起始地址=1484
2026-09-24 17:58:23,961 - RH56DFTP - INFO - 开始设置寄存器: POS_SET(0), 值: 1
2026-09-24 17:58:23,964 - RH56DFTP - INFO - 成功设置寄存器 POS_SET(0): 值=1, 起始地址=1474
2026-09-24 17:58:23,964 - RH56DFTP - INFO - 开始设置寄存器: POS_SET(1), 值: 0
2026-09-24 17:58:23,966 - RH56DFTP - INFO - 成功设置寄存器 POS_SET(1): 值=0, 起始地址=1476
2026-09-24 17:58:23,967 - RH56DFTP - INFO - 开始设置寄存器: POS_SET(2), 值: 0
2026-09-24 17:58:23,977 - RH56DFTP - INFO - 成功设置寄存器 POS_SET(2): 值=0, 起始地址=1478
2026-09-24 17:58:23,977 - RH56DFTP - INFO - 开始设置寄存器: POS_SET(3), 值: 0
2026-09-24 17:58:23,979 - RH56DFTP - INFO - 成功设置寄存器 POS_SET(3): 值=0, 起始地址=1480
2026-09-24 17:58:23,979 - RH56DFTP - INFO - 开始设置寄存器: POS_SET(4), 值: 0
2026-09-24 17:58:23,981 - RH56DFTP - INFO - 成功设置寄存器 POS_SET(4): 值=0, 起始地址=1482
2026-09-24 17:58:23,981 - RH56DFTP - INFO - 开始设置寄存器: POS_SET(5), 值: 0
2026-09-24 17:58:23,988 - RH56DFTP - INFO - 成功设置寄存器 POS_SET(5): 值=0, 起始地址=1484
2026-09-24 17:58:24,074 - RH56DFTP - INFO - 开始设置寄存器: POS_SET(0), 值: 1
2026-09-24 17:58:24,082 - RH56DFTP - INFO - 成功设置寄存器 POS_SET(0): 值=1, 起始地址=1474
2026-09-24 17:58:24,082 - RH56DFTP - INFO - 开始设置寄存器: POS_SET(1), 值: 0
2026-09-24 17:58:24,084 - RH56DFTP - INFO - 成功设置寄存器 POS_SET(1): 值=0, 起始地址=1476
2026-09-24 17:58:24,084 - RH56DFTP - INFO - 开始设置寄存器: POS_SET(2), 值: 0
2026-09-24 17:58:24,086 - RH56DFTP - INFO - 成功设置寄存器 POS_SET(2): 值=0, 起始地址=1478
2026-09-24 17:58:24,086 - RH56DFTP - INFO - 开始设置寄存器: POS_SET(3), 值: 0
2026-09-24 17:58:24,090 - RH56DFTP - INFO - 成功设置寄存器 POS_SET(3): 值=0, 起始地址=1480
2026-09-24 17:58:24,091 - RH56DFTP - INFO - 开始设置寄存器: POS_SET(4), 值: 0
2026-09-24 17:58:24,103 - RH56DFTP - INFO - 成功设置寄存器 POS_SET(4): 值=0, 起始地址=1482
2026-09-24 17:58:24,104 - RH56DFTP - INFO - 开始设置寄存器: POS_SET(5), 值: 0
2026-09-24 17:58:24,105 - RH56DFTP - INFO - 成功设置寄存器 POS_SET(5): 值=0, 起始地址=1484
2026-09-24 17:58:24,203 - RH56DFTP - INFO - 开始设置寄存器: POS_SET(0), 值: 1
2026-09-24 17:58:24,205 - RH56DFTP - INFO - 成功设置寄存器 POS_SET(0): 值=1, 起始地址=1474
2026-09-24 17:58:24,205 - RH56DFTP - INFO - 开始设置寄存器: POS_SET(1), 值: 0
2026-09-24 17:58:24,207 - RH56DFTP - INFO - 成功设置寄存器 POS_SET(1): 值=0, 起始地址=1476
2026-09-24 17:58:24,208 - RH56DFTP - INFO - 开始设置寄存器: POS_SET(2), 值: 0
2026-09-24 17:58:24,210 - RH56DFTP - INFO - 成功设置寄存器 POS_SET(2): 值=0, 起始地址=1478
2026-09-24 17:58:24,210 - RH56DFTP - INFO - 开始设置寄存器: POS_SET(3), 值: 0
2026-09-24 17:58:24,212 - RH56DFTP - INFO - 成功设置寄存器 POS_SET(3): 值=0, 起始地址=1480
2026-09-24 17:58:24,212 - RH56DFTP - INFO - 开始设置寄存器: POS_SET(4), 值: 0
2026-09-24 17:58:24,214 - RH56DFTP - INFO - 成功设置寄存器 POS_SET(4): 值=0, 起始地址=1482
2026-09-24 17:58:24,214 - RH56DFTP - INFO - 开始设置寄存器: POS_SET(5), 值: 0
2026-09-24 17:58:24,225 - RH56DFTP - INFO - 成功设置寄存器 POS_SET(5): 值=0, 起始地址=1484
2026-09-24 17:58:24,329 - RH56DFTP - INFO - 开始设置寄存器: POS_SET(0), 值: 1
2026-09-24 17:58:24,332 - RH56DFTP - INFO - 成功设置寄存器 POS_SET(0): 值=1, 起始地址=1474
2026-09-24 17:58:24,332 - RH56DFTP - INFO - 开始设置寄存器: POS_SET(1), 值: 0
2026-09-24 17:58:24,333 - RH56DFTP - INFO - 成功设置寄存器 POS_SET(1): 值=0, 起始地址=1476
2026-09-24 17:58:24,333 - RH56DFTP - INFO - 开始设置寄存器: POS_SET(2), 值: 0
2026-09-24 17:58:24,335 - RH56DFTP - INFO - 成功设置寄存器 POS_SET(2): 值=0, 起始地址=1478
2026-09-24 17:58:24,335 - RH56DFTP - INFO - 开始设置寄存器: POS_SET(3), 值: 0
2026-09-24 17:58:24,337 - RH56DFTP - INFO - 成功设置寄存器 POS_SET(3): 值=0, 起始地址=1480
2026-09-24 17:58:24,337 - RH56DFTP - INFO - 开始设置寄存器: POS_SET(4), 值: 0
2026-09-24 17:58:24,348 - RH56DFTP - INFO - 成功设置寄存器 POS_SET(4): 值=0, 起始地址=1482
2026-09-24 17:58:24,348 - RH56DFTP - INFO - 开始设置寄存器: POS_SET(5), 值: 0
2026-09-24 17:58:24,350 - RH56DFTP - INFO - 成功设置寄存器 POS_SET(5): 值=0, 起始地址=1484
2026-09-24 17:58:24,440 - RH56DFTP - INFO - 开始设置寄存器: POS_SET(0), 值: 1
2026-09-24 17:58:24,443 - RH56DFTP - INFO - 成功设置寄存器 POS_SET(0): 值=1, 起始地址=1474
2026-09-24 17:58:24,443 - RH56DFTP - INFO - 开始设置寄存器: POS_SET(1), 值: 0
2026-09-24 17:58:24,445 - RH56DFTP - INFO - 成功设置寄存器 POS_SET(1): 值=0, 起始地址=1476
2026-09-24 17:58:24,445 - RH56DFTP - INFO - 开始设置寄存器: POS_SET(2), 值: 0
2026-09-24 17:58:24,446 - RH56DFTP - INFO - 成功设置寄存器 POS_SET(2): 值=0, 起始地址=1478
2026-09-24 17:58:24,448 - RH56DFTP - INFO - 开始设置寄存器: POS_SET(3), 值: 0
2026-09-24 17:58:24,453 - RH56DFTP - INFO - 成功设置寄存器 POS_SET(3): 值=0, 起始地址=1480
2026-09-24 17:58:24,453 - RH56DFTP - INFO - 开始设置寄存器: POS_SET(4), 值: 0
2026-09-24 17:58:24,455 - RH56DFTP - INFO - 成功设置寄存器 POS_SET(4): 值=0, 起始地址=1482
2026-09-24 17:58:24,455 - RH56DFTP - INFO - 开始设置寄存器: POS_SET(5), 值: 0
2026-09-24 17:58:24,457 - RH56DFTP - INFO - 成功设置寄存器 POS_SET(5): 值=0, 起始地址=1484
2026-09-24 17:58:24,562 - RH56DFTP - INFO - 开始设置寄存器: POS_SET(0), 值: 1
2026-09-24 17:58:24,566 - RH56DFTP - INFO - 成功设置寄存器 POS_SET(0): 值=1, 起始地址=1474
2026-09-24 17:58:24,566 - RH56DFTP - INFO - 开始设置寄存器: POS_SET(1), 值: 0
2026-09-24 17:58:24,570 - RH56DFTP - INFO - 成功设置寄存器 POS_SET(1): 值=0, 起始地址=1476
2026-09-24 17:58:24,570 - RH56DFTP - INFO - 开始设置寄存器: POS_SET(2), 值: 0
2026-09-24 17:58:24,577 - RH56DFTP - INFO - 成功设置寄存器 POS_SET(2): 值=0, 起始地址=1478
2026-09-24 17:58:24,577 - RH56DFTP - INFO - 开始设置寄存器: POS_SET(3), 值: 0
2026-09-24 17:58:24,579 - RH56DFTP - INFO - 成功设置寄存器 POS_SET(3): 值=0, 起始地址=1480
2026-09-24 17:58:24,579 - RH56DFTP - INFO - 开始设置寄存器: POS_SET(4), 值: 0
2026-09-24 17:58:24,580 - RH56DFTP - INFO - 成功设置寄存器 POS_SET(4): 值=0, 起始地址=1482
2026-09-24 17:58:24,581 - RH56DFTP - INFO - 开始设置寄存器: POS_SET(5), 值: 0
2026-09-24 17:58:24,582 - RH56DFTP - INFO - 成功设置寄存器 POS_SET(5): 值=0, 起始地址=1484
2026-09-24 17:58:24,673 - RH56DFTP - INFO - 开始设置寄存器: POS_SET(0), 值: 1
2026-09-24 17:58:24,676 - RH56DFTP - INFO - 成功设置寄存器 POS_SET(0): 值=1, 起始地址=1474
2026-09-24 17:58:24,676 - RH56DFTP - INFO - 开始设置寄存器: POS_SET(1), 值: 0
2026-09-24 17:58:24,677 - RH56DFTP - INFO - 成功设置寄存器 POS_SET(1): 值=0, 起始地址=1476
2026-09-24 17:58:24,678 - RH56DFTP - INFO - 开始设置寄存器: POS_SET(2), 值: 0
2026-09-24 17:58:24,679 - RH56DFTP - INFO - 成功设置寄存器 POS_SET(2): 值=0, 起始地址=1478
2026-09-24 17:58:24,679 - RH56DFTP - INFO - 开始设置寄存器: POS_SET(3), 值: 0
2026-09-24 17:58:24,690 - RH56DFTP - INFO - 成功设置寄存器 POS_SET(3): 值=0, 起始地址=1480
2026-09-24 17:58:24,690 - RH56DFTP - INFO - 开始设置寄存器: POS_SET(4), 值: 0
2026-09-24 17:58:24,691 - RH56DFTP - INFO - 成功设置寄存器 POS_SET(4): 值=0, 起始地址=1482
2026-09-24 17:58:24,692 - RH56DFTP - INFO - 开始设置寄存器: POS_SET(5), 值: 0
2026-09-24 17:58:24,694 - RH56DFTP - INFO - 成功设置寄存器 POS_SET(5): 值=0, 起始地址=1484
2026-09-24 17:59:58,922 - RH56DFTP - INFO - 正在初始化连接到设备: 192.168.123.210:6000
2026-09-24 17:59:58,923 - RH56DFTP - INFO - 成功连接到 192.168.123.210:6000
2026-09-24 17:59:58,924 - RH56DFTP - INFO - 已加载 71 个寄存器，动态注入了 71 个方法
